DeliveryID,PurchaseID,DrugID,SupplierID,OrderDate,DeliveryDate,LeadTimeDays,OrderedQuantity,ReceivedQuantity,OnTime,DataSource,DataStatus,NotOperationalEvidence
DEL0000001,P0000001,D0048,S006,2023-01-16,2023-01-27,11,414,414,TRUE,SIMULATED_REEM_V2,DEVELOPMENT,TRUE
DEL0000002,P0000002,D0016,S009,2023-01-17,2023-01-20,3,389,389,TRUE,SIMULATED_REEM_V2,DEVELOPMENT,TRUE
DEL0000003,P0000003,D0018,S007,2023-01-20,2023-01-22,2,426,426,TRUE,SIMULATED_REEM_V2,DEVELOPMENT,TRUE
DEL0000004,P0000004,D0042,S003,2023-01-22,2023-01-29,7,455,455,TRUE,SIMULATED_REEM_V2,DEVELOPMENT,TRUE
DEL0000005,P0000005,D0027,S001,2023-01-24,2023-01-27,3,449,449,TRUE,SIMULATED_REEM_V2,DEVELOPMENT,TRUE
DEL0000006,P0000006,D0006,S002,2023-01-29,2023-02-06,8,108,108,TRUE,SIMULATED_REEM_V2,DEVELOPMENT,TRUE
DEL0000007,P0000007,D0021,S001,2023-02-01,2023-02-16,15,426,426,TRUE,SIMULATED_REEM_V2,DEVELOPMENT,TRUE
DEL0000008,P0000008,D0043,S008,2023-02-01,2023-02-03,2,455,455,TRUE,SIMULATED_REEM_V2,DEVELOPMENT,TRUE
DEL0000009,P0000009,D0003,S001,2023-02-02,2023-02-13,11,137,120,TRUE,SIMULATED_REEM_V2,DEVELOPMENT,TRUE
DEL0000010,P0000010,D0001,S005,2023-02-03,2023-02-09,6,400,400,TRUE,SIMULATED_REEM_V2,DEVELOPMENT,TRUE
DEL0000011,P0000011,D0011,S006,2023-02-06,2023-02-24,18,279,279,TRUE,SIMULATED_REEM_V2,DEVELOPMENT,TRUE
DEL0000012,P0000012,D0007,S010,2023-02-07,2023-02-18,11,162,162,TRUE,SIMULATED_REEM_V2,DEVELOPMENT,TRUE
DEL0000013,P0000013,D0009,S001,2023-02-10,2023-02-23,13,319,319,TRUE,SIMULATED_REEM_V2,DEVELOPMENT,TRUE
DEL0000014,P0000014,D0046,S004,2023-02-20,2023-02-28,8,218,218,TRUE,SIMULATED_REEM_V2,DEVELOPMENT,TRUE
DEL0000015,P0000015,D0005,S010,2023-02-21,2023-03-03,10,318,290,TRUE,SIMULATED_REEM_V2,DEVELOPMENT,TRUE
DEL0000016,P0000016,D0035,S007,2023-02-22,2023-02-26,4,296,296,TRUE,SIMULATED_REEM_V2,DEVELOPMENT,TRUE
DEL0000017,P0000017,D0022,S010,2023-02-27,2023-03-09,10,50,50,TRUE,SIMULATED_REEM_V2,DEVELOPMENT,TRUE
DEL0000018,P0000018,D0029,S003,2023-03-01,2023-03-09,8,257,257,TRUE,SIMULATED_REEM_V2,DEVELOPMENT,TRUE
DEL0000019,P0000019,D0048,S005,2023-03-08,2023-03-13,5,414,355,TRUE,SIMULATED_REEM_V2,DEVELOPMENT,TRUE
DEL0000020,P0000020,D0016,S006,2023-03-11,2023-03-18,7,389,389,TRUE,SIMULATED_REEM_V2,DEVELOPMENT,TRUE
DEL0000021,P0000021,D0006,S001,2023-03-12,2023-03-21,9,108,108,TRUE,SIMULATED_REEM_V2,DEVELOPMENT,TRUE
DEL0000022,P0000022,D0018,S005,2023-03-12,2023-03-14,2,426,387,TRUE,SIMULATED_REEM_V2,DEVELOPMENT,TRUE
DEL0000023,P0000023,D0042,S004,2023-03-13,2023-03-22,9,455,455,TRUE,SIMULATED_REEM_V2,DEVELOPMENT,TRUE
DEL0000024,P0000024,D0003,S002,2023-03-15,2023-03-28,13,137,137,TRUE,SIMULATED_REEM_V2,DEVELOPMENT,TRUE
DEL0000025,P0000025,D0027,S004,2023-03-20,2023-04-02,13,449,449,TRUE,SIMULATED_REEM_V2,DEVELOPMENT,TRUE
DEL0000026,P0000026,D0031,S006,2023-03-20,2023-03-24,4,50,41,TRUE,SIMULATED_REEM_V2,DEVELOPMENT,TRUE
DEL0000027,P0000027,D0021,S008,2023-03-21,2023-03-23,2,426,426,TRUE,SIMULATED_REEM_V2,DEVELOPMENT,TRUE
DEL0000028,P0000028,D0049,S005,2023-03-21,2023-03-23,2,88,88,TRUE,SIMULATED_REEM_V2,DEVELOPMENT,TRUE
DEL0000029,P0000029,D0001,S008,2023-03-23,2023-03-25,2,400,400,TRUE,SIMULATED_REEM_V2,DEVELOPMENT,TRUE
DEL0000030,P0000030,D0009,S008,2023-03-25,2023-03-28,3,319,319,TRUE,SIMULATED_REEM_V2,DEVELOPMENT,TRUE
DEL0000031,P0000031,D0043,S004,2023-03-28,2023-04-08,11,455,455,TRUE,SIMULATED_REEM_V2,DEVELOPMENT,TRUE
DEL0000032,P0000032,D0007,S010,2023-03-29,2023-04-09,11,162,162,TRUE,SIMULATED_REEM_V2,DEVELOPMENT,TRUE
DEL0000033,P0000033,D0011,S006,2023-03-31,2023-04-14,14,279,279,TRUE,SIMULATED_REEM_V2,DEVELOPMENT,TRUE
DEL0000034,P0000034,D0032,S005,2023-04-06,2023-04-10,4,178,178,TRUE,SIMULATED_REEM_V2,DEVELOPMENT,TRUE
DEL0000035,P0000035,D0005,S008,2023-04-08,2023-04-16,8,318,286,TRUE,SIMULATED_REEM_V2,DEVELOPMENT,TRUE
DEL0000036,P0000036,D0035,S002,2023-04-10,2023-04-19,9,296,296,TRUE,SIMULATED_REEM_V2,DEVELOPMENT,TRUE
DEL0000037,P0000037,D0046,S004,2023-04-11,2023-04-23,12,218,202,TRUE,SIMULATED_REEM_V2,DEVELOPMENT,TRUE
DEL0000038,P0000038,D0050,S006,2023-04-13,2023-05-04,21,187,187,TRUE,SIMULATED_REEM_V2,DEVELOPMENT,TRUE
DEL0000039,P0000039,D0033,S010,2023-04-17,2023-04-28,11,50,50,TRUE,SIMULATED_REEM_V2,DEVELOPMENT,TRUE
DEL0000040,P0000040,D0048,S003,2023-04-17,2023-04-21,4,414,356,TRUE,SIMULATED_REEM_V2,DEVELOPMENT,TRUE
DEL0000041,P0000041,D0029,S001,2023-04-23,2023-05-04,11,257,257,TRUE,SIMULATED_REEM_V2,DEVELOPMENT,TRUE
DEL0000042,P0000042,D0018,S006,2023-04-24,2023-05-05,11,426,426,TRUE,SIMULATED_REEM_V2,DEVELOPMENT,TRUE
DEL0000043,P0000043,D0006,S001,2023-04-25,2023-05-07,12,108,108,TRUE,SIMULATED_REEM_V2,DEVELOPMENT,TRUE
DEL0000044,P0000044,D0016,S004,2023-04-26,2023-05-07,11,389,389,TRUE,SIMULATED_REEM_V2,DEVELOPMENT,TRUE
DEL0000045,P0000045,D0042,S005,2023-04-30,2023-05-16,16,455,455,TRUE,SIMULATED_REEM_V2,DEVELOPMENT,TRUE
DEL0000046,P0000046,D0003,S003,2023-05-01,2023-05-07,6,137,137,TRUE,SIMULATED_REEM_V2,DEVELOPMENT,TRUE
DEL0000047,P0000047,D0021,S006,2023-05-05,2023-05-12,7,426,426,TRUE,SIMULATED_REEM_V2,DEVELOPMENT,TRUE
DEL0000048,P0000048,D0027,S006,2023-05-05,2023-05-26,21,449,449,TRUE,SIMULATED_REEM_V2,DEVELOPMENT,TRUE
DEL0000049,P0000049,D0049,S005,2023-05-06,2023-05-10,4,88,88,TRUE,SIMULATED_REEM_V2,DEVELOPMENT,TRUE
DEL0000050,P0000050,D0001,S004,2023-05-07,2023-05-18,11,400,400,TRUE,SIMULATED_REEM_V2,DEVELOPMENT,TRUE
DEL0000051,P0000051,D0022,S008,2023-05-09,2023-05-19,10,50,50,TRUE,SIMULATED_REEM_V2,DEVELOPMENT,TRUE
DEL0000052,P0000052,D0038,S002,2023-05-09,2023-05-19,10,155,155,TRUE,SIMULATED_REEM_V2,DEVELOPMENT,TRUE
DEL0000053,P0000053,D0037,S008,2023-05-11,2023-05-15,4,52,52,TRUE,SIMULATED_REEM_V2,DEVELOPMENT,TRUE
DEL0000054,P0000054,D0009,S007,2023-05-12,2023-05-14,2,319,319,TRUE,SIMULATED_REEM_V2,DEVELOPMENT,TRUE
DEL0000055,P0000055,D0043,S003,2023-05-16,2023-05-21,5,455,455,TRUE,SIMULATED_REEM_V2,DEVELOPMENT,TRUE
DEL0000056,P0000056,D0007,S004,2023-05-18,2023-05-28,10,162,162,TRUE,SIMULATED_REEM_V2,DEVELOPMENT,TRUE
DEL0000057,P0000057,D0011,S005,2023-05-21,2023-05-23,2,279,279,TRUE,SIMULATED_REEM_V2,DEVELOPMENT,TRUE
DEL0000058,P0000058,D0005,S004,2023-05-24,2023-05-30,6,318,318,TRUE,SIMULATED_REEM_V2,DEVELOPMENT,TRUE
DEL0000059,P0000059,D0046,S005,2023-05-25,2023-05-27,2,218,218,TRUE,SIMULATED_REEM_V2,DEVELOPMENT,TRUE
DEL0000060,P0000060,D0032,S006,2023-05-29,2023-06-15,17,178,178,TRUE,SIMULATED_REEM_V2,DEVELOPMENT,TRUE
DEL0000061,P0000061,D0048,S001,2023-05-30,2023-06-09,10,414,414,TRUE,SIMULATED_REEM_V2,DEVELOPMENT,TRUE
DEL0000062,P0000062,D0035,S006,2023-06-01,2023-06-05,4,296,296,TRUE,SIMULATED_REEM_V2,DEVELOPMENT,TRUE
DEL0000063,P0000063,D0050,S004,2023-06-01,2023-06-13,12,187,187,TRUE,SIMULATED_REEM_V2,DEVELOPMENT,TRUE
DEL0000064,P0000064,D0018,S007,2023-06-12,2023-06-15,3,426,426,TRUE,SIMULATED_REEM_V2,DEVELOPMENT,TRUE
DEL0000065,P0000065,D0006,S009,2023-06-14,2023-06-18,4,108,93,TRUE,SIMULATED_REEM_V2,DEVELOPMENT,TRUE
DEL0000066,P0000066,D0029,S004,2023-06-14,2023-06-21,7,257,257,TRUE,SIMULATED_REEM_V2,DEVELOPMENT,TRUE
DEL0000067,P0000067,D0003,S007,2023-06-16,2023-06-18,2,137,137,TRUE,SIMULATED_REEM_V2,DEVELOPMENT,TRUE
DEL0000068,P0000068,D0016,S003,2023-06-17,2023-06-27,10,389,389,TRUE,SIMULATED_REEM_V2,DEVELOPMENT,TRUE
DEL0000069,P0000069,D0042,S005,2023-06-19,2023-06-24,5,455,455,TRUE,SIMULATED_REEM_V2,DEVELOPMENT,TRUE
DEL0000070,P0000070,D0021,S007,2023-06-26,2023-06-28,2,426,426,TRUE,SIMULATED_REEM_V2,DEVELOPMENT,TRUE
DEL0000071,P0000071,D0027,S004,2023-06-27,2023-07-03,6,449,449,TRUE,SIMULATED_REEM_V2,DEVELOPMENT,TRUE
DEL0000072,P0000072,D0033,S005,2023-06-30,2023-07-03,3,50,50,TRUE,SIMULATED_REEM_V2,DEVELOPMENT,TRUE
DEL0000073,P0000073,D0049,S010,2023-06-30,2023-07-11,11,88,88,TRUE,SIMULATED_REEM_V2,DEVELOPMENT,TRUE
DEL0000074,P0000074,D0009,S006,2023-07-04,2023-07-20,16,319,319,TRUE,SIMULATED_REEM_V2,DEVELOPMENT,TRUE
DEL0000075,P0000075,D0038,S006,2023-07-05,2023-07-12,7,155,155,TRUE,SIMULATED_REEM_V2,DEVELOPMENT,TRUE
DEL0000076,P0000076,D0001,S008,2023-07-06,2023-07-10,4,400,400,TRUE,SIMULATED_REEM_V2,DEVELOPMENT,TRUE
DEL0000077,P0000077,D0031,S009,2023-07-06,2023-07-12,6,50,50,TRUE,SIMULATED_REEM_V2,DEVELOPMENT,TRUE
DEL0000078,P0000078,D0024,S004,2023-07-09,2023-07-19,10,107,107,TRUE,SIMULATED_REEM_V2,DEVELOPMENT,TRUE
DEL0000079,P0000079,D0005,S005,2023-07-15,2023-07-22,7,318,318,TRUE,SIMULATED_REEM_V2,DEVELOPMENT,TRUE
DEL0000080,P0000080,D0043,S003,2023-07-15,2023-07-21,6,455,455,TRUE,SIMULATED_REEM_V2,DEVELOPMENT,TRUE
DEL0000081,P0000081,D0007,S003,2023-07-16,2023-07-23,7,162,162,TRUE,SIMULATED_REEM_V2,DEVELOPMENT,TRUE
DEL0000082,P0000082,D0037,S002,2023-07-16,2023-07-24,8,52,52,TRUE,SIMULATED_REEM_V2,DEVELOPMENT,TRUE
DEL0000083,P0000083,D0011,S010,2023-07-18,2023-07-29,11,279,279,TRUE,SIMULATED_REEM_V2,DEVELOPMENT,TRUE
DEL0000084,P0000084,D0046,S009,2023-07-23,2023-07-26,3,218,218,TRUE,SIMULATED_REEM_V2,DEVELOPMENT,TRUE
DEL0000085,P0000085,D0048,S008,2023-07-24,2023-07-27,3,414,414,TRUE,SIMULATED_REEM_V2,DEVELOPMENT,TRUE
DEL0000086,P0000086,D0032,S009,2023-07-27,2023-08-02,6,178,178,TRUE,SIMULATED_REEM_V2,DEVELOPMENT,TRUE
DEL0000087,P0000087,D0035,S009,2023-07-31,2023-08-07,7,296,296,TRUE,SIMULATED_REEM_V2,DEVELOPMENT,TRUE
DEL0000088,P0000088,D0050,S003,2023-08-01,2023-08-08,7,187,187,TRUE,SIMULATED_REEM_V2,DEVELOPMENT,TRUE
DEL0000089,P0000089,D0022,S010,2023-08-03,2023-08-15,12,50,50,TRUE,SIMULATED_REEM_V2,DEVELOPMENT,TRUE
DEL0000090,P0000090,D0006,S001,2023-08-11,2023-08-20,9,108,108,TRUE,SIMULATED_REEM_V2,DEVELOPMENT,TRUE
DEL0000091,P0000091,D0047,S007,2023-08-11,2023-08-13,2,52,52,TRUE,SIMULATED_REEM_V2,DEVELOPMENT,TRUE
DEL0000092,P0000092,D0003,S006,2023-08-12,2023-08-25,13,137,137,TRUE,SIMULATED_REEM_V2,DEVELOPMENT,TRUE
DEL0000093,P0000093,D0018,S006,2023-08-12,2023-08-23,11,426,426,TRUE,SIMULATED_REEM_V2,DEVELOPMENT,TRUE
DEL0000094,P0000094,D0029,S005,2023-08-13,2023-08-19,6,257,257,TRUE,SIMULATED_REEM_V2,DEVELOPMENT,TRUE
DEL0000095,P0000095,D0042,S005,2023-08-19,2023-08-21,2,455,455,TRUE,SIMULATED_REEM_V2,DEVELOPMENT,TRUE
DEL0000096,P0000096,D0016,S007,2023-08-21,2023-08-23,2,389,389,TRUE,SIMULATED_REEM_V2,DEVELOPMENT,TRUE
DEL0000097,P0000097,D0021,S006,2023-08-30,2023-09-12,13,426,426,TRUE,SIMULATED_REEM_V2,DEVELOPMENT,TRUE
DEL0000098,P0000098,D0027,S006,2023-09-02,2023-09-23,21,449,449,TRUE,SIMULATED_REEM_V2,DEVELOPMENT,TRUE
DEL0000099,P0000099,D0009,S002,2023-09-04,2023-09-11,7,319,319,TRUE,SIMULATED_REEM_V2,DEVELOPMENT,TRUE
DEL0000100,P0000100,D0034,S004,2023-09-04,2023-09-13,9,95,95,TRUE,SIMULATED_REEM_V2,DEVELOPMENT,TRUE
DEL0000101,P0000101,D0049,S004,2023-09-04,2023-09-09,5,88,88,TRUE,SIMULATED_REEM_V2,DEVELOPMENT,TRUE
DEL0000102,P0000102,D0001,S005,2023-09-10,2023-09-12,2,400,400,TRUE,SIMULATED_REEM_V2,DEVELOPMENT,TRUE
DEL0000103,P0000103,D0038,S005,2023-09-12,2023-09-19,7,155,155,TRUE,SIMULATED_REEM_V2,DEVELOPMENT,TRUE
DEL0000104,P0000104,D0024,S005,2023-09-19,2023-09-22,3,107,107,TRUE,SIMULATED_REEM_V2,DEVELOPMENT,TRUE
DEL0000105,P0000105,D0037,S010,2023-09-23,2023-10-04,11,52,52,TRUE,SIMULATED_REEM_V2,DEVELOPMENT,TRUE
DEL0000106,P0000106,D0043,S004,2023-09-23,2023-09-30,7,455,455,TRUE,SIMULATED_REEM_V2,DEVELOPMENT,TRUE
DEL0000107,P0000107,D0007,S002,2023-09-25,2023-10-07,12,162,162,TRUE,SIMULATED_REEM_V2,DEVELOPMENT,TRUE
DEL0000108,P0000108,D0005,S009,2023-09-29,2023-10-02,3,318,318,TRUE,SIMULATED_REEM_V2,DEVELOPMENT,TRUE
DEL0000109,P0000109,D0011,S004,2023-10-03,2023-10-11,8,279,279,TRUE,SIMULATED_REEM_V2,DEVELOPMENT,TRUE
DEL0000110,P0000110,D0048,S005,2023-10-07,2023-10-09,2,414,414,TRUE,SIMULATED_REEM_V2,DEVELOPMENT,TRUE
DEL0000111,P0000111,D0046,S001,2023-10-08,2023-10-17,9,218,218,TRUE,SIMULATED_REEM_V2,DEVELOPMENT,TRUE
DEL0000112,P0000112,D0035,S003,2023-10-11,2023-10-17,6,296,296,TRUE,SIMULATED_REEM_V2,DEVELOPMENT,TRUE
DEL0000113,P0000113,D0032,S008,2023-10-12,2023-10-14,2,178,178,TRUE,SIMULATED_REEM_V2,DEVELOPMENT,TRUE
DEL0000114,P0000114,D0050,S003,2023-10-19,2023-10-27,8,187,187,TRUE,SIMULATED_REEM_V2,DEVELOPMENT,TRUE
DEL0000115,P0000115,D0003,S003,2023-10-25,2023-10-30,5,137,137,TRUE,SIMULATED_REEM_V2,DEVELOPMENT,TRUE
DEL0000116,P0000116,D0006,S008,2023-10-25,2023-10-27,2,108,108,TRUE,SIMULATED_REEM_V2,DEVELOPMENT,TRUE
DEL0000117,P0000117,D0018,S004,2023-10-25,2023-11-03,9,426,426,TRUE,SIMULATED_REEM_V2,DEVELOPMENT,TRUE
DEL0000118,P0000118,D0047,S010,2023-10-26,2023-11-07,12,52,52,TRUE,SIMULATED_REEM_V2,DEVELOPMENT,TRUE
DEL0000119,P0000119,D0029,S004,2023-10-28,2023-11-05,8,257,257,TRUE,SIMULATED_REEM_V2,DEVELOPMENT,TRUE
DEL0000120,P0000120,D0042,S008,2023-11-02,2023-11-04,2,455,455,TRUE,SIMULATED_REEM_V2,DEVELOPMENT,TRUE
DEL0000121,P0000121,D0022,S008,2023-11-03,2023-11-07,4,50,50,TRUE,SIMULATED_REEM_V2,DEVELOPMENT,TRUE
DEL0000122,P0000122,D0016,S002,2023-11-08,2023-11-22,14,389,389,TRUE,SIMULATED_REEM_V2,DEVELOPMENT,TRUE
DEL0000123,P0000123,D0033,S007,2023-11-08,2023-11-11,3,50,50,TRUE,SIMULATED_REEM_V2,DEVELOPMENT,TRUE
DEL0000124,P0000124,D0021,S008,2023-11-13,2023-11-18,5,426,426,TRUE,SIMULATED_REEM_V2,DEVELOPMENT,TRUE
DEL0000125,P0000125,D0009,S007,2023-11-16,2023-11-20,4,319,319,TRUE,SIMULATED_REEM_V2,DEVELOPMENT,TRUE
DEL0000126,P0000126,D0014,S007,2023-11-17,2023-11-19,2,50,50,TRUE,SIMULATED_REEM_V2,DEVELOPMENT,TRUE
DEL0000127,P0000127,D0027,S008,2023-11-17,2023-11-20,3,449,449,TRUE,SIMULATED_REEM_V2,DEVELOPMENT,TRUE
DEL0000128,P0000128,D0049,S009,2023-11-18,2023-11-25,7,88,88,TRUE,SIMULATED_REEM_V2,DEVELOPMENT,TRUE
DEL0000129,P0000129,D0034,S007,2023-11-20,2023-11-22,2,95,95,TRUE,SIMULATED_REEM_V2,DEVELOPMENT,TRUE
DEL0000130,P0000130,D0001,S001,2023-11-23,2023-12-03,10,400,400,TRUE,SIMULATED_REEM_V2,DEVELOPMENT,TRUE
DEL0000131,P0000131,D0024,S003,2023-11-25,2023-12-02,7,107,107,TRUE,SIMULATED_REEM_V2,DEVELOPMENT,TRUE
DEL0000132,P0000132,D0031,S001,2023-11-25,2023-12-10,15,50,50,TRUE,SIMULATED_REEM_V2,DEVELOPMENT,TRUE
DEL0000133,P0000133,D0038,S002,2023-11-27,2023-12-04,7,155,155,TRUE,SIMULATED_REEM_V2,DEVELOPMENT,TRUE
DEL0000134,P0000134,D0037,S004,2023-12-04,2023-12-16,12,52,52,TRUE,SIMULATED_REEM_V2,DEVELOPMENT,TRUE
DEL0000135,P0000135,D0010,S007,2023-12-05,2023-12-07,2,51,51,TRUE,SIMULATED_REEM_V2,DEVELOPMENT,TRUE
DEL0000136,P0000136,D0007,S002,2023-12-09,2023-12-17,8,162,162,TRUE,SIMULATED_REEM_V2,DEVELOPMENT,TRUE
DEL0000137,P0000137,D0005,S008,2023-12-11,2023-12-13,2,318,318,TRUE,SIMULATED_REEM_V2,DEVELOPMENT,TRUE
DEL0000138,P0000138,D0043,S009,2023-12-13,2023-12-21,8,455,376,TRUE,SIMULATED_REEM_V2,DEVELOPMENT,TRUE
DEL0000139,P0000139,D0011,S007,2023-12-19,2023-12-21,2,279,279,TRUE,SIMULATED_REEM_V2,DEVELOPMENT,TRUE
DEL0000140,P0000140,D0035,S002,2023-12-20,2024-01-03,14,296,237,TRUE,SIMULATED_REEM_V2,DEVELOPMENT,TRUE
DEL0000141,P0000141,D0046,S002,2023-12-20,2023-12-31,11,218,218,TRUE,SIMULATED_REEM_V2,DEVELOPMENT,TRUE
DEL0000142,P0000142,D0048,S001,2023-12-23,2024-01-04,12,414,414,TRUE,SIMULATED_REEM_V2,DEVELOPMENT,TRUE
DEL0000143,P0000143,D0032,S003,2023-12-25,2024-01-02,8,178,178,TRUE,SIMULATED_REEM_V2,DEVELOPMENT,TRUE
DEL0000144,P0000144,D0003,S003,2023-12-31,2024-01-09,9,137,137,TRUE,SIMULATED_REEM_V2,DEVELOPMENT,TRUE
DEL0000145,P0000145,D0017,S002,2023-12-31,2024-01-12,12,50,50,TRUE,SIMULATED_REEM_V2,DEVELOPMENT,TRUE
DEL0000146,P0000146,D0029,S010,2023-12-31,2024-01-12,12,257,257,TRUE,SIMULATED_REEM_V2,DEVELOPMENT,TRUE
DEL0000147,P0000147,D0006,S009,2024-01-01,2024-01-07,6,108,108,TRUE,SIMULATED_REEM_V2,DEVELOPMENT,TRUE
DEL0000148,P0000148,D0050,S009,2024-01-01,2024-01-06,5,187,187,TRUE,SIMULATED_REEM_V2,DEVELOPMENT,TRUE
DEL0000149,P0000149,D0018,S008,2024-01-02,2024-01-11,9,426,426,TRUE,SIMULATED_REEM_V2,DEVELOPMENT,TRUE
DEL0000150,P0000150,D0042,S005,2024-01-08,2024-01-15,7,455,455,TRUE,SIMULATED_REEM_V2,DEVELOPMENT,TRUE
DEL0000151,P0000151,D0047,S008,2024-01-08,2024-01-10,2,52,41,TRUE,SIMULATED_REEM_V2,DEVELOPMENT,TRUE
DEL0000152,P0000152,D0016,S002,2024-01-09,2024-01-16,7,389,356,TRUE,SIMULATED_REEM_V2,DEVELOPMENT,TRUE
DEL0000153,P0000153,D0009,S002,2024-01-13,2024-01-26,13,319,319,TRUE,SIMULATED_REEM_V2,DEVELOPMENT,TRUE
DEL0000154,P0000154,D0021,S001,2024-01-14,2024-01-23,9,426,426,TRUE,SIMULATED_REEM_V2,DEVELOPMENT,TRUE
DEL0000155,P0000155,D0049,S007,2024-01-18,2024-01-23,5,88,77,TRUE,SIMULATED_REEM_V2,DEVELOPMENT,TRUE
DEL0000156,P0000156,D0027,S010,2024-01-21,2024-01-31,10,449,449,TRUE,SIMULATED_REEM_V2,DEVELOPMENT,TRUE
DEL0000157,P0000157,D0024,S003,2024-01-22,2024-02-01,10,107,107,TRUE,SIMULATED_REEM_V2,DEVELOPMENT,TRUE
DEL0000158,P0000158,D0034,S010,2024-01-22,2024-02-01,10,95,95,TRUE,SIMULATED_REEM_V2,DEVELOPMENT,TRUE
DEL0000159,P0000159,D0001,S003,2024-01-24,2024-02-03,10,400,400,TRUE,SIMULATED_REEM_V2,DEVELOPMENT,TRUE
DEL0000160,P0000160,D0038,S008,2024-01-26,2024-01-28,2,155,155,TRUE,SIMULATED_REEM_V2,DEVELOPMENT,TRUE
DEL0000161,P0000161,D0043,S010,2024-01-29,2024-02-07,9,455,455,TRUE,SIMULATED_REEM_V2,DEVELOPMENT,TRUE
DEL0000162,P0000162,D0014,S001,2024-01-30,2024-02-12,13,50,44,TRUE,SIMULATED_REEM_V2,DEVELOPMENT,TRUE
DEL0000163,P0000163,D0037,S008,2024-02-02,2024-02-04,2,52,52,TRUE,SIMULATED_REEM_V2,DEVELOPMENT,TRUE
DEL0000164,P0000164,D0007,S004,2024-02-05,2024-02-11,6,162,162,TRUE,SIMULATED_REEM_V2,DEVELOPMENT,TRUE
DEL0000165,P0000165,D0035,S008,2024-02-05,2024-02-07,2,296,296,TRUE,SIMULATED_REEM_V2,DEVELOPMENT,TRUE
DEL0000166,P0000166,D0005,S009,2024-02-06,2024-02-13,7,318,318,TRUE,SIMULATED_REEM_V2,DEVELOPMENT,TRUE
DEL0000167,P0000167,D0010,S003,2024-02-07,2024-02-11,4,51,51,TRUE,SIMULATED_REEM_V2,DEVELOPMENT,TRUE
DEL0000168,P0000168,D0033,S008,2024-02-09,2024-02-11,2,50,50,TRUE,SIMULATED_REEM_V2,DEVELOPMENT,TRUE
DEL0000169,P0000169,D0022,S009,2024-02-13,2024-02-15,2,50,50,TRUE,SIMULATED_REEM_V2,DEVELOPMENT,TRUE
DEL0000170,P0000170,D0030,S001,2024-02-13,2024-02-22,9,56,56,TRUE,SIMULATED_REEM_V2,DEVELOPMENT,TRUE
DEL0000171,P0000171,D0046,S002,2024-02-15,2024-02-24,9,218,218,TRUE,SIMULATED_REEM_V2,DEVELOPMENT,TRUE
DEL0000172,P0000172,D0011,S009,2024-02-17,2024-02-23,6,279,236,TRUE,SIMULATED_REEM_V2,DEVELOPMENT,TRUE
DEL0000173,P0000173,D0048,S007,2024-02-18,2024-02-20,2,414,414,TRUE,SIMULATED_REEM_V2,DEVELOPMENT,TRUE
DEL0000174,P0000174,D0003,S007,2024-02-21,2024-02-23,2,137,137,TRUE,SIMULATED_REEM_V2,DEVELOPMENT,TRUE
DEL0000175,P0000175,D0039,S007,2024-02-21,2024-02-23,2,53,53,TRUE,SIMULATED_REEM_V2,DEVELOPMENT,TRUE
DEL0000176,P0000176,D0047,S002,2024-02-21,2024-03-02,10,52,52,TRUE,SIMULATED_REEM_V2,DEVELOPMENT,TRUE
DEL0000177,P0000177,D0029,S004,2024-02-22,2024-03-03,10,257,257,TRUE,SIMULATED_REEM_V2,DEVELOPMENT,TRUE
DEL0000178,P0000178,D0032,S003,2024-02-22,2024-02-28,6,178,178,TRUE,SIMULATED_REEM_V2,DEVELOPMENT,TRUE
DEL0000179,P0000179,D0006,S005,2024-02-23,2024-02-28,5,108,108,TRUE,SIMULATED_REEM_V2,DEVELOPMENT,TRUE
DEL0000180,P0000180,D0041,S008,2024-02-23,2024-02-25,2,53,53,TRUE,SIMULATED_REEM_V2,DEVELOPMENT,TRUE
DEL0000181,P0000181,D0016,S003,2024-02-26,2024-03-01,4,389,389,TRUE,SIMULATED_REEM_V2,DEVELOPMENT,TRUE
DEL0000182,P0000182,D0017,S002,2024-02-26,2024-03-08,11,50,50,TRUE,SIMULATED_REEM_V2,DEVELOPMENT,TRUE
DEL0000183,P0000183,D0018,S002,2024-02-26,2024-03-07,10,426,426,TRUE,SIMULATED_REEM_V2,DEVELOPMENT,TRUE
DEL0000184,P0000184,D0042,S008,2024-02-26,2024-03-03,6,455,455,TRUE,SIMULATED_REEM_V2,DEVELOPMENT,TRUE
DEL0000185,P0000185,D0049,S010,2024-02-27,2024-03-10,12,88,81,TRUE,SIMULATED_REEM_V2,DEVELOPMENT,TRUE
DEL0000186,P0000186,D0050,S002,2024-02-27,2024-03-04,6,187,187,TRUE,SIMULATED_REEM_V2,DEVELOPMENT,TRUE
DEL0000187,P0000187,D0008,S003,2024-02-28,2024-03-07,8,50,50,TRUE,SIMULATED_REEM_V2,DEVELOPMENT,TRUE
DEL0000188,P0000188,D0009,S005,2024-03-04,2024-03-06,2,319,319,TRUE,SIMULATED_REEM_V2,DEVELOPMENT,TRUE
DEL0000189,P0000189,D0021,S007,2024-03-05,2024-03-12,7,426,426,TRUE,SIMULATED_REEM_V2,DEVELOPMENT,TRUE
DEL0000190,P0000190,D0027,S006,2024-03-08,2024-03-23,15,449,449,TRUE,SIMULATED_REEM_V2,DEVELOPMENT,TRUE
DEL0000191,P0000191,D0034,S003,2024-03-14,2024-03-21,7,95,95,TRUE,SIMULATED_REEM_V2,DEVELOPMENT,TRUE
DEL0000192,P0000192,D0001,S002,2024-03-15,2024-03-26,11,400,400,TRUE,SIMULATED_REEM_V2,DEVELOPMENT,TRUE
DEL0000193,P0000193,D0024,S007,2024-03-16,2024-03-19,3,107,107,TRUE,SIMULATED_REEM_V2,DEVELOPMENT,TRUE
DEL0000194,P0000194,D0038,S005,2024-03-17,2024-03-19,2,155,155,TRUE,SIMULATED_REEM_V2,DEVELOPMENT,TRUE
DEL0000195,P0000195,D0043,S008,2024-03-18,2024-03-22,4,455,455,TRUE,SIMULATED_REEM_V2,DEVELOPMENT,TRUE
DEL0000196,P0000196,D0007,S007,2024-03-21,2024-03-23,2,162,162,TRUE,SIMULATED_REEM_V2,DEVELOPMENT,TRUE
DEL0000197,P0000197,D0005,S003,2024-03-26,2024-04-02,7,318,318,TRUE,SIMULATED_REEM_V2,DEVELOPMENT,TRUE
DEL0000198,P0000198,D0014,S008,2024-03-27,2024-03-29,2,50,50,TRUE,SIMULATED_REEM_V2,DEVELOPMENT,TRUE
DEL0000199,P0000199,D0031,S006,2024-03-27,2024-04-13,17,50,50,TRUE,SIMULATED_REEM_V2,DEVELOPMENT,TRUE
DEL0000200,P0000200,D0035,S007,2024-03-28,2024-03-30,2,296,296,TRUE,SIMULATED_REEM_V2,DEVELOPMENT,TRUE
DEL0000201,P0000201,D0037,S003,2024-03-28,2024-04-07,10,52,43,TRUE,SIMULATED_REEM_V2,DEVELOPMENT,TRUE
DEL0000202,P0000202,D0010,S008,2024-03-29,2024-04-02,4,51,51,TRUE,SIMULATED_REEM_V2,DEVELOPMENT,TRUE
DEL0000203,P0000203,D0030,S003,2024-04-01,2024-04-10,9,56,48,TRUE,SIMULATED_REEM_V2,DEVELOPMENT,TRUE
DEL0000204,P0000204,D0011,S001,2024-04-02,2024-04-11,9,279,279,TRUE,SIMULATED_REEM_V2,DEVELOPMENT,TRUE
DEL0000205,P0000205,D0003,S007,2024-04-03,2024-04-08,5,137,137,TRUE,SIMULATED_REEM_V2,DEVELOPMENT,TRUE
DEL0000206,P0000206,D0046,S005,2024-04-06,2024-04-08,2,218,218,TRUE,SIMULATED_REEM_V2,DEVELOPMENT,TRUE
DEL0000207,P0000207,D0048,S005,2024-04-06,2024-04-08,2,414,414,TRUE,SIMULATED_REEM_V2,DEVELOPMENT,TRUE
DEL0000208,P0000208,D0029,S007,2024-04-08,2024-04-10,2,257,257,TRUE,SIMULATED_REEM_V2,DEVELOPMENT,TRUE
DEL0000209,P0000209,D0006,S004,2024-04-10,2024-04-18,8,108,97,TRUE,SIMULATED_REEM_V2,DEVELOPMENT,TRUE
DEL0000210,P0000210,D0042,S005,2024-04-10,2024-04-13,3,455,455,TRUE,SIMULATED_REEM_V2,DEVELOPMENT,TRUE
DEL0000211,P0000211,D0047,S010,2024-04-10,2024-04-22,12,52,52,TRUE,SIMULATED_REEM_V2,DEVELOPMENT,TRUE
DEL0000212,P0000212,D0009,S008,2024-04-11,2024-04-16,5,319,319,TRUE,SIMULATED_REEM_V2,DEVELOPMENT,TRUE
DEL0000213,P0000213,D0032,S005,2024-04-11,2024-04-13,2,178,178,TRUE,SIMULATED_REEM_V2,DEVELOPMENT,TRUE
DEL0000214,P0000214,D0039,S002,2024-04-12,2024-04-21,9,53,53,TRUE,SIMULATED_REEM_V2,DEVELOPMENT,TRUE
DEL0000215,P0000215,D0041,S006,2024-04-12,2024-04-27,15,53,53,TRUE,SIMULATED_REEM_V2,DEVELOPMENT,TRUE
DEL0000216,P0000216,D0016,S003,2024-04-13,2024-04-18,5,389,389,TRUE,SIMULATED_REEM_V2,DEVELOPMENT,TRUE
DEL0000217,P0000217,D0049,S003,2024-04-14,2024-04-23,9,88,88,TRUE,SIMULATED_REEM_V2,DEVELOPMENT,TRUE
DEL0000218,P0000218,D0033,S010,2024-04-15,2024-04-28,13,50,45,TRUE,SIMULATED_REEM_V2,DEVELOPMENT,TRUE
DEL0000219,P0000219,D0050,S008,2024-04-17,2024-04-19,2,187,187,TRUE,SIMULATED_REEM_V2,DEVELOPMENT,TRUE
DEL0000220,P0000220,D0017,S010,2024-04-18,2024-04-28,10,50,50,TRUE,SIMULATED_REEM_V2,DEVELOPMENT,TRUE
DEL0000221,P0000221,D0022,S006,2024-04-18,2024-04-27,9,50,50,TRUE,SIMULATED_REEM_V2,DEVELOPMENT,TRUE
DEL0000222,P0000222,D0018,S004,2024-04-20,2024-05-03,13,426,426,TRUE,SIMULATED_REEM_V2,DEVELOPMENT,TRUE
DEL0000223,P0000223,D0021,S010,2024-04-22,2024-05-02,10,426,426,TRUE,SIMULATED_REEM_V2,DEVELOPMENT,TRUE
DEL0000224,P0000224,D0027,S003,2024-04-22,2024-05-01,9,449,449,TRUE,SIMULATED_REEM_V2,DEVELOPMENT,TRUE
DEL0000225,P0000225,D0008,S010,2024-04-26,2024-05-08,12,50,50,TRUE,SIMULATED_REEM_V2,DEVELOPMENT,TRUE
DEL0000226,P0000226,D0001,S001,2024-04-27,2024-05-11,14,400,400,TRUE,SIMULATED_REEM_V2,DEVELOPMENT,TRUE
DEL0000227,P0000227,D0038,S009,2024-05-03,2024-05-06,3,155,155,TRUE,SIMULATED_REEM_V2,DEVELOPMENT,TRUE
DEL0000228,P0000228,D0043,S005,2024-05-04,2024-05-08,4,455,455,TRUE,SIMULATED_REEM_V2,DEVELOPMENT,TRUE
DEL0000229,P0000229,D0034,S004,2024-05-05,2024-05-16,11,95,78,TRUE,SIMULATED_REEM_V2,DEVELOPMENT,TRUE
DEL0000230,P0000230,D0024,S006,2024-05-06,2024-05-18,12,107,107,TRUE,SIMULATED_REEM_V2,DEVELOPMENT,TRUE
DEL0000231,P0000231,D0037,S010,2024-05-07,2024-05-17,10,52,52,TRUE,SIMULATED_REEM_V2,DEVELOPMENT,TRUE
DEL0000232,P0000232,D0007,S001,2024-05-10,2024-05-16,6,162,134,TRUE,SIMULATED_REEM_V2,DEVELOPMENT,TRUE
DEL0000233,P0000233,D0030,S005,2024-05-13,2024-05-18,5,56,56,TRUE,SIMULATED_REEM_V2,DEVELOPMENT,TRUE
DEL0000234,P0000234,D0005,S010,2024-05-15,2024-05-26,11,318,318,TRUE,SIMULATED_REEM_V2,DEVELOPMENT,TRUE
DEL0000235,P0000235,D0010,S008,2024-05-15,2024-05-17,2,51,51,TRUE,SIMULATED_REEM_V2,DEVELOPMENT,TRUE
DEL0000236,P0000236,D0003,S003,2024-05-17,2024-05-26,9,137,137,TRUE,SIMULATED_REEM_V2,DEVELOPMENT,TRUE
DEL0000237,P0000237,D0035,S001,2024-05-18,2024-05-25,7,296,296,TRUE,SIMULATED_REEM_V2,DEVELOPMENT,TRUE
DEL0000238,P0000238,D0041,S007,2024-05-19,2024-05-21,2,53,53,TRUE,SIMULATED_REEM_V2,DEVELOPMENT,TRUE
DEL0000239,P0000239,D0011,S001,2024-05-22,2024-05-29,7,279,279,TRUE,SIMULATED_REEM_V2,DEVELOPMENT,TRUE
DEL0000240,P0000240,D0014,S004,2024-05-25,2024-06-04,10,50,50,TRUE,SIMULATED_REEM_V2,DEVELOPMENT,TRUE
DEL0000241,P0000241,D0006,S004,2024-05-26,2024-06-03,8,108,88,TRUE,SIMULATED_REEM_V2,DEVELOPMENT,TRUE
DEL0000242,P0000242,D0029,S007,2024-05-26,2024-05-28,2,257,257,TRUE,SIMULATED_REEM_V2,DEVELOPMENT,TRUE
DEL0000243,P0000243,D0048,S009,2024-05-26,2024-05-29,3,414,414,TRUE,SIMULATED_REEM_V2,DEVELOPMENT,TRUE
DEL0000244,P0000244,D0042,S001,2024-05-27,2024-05-31,4,455,375,TRUE,SIMULATED_REEM_V2,DEVELOPMENT,TRUE
DEL0000245,P0000245,D0046,S006,2024-05-27,2024-06-09,13,218,201,TRUE,SIMULATED_REEM_V2,DEVELOPMENT,TRUE
DEL0000246,P0000246,D0009,S007,2024-05-31,2024-06-05,5,319,319,TRUE,SIMULATED_REEM_V2,DEVELOPMENT,TRUE
DEL0000247,P0000247,D0047,S008,2024-06-02,2024-06-04,2,52,52,TRUE,SIMULATED_REEM_V2,DEVELOPMENT,TRUE
DEL0000248,P0000248,D0016,S003,2024-06-03,2024-06-13,10,389,389,TRUE,SIMULATED_REEM_V2,DEVELOPMENT,TRUE
DEL0000249,P0000249,D0032,S010,2024-06-03,2024-06-16,13,178,178,TRUE,SIMULATED_REEM_V2,DEVELOPMENT,TRUE
DEL0000250,P0000250,D0049,S008,2024-06-05,2024-06-08,3,88,88,TRUE,SIMULATED_REEM_V2,DEVELOPMENT,TRUE
DEL0000251,P0000251,D0018,S002,2024-06-06,2024-06-15,9,426,426,TRUE,SIMULATED_REEM_V2,DEVELOPMENT,TRUE
DEL0000252,P0000252,D0039,S002,2024-06-06,2024-06-18,12,53,53,TRUE,SIMULATED_REEM_V2,DEVELOPMENT,TRUE
DEL0000253,P0000253,D0017,S010,2024-06-08,2024-06-17,9,50,50,TRUE,SIMULATED_REEM_V2,DEVELOPMENT,TRUE
DEL0000254,P0000254,D0001,S005,2024-06-09,2024-06-11,2,400,400,TRUE,SIMULATED_REEM_V2,DEVELOPMENT,TRUE
DEL0000255,P0000255,D0021,S006,2024-06-09,2024-06-30,21,426,426,TRUE,SIMULATED_REEM_V2,DEVELOPMENT,TRUE
DEL0000256,P0000256,D0050,S006,2024-06-11,2024-07-03,22,187,187,TRUE,SIMULATED_REEM_V2,DEVELOPMENT,TRUE
DEL0000257,P0000257,D0027,S005,2024-06-13,2024-06-15,2,449,449,TRUE,SIMULATED_REEM_V2,DEVELOPMENT,TRUE
DEL0000258,P0000258,D0034,S005,2024-06-14,2024-06-16,2,95,95,TRUE,SIMULATED_REEM_V2,DEVELOPMENT,TRUE
DEL0000259,P0000259,D0008,S006,2024-06-25,2024-07-10,15,50,50,TRUE,SIMULATED_REEM_V2,DEVELOPMENT,TRUE
DEL0000260,P0000260,D0038,S005,2024-06-25,2024-06-29,4,155,155,TRUE,SIMULATED_REEM_V2,DEVELOPMENT,TRUE
DEL0000261,P0000261,D0043,S004,2024-06-25,2024-07-06,11,455,408,TRUE,SIMULATED_REEM_V2,DEVELOPMENT,TRUE
DEL0000262,P0000262,D0007,S009,2024-06-26,2024-07-02,6,162,162,TRUE,SIMULATED_REEM_V2,DEVELOPMENT,TRUE
DEL0000263,P0000263,D0024,S010,2024-06-27,2024-07-07,10,107,107,TRUE,SIMULATED_REEM_V2,DEVELOPMENT,TRUE
DEL0000264,P0000264,D0041,S002,2024-07-04,2024-07-11,7,53,53,TRUE,SIMULATED_REEM_V2,DEVELOPMENT,TRUE
DEL0000265,P0000265,D0037,S003,2024-07-06,2024-07-11,5,52,52,TRUE,SIMULATED_REEM_V2,DEVELOPMENT,TRUE
DEL0000266,P0000266,D0033,S006,2024-07-07,2024-07-19,12,50,50,TRUE,SIMULATED_REEM_V2,DEVELOPMENT,TRUE
DEL0000267,P0000267,D0042,S003,2024-07-08,2024-07-19,11,455,455,TRUE,SIMULATED_REEM_V2,DEVELOPMENT,TRUE
DEL0000268,P0000268,D0003,S004,2024-07-09,2024-07-16,7,137,137,TRUE,SIMULATED_REEM_V2,DEVELOPMENT,TRUE
DEL0000269,P0000269,D0030,S007,2024-07-10,2024-07-13,3,56,56,TRUE,SIMULATED_REEM_V2,DEVELOPMENT,TRUE
DEL0000270,P0000270,D0005,S010,2024-07-11,2024-07-21,10,318,318,TRUE,SIMULATED_REEM_V2,DEVELOPMENT,TRUE
DEL0000271,P0000271,D0022,S006,2024-07-11,2024-07-18,7,50,50,TRUE,SIMULATED_REEM_V2,DEVELOPMENT,TRUE
DEL0000272,P0000272,D0035,S008,2024-07-12,2024-07-14,2,296,296,TRUE,SIMULATED_REEM_V2,DEVELOPMENT,TRUE
DEL0000273,P0000273,D0006,S004,2024-07-14,2024-07-22,8,108,108,TRUE,SIMULATED_REEM_V2,DEVELOPMENT,TRUE
DEL0000274,P0000274,D0010,S002,2024-07-16,2024-07-30,14,51,51,TRUE,SIMULATED_REEM_V2,DEVELOPMENT,TRUE
DEL0000275,P0000275,D0011,S006,2024-07-18,2024-07-26,8,279,279,TRUE,SIMULATED_REEM_V2,DEVELOPMENT,TRUE
DEL0000276,P0000276,D0046,S007,2024-07-18,2024-07-22,4,218,218,TRUE,SIMULATED_REEM_V2,DEVELOPMENT,TRUE
DEL0000277,P0000277,D0029,S001,2024-07-19,2024-07-28,9,257,257,TRUE,SIMULATED_REEM_V2,DEVELOPMENT,TRUE
DEL0000278,P0000278,D0048,S007,2024-07-19,2024-07-21,2,414,356,TRUE,SIMULATED_REEM_V2,DEVELOPMENT,TRUE
DEL0000279,P0000279,D0045,S009,2024-07-21,2024-07-29,8,50,50,TRUE,SIMULATED_REEM_V2,DEVELOPMENT,TRUE
DEL0000280,P0000280,D0009,S001,2024-07-24,2024-07-27,3,319,319,TRUE,SIMULATED_REEM_V2,DEVELOPMENT,TRUE
DEL0000281,P0000281,D0016,S004,2024-07-31,2024-08-09,9,389,389,TRUE,SIMULATED_REEM_V2,DEVELOPMENT,TRUE
DEL0000282,P0000282,D0017,S002,2024-07-31,2024-08-03,3,50,50,TRUE,SIMULATED_REEM_V2,DEVELOPMENT,TRUE
DEL0000283,P0000283,D0001,S003,2024-08-03,2024-08-12,9,400,400,TRUE,SIMULATED_REEM_V2,DEVELOPMENT,TRUE
DEL0000284,P0000284,D0032,S001,2024-08-05,2024-08-13,8,178,178,TRUE,SIMULATED_REEM_V2,DEVELOPMENT,TRUE
DEL0000285,P0000285,D0018,S009,2024-08-07,2024-08-16,9,426,426,TRUE,SIMULATED_REEM_V2,DEVELOPMENT,TRUE
DEL0000286,P0000286,D0050,S004,2024-08-07,2024-08-18,11,187,187,TRUE,SIMULATED_REEM_V2,DEVELOPMENT,TRUE
DEL0000287,P0000287,D0021,S007,2024-08-08,2024-08-13,5,426,395,TRUE,SIMULATED_REEM_V2,DEVELOPMENT,TRUE
DEL0000288,P0000288,D0039,S005,2024-08-09,2024-08-11,2,53,53,TRUE,SIMULATED_REEM_V2,DEVELOPMENT,TRUE
DEL0000289,P0000289,D0047,S008,2024-08-09,2024-08-13,4,52,52,TRUE,SIMULATED_REEM_V2,DEVELOPMENT,TRUE
DEL0000290,P0000290,D0049,S009,2024-08-10,2024-08-13,3,88,88,TRUE,SIMULATED_REEM_V2,DEVELOPMENT,TRUE
DEL0000291,P0000291,D0027,S001,2024-08-13,2024-08-24,11,449,449,TRUE,SIMULATED_REEM_V2,DEVELOPMENT,TRUE
DEL0000292,P0000292,D0031,S005,2024-08-16,2024-08-18,2,50,50,TRUE,SIMULATED_REEM_V2,DEVELOPMENT,TRUE
DEL0000293,P0000293,D0034,S007,2024-08-18,2024-08-20,2,95,95,TRUE,SIMULATED_REEM_V2,DEVELOPMENT,TRUE
DEL0000294,P0000294,D0043,S010,2024-08-19,2024-08-29,10,455,455,TRUE,SIMULATED_REEM_V2,DEVELOPMENT,TRUE
DEL0000295,P0000295,D0014,S007,2024-08-27,2024-08-31,4,50,50,TRUE,SIMULATED_REEM_V2,DEVELOPMENT,TRUE
DEL0000296,P0000296,D0024,S004,2024-08-29,2024-09-06,8,107,107,TRUE,SIMULATED_REEM_V2,DEVELOPMENT,TRUE
DEL0000297,P0000297,D0038,S003,2024-08-31,2024-09-09,9,155,155,TRUE,SIMULATED_REEM_V2,DEVELOPMENT,TRUE
DEL0000298,P0000298,D0007,S007,2024-09-02,2024-09-04,2,162,162,TRUE,SIMULATED_REEM_V2,DEVELOPMENT,TRUE
DEL0000299,P0000299,D0041,S005,2024-09-03,2024-09-05,2,53,53,TRUE,SIMULATED_REEM_V2,DEVELOPMENT,TRUE
DEL0000300,P0000300,D0044,S004,2024-09-06,2024-09-16,10,50,50,TRUE,SIMULATED_REEM_V2,DEVELOPMENT,TRUE
DEL0000301,P0000301,D0008,S009,2024-09-12,2024-09-20,8,50,50,TRUE,SIMULATED_REEM_V2,DEVELOPMENT,TRUE
DEL0000302,P0000302,D0048,S003,2024-09-12,2024-09-21,9,414,414,TRUE,SIMULATED_REEM_V2,DEVELOPMENT,TRUE
DEL0000303,P0000303,D0003,S005,2024-09-14,2024-09-16,2,137,137,TRUE,SIMULATED_REEM_V2,DEVELOPMENT,TRUE
DEL0000304,P0000304,D0042,S001,2024-09-14,2024-09-19,5,455,455,TRUE,SIMULATED_REEM_V2,DEVELOPMENT,TRUE
DEL0000305,P0000305,D0030,S008,2024-09-17,2024-09-21,4,56,56,TRUE,SIMULATED_REEM_V2,DEVELOPMENT,TRUE
DEL0000306,P0000306,D0035,S003,2024-09-18,2024-09-26,8,296,296,TRUE,SIMULATED_REEM_V2,DEVELOPMENT,TRUE
DEL0000307,P0000307,D0005,S003,2024-09-19,2024-09-25,6,318,318,TRUE,SIMULATED_REEM_V2,DEVELOPMENT,TRUE
DEL0000308,P0000308,D0006,S005,2024-09-23,2024-09-25,2,108,108,TRUE,SIMULATED_REEM_V2,DEVELOPMENT,TRUE
DEL0000309,P0000309,D0029,S003,2024-09-26,2024-09-30,4,257,257,TRUE,SIMULATED_REEM_V2,DEVELOPMENT,TRUE
DEL0000310,P0000310,D0046,S007,2024-09-29,2024-10-02,3,218,218,TRUE,SIMULATED_REEM_V2,DEVELOPMENT,TRUE
DEL0000311,P0000311,D0010,S004,2024-10-03,2024-10-10,7,51,51,TRUE,SIMULATED_REEM_V2,DEVELOPMENT,TRUE
DEL0000312,P0000312,D0009,S007,2024-10-04,2024-10-06,2,319,319,TRUE,SIMULATED_REEM_V2,DEVELOPMENT,TRUE
DEL0000313,P0000313,D0011,S003,2024-10-04,2024-10-12,8,279,279,TRUE,SIMULATED_REEM_V2,DEVELOPMENT,TRUE
DEL0000314,P0000314,D0037,S006,2024-10-04,2024-10-15,11,52,52,TRUE,SIMULATED_REEM_V2,DEVELOPMENT,TRUE
DEL0000315,P0000315,D0001,S003,2024-10-09,2024-10-17,8,400,400,TRUE,SIMULATED_REEM_V2,DEVELOPMENT,TRUE
DEL0000316,P0000316,D0021,S010,2024-10-13,2024-10-24,11,426,426,TRUE,SIMULATED_REEM_V2,DEVELOPMENT,TRUE
DEL0000317,P0000317,D0016,S001,2024-10-15,2024-10-28,13,389,389,TRUE,SIMULATED_REEM_V2,DEVELOPMENT,TRUE
DEL0000318,P0000318,D0049,S009,2024-10-20,2024-10-23,3,88,88,TRUE,SIMULATED_REEM_V2,DEVELOPMENT,TRUE
DEL0000319,P0000319,D0039,S004,2024-10-23,2024-11-02,10,53,53,TRUE,SIMULATED_REEM_V2,DEVELOPMENT,TRUE
DEL0000320,P0000320,D0017,S003,2024-10-24,2024-11-03,10,50,50,TRUE,SIMULATED_REEM_V2,DEVELOPMENT,TRUE
DEL0000321,P0000321,D0027,S003,2024-10-25,2024-11-02,8,449,449,TRUE,SIMULATED_REEM_V2,DEVELOPMENT,TRUE
DEL0000322,P0000322,D0050,S005,2024-10-26,2024-10-28,2,187,187,TRUE,SIMULATED_REEM_V2,DEVELOPMENT,TRUE
DEL0000323,P0000323,D0018,S009,2024-10-27,2024-11-01,5,426,426,TRUE,SIMULATED_REEM_V2,DEVELOPMENT,TRUE
DEL0000324,P0000324,D0033,S008,2024-10-28,2024-11-01,4,50,50,TRUE,SIMULATED_REEM_V2,DEVELOPMENT,TRUE
DEL0000325,P0000325,D0032,S004,2024-11-02,2024-11-10,8,178,178,TRUE,SIMULATED_REEM_V2,DEVELOPMENT,TRUE
DEL0000326,P0000326,D0043,S007,2024-11-02,2024-11-07,5,455,455,TRUE,SIMULATED_REEM_V2,DEVELOPMENT,TRUE
DEL0000327,P0000327,D0047,S003,2024-11-02,2024-11-12,10,52,52,TRUE,SIMULATED_REEM_V2,DEVELOPMENT,TRUE
DEL0000328,P0000328,D0034,S010,2024-11-04,2024-11-14,10,95,95,TRUE,SIMULATED_REEM_V2,DEVELOPMENT,TRUE
DEL0000329,P0000329,D0014,S006,2024-11-11,2024-12-02,21,50,50,TRUE,SIMULATED_REEM_V2,DEVELOPMENT,TRUE
DEL0000330,P0000330,D0024,S010,2024-11-12,2024-11-23,11,107,107,TRUE,SIMULATED_REEM_V2,DEVELOPMENT,TRUE
DEL0000331,P0000331,D0041,S009,2024-11-12,2024-11-17,5,53,53,TRUE,SIMULATED_REEM_V2,DEVELOPMENT,TRUE
DEL0000332,P0000332,D0022,S009,2024-11-13,2024-11-19,6,50,50,TRUE,SIMULATED_REEM_V2,DEVELOPMENT,TRUE
DEL0000333,P0000333,D0038,S008,2024-11-14,2024-11-16,2,155,155,TRUE,SIMULATED_REEM_V2,DEVELOPMENT,TRUE
DEL0000334,P0000334,D0042,S007,2024-11-19,2024-11-21,2,455,424,TRUE,SIMULATED_REEM_V2,DEVELOPMENT,TRUE
DEL0000335,P0000335,D0007,S003,2024-11-23,2024-12-03,10,162,162,TRUE,SIMULATED_REEM_V2,DEVELOPMENT,TRUE
DEL0000336,P0000336,D0003,S008,2024-11-25,2024-11-27,2,137,137,TRUE,SIMULATED_REEM_V2,DEVELOPMENT,TRUE
DEL0000337,P0000337,D0035,S006,2024-11-28,2024-12-17,19,296,296,TRUE,SIMULATED_REEM_V2,DEVELOPMENT,TRUE
DEL0000338,P0000338,D0048,S003,2024-11-28,2024-12-03,5,414,414,TRUE,SIMULATED_REEM_V2,DEVELOPMENT,TRUE
DEL0000339,P0000339,D0030,S006,2024-12-01,2024-12-14,13,56,56,TRUE,SIMULATED_REEM_V2,DEVELOPMENT,TRUE
DEL0000340,P0000340,D0006,S002,2024-12-02,2024-12-12,10,108,108,TRUE,SIMULATED_REEM_V2,DEVELOPMENT,TRUE
DEL0000341,P0000341,D0005,S001,2024-12-05,2024-12-15,10,318,318,TRUE,SIMULATED_REEM_V2,DEVELOPMENT,TRUE
DEL0000342,P0000342,D0029,S005,2024-12-08,2024-12-11,3,257,257,TRUE,SIMULATED_REEM_V2,DEVELOPMENT,TRUE
DEL0000343,P0000343,D0008,S002,2024-12-09,2024-12-13,4,50,50,TRUE,SIMULATED_REEM_V2,DEVELOPMENT,TRUE
DEL0000344,P0000344,D0009,S006,2024-12-09,2024-12-23,14,319,264,TRUE,SIMULATED_REEM_V2,DEVELOPMENT,TRUE
DEL0000345,P0000345,D0001,S010,2024-12-10,2024-12-17,7,400,400,TRUE,SIMULATED_REEM_V2,DEVELOPMENT,TRUE
DEL0000346,P0000346,D0010,S003,2024-12-11,2024-12-17,6,51,51,TRUE,SIMULATED_REEM_V2,DEVELOPMENT,TRUE
DEL0000347,P0000347,D0046,S006,2024-12-13,2024-12-29,16,218,218,TRUE,SIMULATED_REEM_V2,DEVELOPMENT,TRUE
DEL0000348,P0000348,D0011,S010,2024-12-15,2024-12-26,11,279,253,TRUE,SIMULATED_REEM_V2,DEVELOPMENT,TRUE
DEL0000349,P0000349,D0037,S010,2024-12-18,2024-12-27,9,52,48,TRUE,SIMULATED_REEM_V2,DEVELOPMENT,TRUE
DEL0000350,P0000350,D0021,S006,2024-12-19,2025-01-04,16,426,426,TRUE,SIMULATED_REEM_V2,DEVELOPMENT,TRUE
DEL0000351,P0000351,D0016,S002,2024-12-24,2025-01-08,15,389,389,TRUE,SIMULATED_REEM_V2,DEVELOPMENT,TRUE
DEL0000352,P0000352,D0049,S006,2024-12-24,2025-01-03,10,88,88,TRUE,SIMULATED_REEM_V2,DEVELOPMENT,TRUE
DEL0000353,P0000353,D0027,S004,2024-12-28,2025-01-05,8,449,449,TRUE,SIMULATED_REEM_V2,DEVELOPMENT,TRUE
DEL0000354,P0000354,D0039,S004,2025-01-04,2025-01-13,9,53,53,TRUE,SIMULATED_REEM_V2,DEVELOPMENT,TRUE
DEL0000355,P0000355,D0018,S007,2025-01-06,2025-01-08,2,426,426,TRUE,SIMULATED_REEM_V2,DEVELOPMENT,TRUE
DEL0000356,P0000356,D0043,S005,2025-01-06,2025-01-08,2,455,455,TRUE,SIMULATED_REEM_V2,DEVELOPMENT,TRUE
DEL0000357,P0000357,D0031,S006,2025-01-07,2025-01-22,15,50,50,TRUE,SIMULATED_REEM_V2,DEVELOPMENT,TRUE
DEL0000358,P0000358,D0050,S007,2025-01-07,2025-01-13,6,187,187,TRUE,SIMULATED_REEM_V2,DEVELOPMENT,TRUE
DEL0000359,P0000359,D0024,S003,2025-01-09,2025-01-17,8,107,107,TRUE,SIMULATED_REEM_V2,DEVELOPMENT,TRUE
DEL0000360,P0000360,D0017,S005,2025-01-10,2025-01-12,2,50,44,TRUE,SIMULATED_REEM_V2,DEVELOPMENT,TRUE
DEL0000361,P0000361,D0041,S001,2025-01-12,2025-01-16,4,53,53,TRUE,SIMULATED_REEM_V2,DEVELOPMENT,TRUE
DEL0000362,P0000362,D0032,S010,2025-01-13,2025-01-21,8,178,178,TRUE,SIMULATED_REEM_V2,DEVELOPMENT,TRUE
DEL0000363,P0000363,D0038,S005,2025-01-14,2025-01-19,5,155,155,TRUE,SIMULATED_REEM_V2,DEVELOPMENT,TRUE
DEL0000364,P0000364,D0042,S005,2025-01-14,2025-01-23,9,455,455,TRUE,SIMULATED_REEM_V2,DEVELOPMENT,TRUE
DEL0000365,P0000365,D0034,S010,2025-01-17,2025-01-27,10,95,95,TRUE,SIMULATED_REEM_V2,DEVELOPMENT,TRUE
DEL0000366,P0000366,D0047,S010,2025-01-17,2025-01-28,11,52,52,TRUE,SIMULATED_REEM_V2,DEVELOPMENT,TRUE
DEL0000367,P0000367,D0007,S008,2025-01-21,2025-01-23,2,162,162,TRUE,SIMULATED_REEM_V2,DEVELOPMENT,TRUE
DEL0000368,P0000368,D0003,S002,2025-01-23,2025-02-06,14,137,137,TRUE,SIMULATED_REEM_V2,DEVELOPMENT,TRUE
DEL0000369,P0000369,D0009,S005,2025-01-24,2025-01-26,2,319,270,TRUE,SIMULATED_REEM_V2,DEVELOPMENT,TRUE
DEL0000370,P0000370,D0033,S010,2025-01-24,2025-02-03,10,50,44,TRUE,SIMULATED_REEM_V2,DEVELOPMENT,TRUE
DEL0000371,P0000371,D0048,S003,2025-01-25,2025-01-31,6,414,414,TRUE,SIMULATED_REEM_V2,DEVELOPMENT,TRUE
DEL0000372,P0000372,D0030,S009,2025-01-26,2025-02-04,9,56,56,TRUE,SIMULATED_REEM_V2,DEVELOPMENT,TRUE
DEL0000373,P0000373,D0006,S007,2025-01-28,2025-01-30,2,108,108,TRUE,SIMULATED_REEM_V2,DEVELOPMENT,TRUE
DEL0000374,P0000374,D0029,S009,2025-01-31,2025-02-11,11,257,257,TRUE,SIMULATED_REEM_V2,DEVELOPMENT,TRUE
DEL0000375,P0000375,D0001,S004,2025-02-01,2025-02-10,9,400,400,TRUE,SIMULATED_REEM_V2,DEVELOPMENT,TRUE
DEL0000376,P0000376,D0035,S004,2025-02-01,2025-02-11,10,296,296,TRUE,SIMULATED_REEM_V2,DEVELOPMENT,TRUE
DEL0000377,P0000377,D0005,S002,2025-02-05,2025-02-13,8,318,318,TRUE,SIMULATED_REEM_V2,DEVELOPMENT,TRUE
DEL0000378,P0000378,D0011,S004,2025-02-07,2025-02-14,7,279,279,TRUE,SIMULATED_REEM_V2,DEVELOPMENT,TRUE
DEL0000379,P0000379,D0021,S005,2025-02-08,2025-02-17,9,426,426,TRUE,SIMULATED_REEM_V2,DEVELOPMENT,TRUE
DEL0000380,P0000380,D0026,S006,2025-02-08,2025-02-25,17,50,50,TRUE,SIMULATED_REEM_V2,DEVELOPMENT,TRUE
DEL0000381,P0000381,D0046,S004,2025-02-08,2025-02-22,14,218,218,TRUE,SIMULATED_REEM_V2,DEVELOPMENT,TRUE
DEL0000382,P0000382,D0010,S009,2025-02-11,2025-02-22,11,51,51,TRUE,SIMULATED_REEM_V2,DEVELOPMENT,TRUE
DEL0000383,P0000383,D0049,S001,2025-02-12,2025-02-23,11,88,71,TRUE,SIMULATED_REEM_V2,DEVELOPMENT,TRUE
DEL0000384,P0000384,D0014,S010,2025-02-13,2025-02-24,11,50,50,TRUE,SIMULATED_REEM_V2,DEVELOPMENT,TRUE
DEL0000385,P0000385,D0037,S007,2025-02-15,2025-02-17,2,52,52,TRUE,SIMULATED_REEM_V2,DEVELOPMENT,TRUE
DEL0000386,P0000386,D0016,S003,2025-02-16,2025-02-23,7,389,347,TRUE,SIMULATED_REEM_V2,DEVELOPMENT,TRUE
DEL0000387,P0000387,D0022,S010,2025-02-16,2025-02-28,12,50,50,TRUE,SIMULATED_REEM_V2,DEVELOPMENT,TRUE
DEL0000388,P0000388,D0027,S009,2025-02-16,2025-02-21,5,449,449,TRUE,SIMULATED_REEM_V2,DEVELOPMENT,TRUE
DEL0000389,P0000389,D0008,S007,2025-02-17,2025-02-20,3,50,50,TRUE,SIMULATED_REEM_V2,DEVELOPMENT,TRUE
DEL0000390,P0000390,D0017,S005,2025-02-23,2025-03-03,8,50,50,TRUE,SIMULATED_REEM_V2,DEVELOPMENT,TRUE
DEL0000391,P0000391,D0018,S009,2025-02-27,2025-03-09,10,426,426,TRUE,SIMULATED_REEM_V2,DEVELOPMENT,TRUE
DEL0000392,P0000392,D0039,S008,2025-02-27,2025-03-03,4,53,53,TRUE,SIMULATED_REEM_V2,DEVELOPMENT,TRUE
DEL0000393,P0000393,D0043,S004,2025-02-27,2025-03-09,10,455,455,TRUE,SIMULATED_REEM_V2,DEVELOPMENT,TRUE
DEL0000394,P0000394,D0024,S010,2025-02-28,2025-03-11,11,107,90,TRUE,SIMULATED_REEM_V2,DEVELOPMENT,TRUE
DEL0000395,P0000395,D0042,S004,2025-02-28,2025-03-09,9,455,455,TRUE,SIMULATED_REEM_V2,DEVELOPMENT,TRUE
DEL0000396,P0000396,D0050,S006,2025-03-01,2025-03-24,23,187,187,TRUE,SIMULATED_REEM_V2,DEVELOPMENT,TRUE
DEL0000397,P0000397,D0009,S001,2025-03-02,2025-03-14,12,319,319,TRUE,SIMULATED_REEM_V2,DEVELOPMENT,TRUE
DEL0000398,P0000398,D0041,S008,2025-03-04,2025-03-08,4,53,53,TRUE,SIMULATED_REEM_V2,DEVELOPMENT,TRUE
DEL0000399,P0000399,D0038,S002,2025-03-06,2025-03-13,7,155,155,TRUE,SIMULATED_REEM_V2,DEVELOPMENT,TRUE
DEL0000400,P0000400,D0032,S006,2025-03-08,2025-03-24,16,178,178,TRUE,SIMULATED_REEM_V2,DEVELOPMENT,TRUE
DEL0000401,P0000401,D0034,S010,2025-03-09,2025-03-20,11,95,95,TRUE,SIMULATED_REEM_V2,DEVELOPMENT,TRUE
DEL0000402,P0000402,D0007,S003,2025-03-11,2025-03-19,8,162,162,TRUE,SIMULATED_REEM_V2,DEVELOPMENT,TRUE
DEL0000403,P0000403,D0003,S009,2025-03-14,2025-03-20,6,137,119,TRUE,SIMULATED_REEM_V2,DEVELOPMENT,TRUE
DEL0000404,P0000404,D0047,S007,2025-03-14,2025-03-18,4,52,52,TRUE,SIMULATED_REEM_V2,DEVELOPMENT,TRUE
DEL0000405,P0000405,D0048,S008,2025-03-16,2025-03-22,6,414,414,TRUE,SIMULATED_REEM_V2,DEVELOPMENT,TRUE
DEL0000406,P0000406,D0001,S008,2025-03-18,2025-03-22,4,400,400,TRUE,SIMULATED_REEM_V2,DEVELOPMENT,TRUE
DEL0000407,P0000407,D0006,S004,2025-03-18,2025-03-30,12,108,108,TRUE,SIMULATED_REEM_V2,DEVELOPMENT,TRUE
DEL0000408,P0000408,D0049,S008,2025-03-20,2025-03-22,2,88,88,TRUE,SIMULATED_REEM_V2,DEVELOPMENT,TRUE
DEL0000409,P0000409,D0029,S009,2025-03-21,2025-03-29,8,257,257,TRUE,SIMULATED_REEM_V2,DEVELOPMENT,TRUE
DEL0000410,P0000410,D0035,S010,2025-03-23,2025-04-02,10,296,296,TRUE,SIMULATED_REEM_V2,DEVELOPMENT,TRUE
DEL0000411,P0000411,D0030,S001,2025-03-24,2025-04-01,8,56,56,TRUE,SIMULATED_REEM_V2,DEVELOPMENT,TRUE
DEL0000412,P0000412,D0005,S008,2025-03-27,2025-03-31,4,318,318,TRUE,SIMULATED_REEM_V2,DEVELOPMENT,TRUE
DEL0000413,P0000413,D0021,S001,2025-03-27,2025-04-10,14,426,426,TRUE,SIMULATED_REEM_V2,DEVELOPMENT,TRUE
DEL0000414,P0000414,D0046,S003,2025-03-29,2025-04-07,9,218,218,TRUE,SIMULATED_REEM_V2,DEVELOPMENT,TRUE
DEL0000415,P0000415,D0011,S001,2025-03-30,2025-04-09,10,279,279,TRUE,SIMULATED_REEM_V2,DEVELOPMENT,TRUE
DEL0000416,P0000416,D0016,S010,2025-03-30,2025-04-09,10,389,389,TRUE,SIMULATED_REEM_V2,DEVELOPMENT,TRUE
DEL0000417,P0000417,D0044,S002,2025-04-03,2025-04-10,7,50,50,TRUE,SIMULATED_REEM_V2,DEVELOPMENT,TRUE
DEL0000418,P0000418,D0024,S003,2025-04-04,2025-04-10,6,107,107,TRUE,SIMULATED_REEM_V2,DEVELOPMENT,TRUE
DEL0000419,P0000419,D0010,S003,2025-04-05,2025-04-07,2,51,51,TRUE,SIMULATED_REEM_V2,DEVELOPMENT,TRUE
DEL0000420,P0000420,D0027,S005,2025-04-05,2025-04-16,11,449,449,TRUE,SIMULATED_REEM_V2,DEVELOPMENT,TRUE
DEL0000421,P0000421,D0040,S003,2025-04-08,2025-04-17,9,50,50,TRUE,SIMULATED_REEM_V2,DEVELOPMENT,TRUE
DEL0000422,P0000422,D0037,S009,2025-04-10,2025-04-16,6,52,52,TRUE,SIMULATED_REEM_V2,DEVELOPMENT,TRUE
DEL0000423,P0000423,D0009,S001,2025-04-13,2025-04-23,10,319,319,TRUE,SIMULATED_REEM_V2,DEVELOPMENT,TRUE
DEL0000424,P0000424,D0008,S003,2025-04-14,2025-04-25,11,50,50,TRUE,SIMULATED_REEM_V2,DEVELOPMENT,TRUE
DEL0000425,P0000425,D0042,S010,2025-04-14,2025-04-25,11,455,455,TRUE,SIMULATED_REEM_V2,DEVELOPMENT,TRUE
DEL0000426,P0000426,D0014,S007,2025-04-15,2025-04-17,2,50,50,TRUE,SIMULATED_REEM_V2,DEVELOPMENT,TRUE
DEL0000427,P0000427,D0017,S003,2025-04-15,2025-04-18,3,50,50,TRUE,SIMULATED_REEM_V2,DEVELOPMENT,TRUE
DEL0000428,P0000428,D0018,S001,2025-04-16,2025-04-28,12,426,426,TRUE,SIMULATED_REEM_V2,DEVELOPMENT,TRUE
DEL0000429,P0000429,D0033,S004,2025-04-16,2025-04-26,10,50,50,TRUE,SIMULATED_REEM_V2,DEVELOPMENT,TRUE
DEL0000430,P0000430,D0043,S007,2025-04-16,2025-04-18,2,455,455,TRUE,SIMULATED_REEM_V2,DEVELOPMENT,TRUE
DEL0000431,P0000431,D0039,S008,2025-04-18,2025-04-24,6,53,53,TRUE,SIMULATED_REEM_V2,DEVELOPMENT,TRUE
DEL0000432,P0000432,D0003,S006,2025-04-21,2025-05-08,17,137,137,TRUE,SIMULATED_REEM_V2,DEVELOPMENT,TRUE
DEL0000433,P0000433,D0041,S009,2025-04-22,2025-04-30,8,53,53,TRUE,SIMULATED_REEM_V2,DEVELOPMENT,TRUE
DEL0000434,P0000434,D0038,S010,2025-04-23,2025-05-05,12,155,155,TRUE,SIMULATED_REEM_V2,DEVELOPMENT,TRUE
DEL0000435,P0000435,D0050,S008,2025-04-23,2025-04-30,7,187,187,TRUE,SIMULATED_REEM_V2,DEVELOPMENT,TRUE
DEL0000436,P0000436,D0045,S010,2025-04-24,2025-05-04,10,50,50,TRUE,SIMULATED_REEM_V2,DEVELOPMENT,TRUE
DEL0000437,P0000437,D0019,S003,2025-04-25,2025-05-02,7,50,50,TRUE,SIMULATED_REEM_V2,DEVELOPMENT,TRUE
DEL0000438,P0000438,D0022,S006,2025-04-25,2025-05-18,23,50,50,TRUE,SIMULATED_REEM_V2,DEVELOPMENT,TRUE
DEL0000439,P0000439,D0031,S008,2025-04-27,2025-04-29,2,50,50,TRUE,SIMULATED_REEM_V2,DEVELOPMENT,TRUE
DEL0000440,P0000440,D0007,S005,2025-04-28,2025-04-30,2,162,162,TRUE,SIMULATED_REEM_V2,DEVELOPMENT,TRUE
DEL0000441,P0000441,D0001,S006,2025-04-30,2025-05-17,17,400,400,TRUE,SIMULATED_REEM_V2,DEVELOPMENT,TRUE
DEL0000442,P0000442,D0026,S009,2025-04-30,2025-05-06,6,50,50,TRUE,SIMULATED_REEM_V2,DEVELOPMENT,TRUE
DEL0000443,P0000443,D0032,S004,2025-05-02,2025-05-15,13,178,178,TRUE,SIMULATED_REEM_V2,DEVELOPMENT,TRUE
DEL0000444,P0000444,D0034,S001,2025-05-02,2025-05-09,7,95,95,TRUE,SIMULATED_REEM_V2,DEVELOPMENT,TRUE
DEL0000445,P0000445,D0048,S010,2025-05-03,2025-05-13,10,414,347,TRUE,SIMULATED_REEM_V2,DEVELOPMENT,TRUE
DEL0000446,P0000446,D0029,S003,2025-05-04,2025-05-12,8,257,257,TRUE,SIMULATED_REEM_V2,DEVELOPMENT,TRUE
DEL0000447,P0000447,D0047,S004,2025-05-04,2025-05-14,10,52,52,TRUE,SIMULATED_REEM_V2,DEVELOPMENT,TRUE
DEL0000448,P0000448,D0006,S003,2025-05-05,2025-05-12,7,108,108,TRUE,SIMULATED_REEM_V2,DEVELOPMENT,TRUE
DEL0000449,P0000449,D0049,S005,2025-05-05,2025-05-16,11,88,88,TRUE,SIMULATED_REEM_V2,DEVELOPMENT,TRUE
DEL0000450,P0000450,D0021,S006,2025-05-09,2025-05-22,13,426,361,TRUE,SIMULATED_REEM_V2,DEVELOPMENT,TRUE
DEL0000451,P0000451,D0035,S004,2025-05-13,2025-05-24,11,296,296,TRUE,SIMULATED_REEM_V2,DEVELOPMENT,TRUE
DEL0000452,P0000452,D0005,S006,2025-05-16,2025-05-26,10,318,318,TRUE,SIMULATED_REEM_V2,DEVELOPMENT,TRUE
DEL0000453,P0000453,D0046,S006,2025-05-18,2025-06-01,14,218,218,TRUE,SIMULATED_REEM_V2,DEVELOPMENT,TRUE
DEL0000454,P0000454,D0016,S002,2025-05-19,2025-05-25,6,389,389,TRUE,SIMULATED_REEM_V2,DEVELOPMENT,TRUE
DEL0000455,P0000455,D0027,S006,2025-05-19,2025-06-01,13,449,449,TRUE,SIMULATED_REEM_V2,DEVELOPMENT,TRUE
DEL0000456,P0000456,D0011,S005,2025-05-20,2025-05-22,2,279,250,TRUE,SIMULATED_REEM_V2,DEVELOPMENT,TRUE
DEL0000457,P0000457,D0030,S006,2025-05-20,2025-06-03,14,56,56,TRUE,SIMULATED_REEM_V2,DEVELOPMENT,TRUE
DEL0000458,P0000458,D0010,S003,2025-05-21,2025-05-28,7,51,51,TRUE,SIMULATED_REEM_V2,DEVELOPMENT,TRUE
DEL0000459,P0000459,D0024,S007,2025-05-23,2025-05-25,2,107,107,TRUE,SIMULATED_REEM_V2,DEVELOPMENT,TRUE
DEL0000460,P0000460,D0009,S001,2025-05-29,2025-06-05,7,319,319,TRUE,SIMULATED_REEM_V2,DEVELOPMENT,TRUE
DEL0000461,P0000461,D0042,S003,2025-05-29,2025-06-03,5,455,455,TRUE,SIMULATED_REEM_V2,DEVELOPMENT,TRUE
DEL0000462,P0000462,D0017,S008,2025-06-01,2025-06-03,2,50,50,TRUE,SIMULATED_REEM_V2,DEVELOPMENT,TRUE
DEL0000463,P0000463,D0037,S006,2025-06-02,2025-06-17,15,52,52,TRUE,SIMULATED_REEM_V2,DEVELOPMENT,TRUE
DEL0000464,P0000464,D0003,S007,2025-06-04,2025-06-08,4,137,137,TRUE,SIMULATED_REEM_V2,DEVELOPMENT,TRUE
DEL0000465,P0000465,D0041,S004,2025-06-05,2025-06-11,6,53,49,TRUE,SIMULATED_REEM_V2,DEVELOPMENT,TRUE
DEL0000466,P0000466,D0043,S003,2025-06-05,2025-06-12,7,455,455,TRUE,SIMULATED_REEM_V2,DEVELOPMENT,TRUE
DEL0000467,P0000467,D0014,S002,2025-06-06,2025-06-16,10,50,50,TRUE,SIMULATED_REEM_V2,DEVELOPMENT,TRUE
DEL0000468,P0000468,D0039,S007,2025-06-09,2025-06-11,2,53,53,TRUE,SIMULATED_REEM_V2,DEVELOPMENT,TRUE
DEL0000469,P0000469,D0018,S005,2025-06-12,2025-06-14,2,426,426,TRUE,SIMULATED_REEM_V2,DEVELOPMENT,TRUE
DEL0000470,P0000470,D0038,S004,2025-06-12,2025-06-23,11,155,155,TRUE,SIMULATED_REEM_V2,DEVELOPMENT,TRUE
DEL0000471,P0000471,D0001,S002,2025-06-15,2025-06-21,6,400,400,TRUE,SIMULATED_REEM_V2,DEVELOPMENT,TRUE
DEL0000472,P0000472,D0048,S010,2025-06-18,2025-06-27,9,414,414,TRUE,SIMULATED_REEM_V2,DEVELOPMENT,TRUE
DEL0000473,P0000473,D0007,S008,2025-06-19,2025-06-26,7,162,162,TRUE,SIMULATED_REEM_V2,DEVELOPMENT,TRUE
DEL0000474,P0000474,D0050,S005,2025-06-19,2025-06-21,2,187,187,TRUE,SIMULATED_REEM_V2,DEVELOPMENT,TRUE
DEL0000475,P0000475,D0049,S003,2025-06-20,2025-06-25,5,88,88,TRUE,SIMULATED_REEM_V2,DEVELOPMENT,TRUE
DEL0000476,P0000476,D0021,S006,2025-06-21,2025-07-08,17,426,426,TRUE,SIMULATED_REEM_V2,DEVELOPMENT,TRUE
DEL0000477,P0000477,D0047,S003,2025-06-21,2025-07-01,10,52,52,TRUE,SIMULATED_REEM_V2,DEVELOPMENT,TRUE
DEL0000478,P0000478,D0008,S010,2025-06-23,2025-07-03,10,50,50,TRUE,SIMULATED_REEM_V2,DEVELOPMENT,TRUE
DEL0000479,P0000479,D0029,S009,2025-06-24,2025-06-28,4,257,257,TRUE,SIMULATED_REEM_V2,DEVELOPMENT,TRUE
DEL0000480,P0000480,D0006,S005,2025-06-25,2025-06-27,2,108,108,TRUE,SIMULATED_REEM_V2,DEVELOPMENT,TRUE
DEL0000481,P0000481,D0034,S005,2025-06-27,2025-06-29,2,95,95,TRUE,SIMULATED_REEM_V2,DEVELOPMENT,TRUE
DEL0000482,P0000482,D0032,S004,2025-07-01,2025-07-09,8,178,155,TRUE,SIMULATED_REEM_V2,DEVELOPMENT,TRUE
DEL0000483,P0000483,D0033,S010,2025-07-02,2025-07-13,11,50,50,TRUE,SIMULATED_REEM_V2,DEVELOPMENT,TRUE
DEL0000484,P0000484,D0027,S004,2025-07-08,2025-07-17,9,449,379,TRUE,SIMULATED_REEM_V2,DEVELOPMENT,TRUE
DEL0000485,P0000485,D0005,S008,2025-07-09,2025-07-12,3,318,318,TRUE,SIMULATED_REEM_V2,DEVELOPMENT,TRUE
DEL0000486,P0000486,D0022,S001,2025-07-10,2025-07-20,10,50,50,TRUE,SIMULATED_REEM_V2,DEVELOPMENT,TRUE
DEL0000487,P0000487,D0035,S004,2025-07-10,2025-07-19,9,296,296,TRUE,SIMULATED_REEM_V2,DEVELOPMENT,TRUE
DEL0000488,P0000488,D0011,S007,2025-07-11,2025-07-13,2,279,279,TRUE,SIMULATED_REEM_V2,DEVELOPMENT,TRUE
DEL0000489,P0000489,D0016,S009,2025-07-11,2025-07-18,7,389,317,TRUE,SIMULATED_REEM_V2,DEVELOPMENT,TRUE
DEL0000490,P0000490,D0024,S005,2025-07-13,2025-07-19,6,107,107,TRUE,SIMULATED_REEM_V2,DEVELOPMENT,TRUE
DEL0000491,P0000491,D0046,S010,2025-07-14,2025-07-25,11,218,218,TRUE,SIMULATED_REEM_V2,DEVELOPMENT,TRUE
DEL0000492,P0000492,D0010,S007,2025-07-19,2025-07-21,2,51,51,TRUE,SIMULATED_REEM_V2,DEVELOPMENT,TRUE
DEL0000493,P0000493,D0009,S009,2025-07-21,2025-07-28,7,319,319,TRUE,SIMULATED_REEM_V2,DEVELOPMENT,TRUE
DEL0000494,P0000494,D0030,S005,2025-07-21,2025-08-03,13,56,56,TRUE,SIMULATED_REEM_V2,DEVELOPMENT,TRUE
DEL0000495,P0000495,D0012,S007,2025-07-22,2025-07-24,2,50,50,TRUE,SIMULATED_REEM_V2,DEVELOPMENT,TRUE
DEL0000496,P0000496,D0042,S006,2025-07-22,2025-08-11,20,455,455,TRUE,SIMULATED_REEM_V2,DEVELOPMENT,TRUE
DEL0000497,P0000497,D0003,S004,2025-07-25,2025-08-02,8,137,137,TRUE,SIMULATED_REEM_V2,DEVELOPMENT,TRUE
DEL0000498,P0000498,D0041,S002,2025-07-26,2025-08-03,8,53,53,TRUE,SIMULATED_REEM_V2,DEVELOPMENT,TRUE
DEL0000499,P0000499,D0043,S003,2025-08-05,2025-08-12,7,455,455,TRUE,SIMULATED_REEM_V2,DEVELOPMENT,TRUE
DEL0000500,P0000500,D0017,S004,2025-08-08,2025-08-16,8,50,50,TRUE,SIMULATED_REEM_V2,DEVELOPMENT,TRUE
DEL0000501,P0000501,D0038,S001,2025-08-11,2025-08-17,6,155,155,TRUE,SIMULATED_REEM_V2,DEVELOPMENT,TRUE
DEL0000502,P0000502,D0037,S007,2025-08-14,2025-08-16,2,52,52,TRUE,SIMULATED_REEM_V2,DEVELOPMENT,TRUE
DEL0000503,P0000503,D0001,S009,2025-08-16,2025-08-22,6,400,400,TRUE,SIMULATED_REEM_V2,DEVELOPMENT,TRUE
DEL0000504,P0000504,D0049,S008,2025-08-16,2025-08-19,3,88,88,TRUE,SIMULATED_REEM_V2,DEVELOPMENT,TRUE
DEL0000505,P0000505,D0018,S006,2025-08-17,2025-08-30,13,426,426,TRUE,SIMULATED_REEM_V2,DEVELOPMENT,TRUE
DEL0000506,P0000506,D0021,S005,2025-08-19,2025-08-26,7,426,426,TRUE,SIMULATED_REEM_V2,DEVELOPMENT,TRUE
DEL0000507,P0000507,D0039,S003,2025-08-19,2025-08-26,7,53,53,TRUE,SIMULATED_REEM_V2,DEVELOPMENT,TRUE
DEL0000508,P0000508,D0040,S004,2025-08-20,2025-08-28,8,50,50,TRUE,SIMULATED_REEM_V2,DEVELOPMENT,TRUE
DEL0000509,P0000509,D0048,S005,2025-08-20,2025-08-22,2,414,414,TRUE,SIMULATED_REEM_V2,DEVELOPMENT,TRUE
DEL0000510,P0000510,D0007,S005,2025-08-23,2025-08-26,3,162,162,TRUE,SIMULATED_REEM_V2,DEVELOPMENT,TRUE
DEL0000511,P0000511,D0020,S010,2025-08-24,2025-09-05,12,50,50,TRUE,SIMULATED_REEM_V2,DEVELOPMENT,TRUE
DEL0000512,P0000512,D0029,S006,2025-08-25,2025-09-12,18,257,257,TRUE,SIMULATED_REEM_V2,DEVELOPMENT,TRUE
DEL0000513,P0000513,D0050,S010,2025-08-27,2025-09-07,11,187,187,TRUE,SIMULATED_REEM_V2,DEVELOPMENT,TRUE
DEL0000514,P0000514,D0027,S010,2025-08-29,2025-09-10,12,449,449,TRUE,SIMULATED_REEM_V2,DEVELOPMENT,TRUE
DEL0000515,P0000515,D0047,S007,2025-08-29,2025-09-01,3,52,52,TRUE,SIMULATED_REEM_V2,DEVELOPMENT,TRUE
DEL0000516,P0000516,D0006,S009,2025-08-31,2025-09-05,5,108,108,TRUE,SIMULATED_REEM_V2,DEVELOPMENT,TRUE
DEL0000517,P0000517,D0026,S001,2025-09-01,2025-09-11,10,50,50,TRUE,SIMULATED_REEM_V2,DEVELOPMENT,TRUE
DEL0000518,P0000518,D0016,S008,2025-09-03,2025-09-05,2,389,389,TRUE,SIMULATED_REEM_V2,DEVELOPMENT,TRUE
DEL0000519,P0000519,D0014,S010,2025-09-05,2025-09-15,10,50,43,TRUE,SIMULATED_REEM_V2,DEVELOPMENT,TRUE
DEL0000520,P0000520,D0032,S009,2025-09-06,2025-09-08,2,178,178,TRUE,SIMULATED_REEM_V2,DEVELOPMENT,TRUE
DEL0000521,P0000521,D0034,S009,2025-09-07,2025-09-11,4,95,78,TRUE,SIMULATED_REEM_V2,DEVELOPMENT,TRUE
DEL0000522,P0000522,D0024,S004,2025-09-14,2025-09-23,9,107,107,TRUE,SIMULATED_REEM_V2,DEVELOPMENT,TRUE
DEL0000523,P0000523,D0005,S008,2025-09-23,2025-09-25,2,318,318,TRUE,SIMULATED_REEM_V2,DEVELOPMENT,TRUE
DEL0000524,P0000524,D0008,S001,2025-09-25,2025-10-05,10,50,50,TRUE,SIMULATED_REEM_V2,DEVELOPMENT,TRUE
DEL0000525,P0000525,D0031,S008,2025-09-25,2025-09-27,2,50,50,TRUE,SIMULATED_REEM_V2,DEVELOPMENT,TRUE
DEL0000526,P0000526,D0046,S002,2025-09-25,2025-10-03,8,218,218,TRUE,SIMULATED_REEM_V2,DEVELOPMENT,TRUE
DEL0000527,P0000527,D0011,S002,2025-09-26,2025-10-09,13,279,279,TRUE,SIMULATED_REEM_V2,DEVELOPMENT,TRUE
DEL0000528,P0000528,D0042,S005,2025-09-26,2025-10-03,7,455,455,TRUE,SIMULATED_REEM_V2,DEVELOPMENT,TRUE
DEL0000529,P0000529,D0035,S002,2025-09-27,2025-10-09,12,296,296,TRUE,SIMULATED_REEM_V2,DEVELOPMENT,TRUE
DEL0000530,P0000530,D0009,S006,2025-09-28,2025-10-18,20,319,319,TRUE,SIMULATED_REEM_V2,DEVELOPMENT,TRUE
DEL0000531,P0000531,D0010,S001,2025-10-01,2025-10-12,11,51,51,TRUE,SIMULATED_REEM_V2,DEVELOPMENT,TRUE
DEL0000532,P0000532,D0019,S002,2025-10-02,2025-10-13,11,50,50,TRUE,SIMULATED_REEM_V2,DEVELOPMENT,TRUE
DEL0000533,P0000533,D0003,S010,2025-10-03,2025-10-14,11,137,137,TRUE,SIMULATED_REEM_V2,DEVELOPMENT,TRUE
DEL0000534,P0000534,D0030,S001,2025-10-06,2025-10-17,11,56,56,TRUE,SIMULATED_REEM_V2,DEVELOPMENT,TRUE
DEL0000535,P0000535,D0041,S008,2025-10-13,2025-10-15,2,53,53,TRUE,SIMULATED_REEM_V2,DEVELOPMENT,TRUE
DEL0000536,P0000536,D0017,S001,2025-10-14,2025-10-25,11,50,50,TRUE,SIMULATED_REEM_V2,DEVELOPMENT,TRUE
DEL0000537,P0000537,D0043,S010,2025-10-14,2025-10-22,8,455,455,TRUE,SIMULATED_REEM_V2,DEVELOPMENT,TRUE
DEL0000538,P0000538,D0044,S004,2025-10-21,2025-10-31,10,50,50,TRUE,SIMULATED_REEM_V2,DEVELOPMENT,TRUE
DEL0000539,P0000539,D0033,S002,2025-10-25,2025-11-04,10,50,50,TRUE,SIMULATED_REEM_V2,DEVELOPMENT,TRUE
DEL0000540,P0000540,D0049,S009,2025-10-25,2025-10-31,6,88,88,TRUE,SIMULATED_REEM_V2,DEVELOPMENT,TRUE
DEL0000541,P0000541,D0001,S005,2025-10-27,2025-11-03,7,400,400,TRUE,SIMULATED_REEM_V2,DEVELOPMENT,TRUE
DEL0000542,P0000542,D0038,S009,2025-10-28,2025-10-30,2,155,155,TRUE,SIMULATED_REEM_V2,DEVELOPMENT,TRUE
DEL0000543,P0000543,D0021,S009,2025-10-31,2025-11-02,2,426,381,TRUE,SIMULATED_REEM_V2,DEVELOPMENT,TRUE
DEL0000544,P0000544,D0048,S003,2025-11-02,2025-11-10,8,414,414,TRUE,SIMULATED_REEM_V2,DEVELOPMENT,TRUE
DEL0000545,P0000545,D0018,S004,2025-11-04,2025-11-11,7,426,426,TRUE,SIMULATED_REEM_V2,DEVELOPMENT,TRUE
DEL0000546,P0000546,D0037,S002,2025-11-05,2025-11-14,9,52,52,TRUE,SIMULATED_REEM_V2,DEVELOPMENT,TRUE
DEL0000547,P0000547,D0029,S004,2025-11-06,2025-11-18,12,257,257,TRUE,SIMULATED_REEM_V2,DEVELOPMENT,TRUE
DEL0000548,P0000548,D0027,S009,2025-11-08,2025-11-11,3,449,449,TRUE,SIMULATED_REEM_V2,DEVELOPMENT,TRUE
DEL0000549,P0000549,D0007,S010,2025-11-09,2025-11-19,10,162,162,TRUE,SIMULATED_REEM_V2,DEVELOPMENT,TRUE
DEL0000550,P0000550,D0034,S001,2025-11-13,2025-11-25,12,95,95,TRUE,SIMULATED_REEM_V2,DEVELOPMENT,TRUE
DEL0000551,P0000551,D0039,S007,2025-11-13,2025-11-19,6,53,53,TRUE,SIMULATED_REEM_V2,DEVELOPMENT,TRUE
DEL0000552,P0000552,D0006,S005,2025-11-14,2025-11-16,2,108,108,TRUE,SIMULATED_REEM_V2,DEVELOPMENT,TRUE
DEL0000553,P0000553,D0050,S002,2025-11-14,2025-11-27,13,187,187,TRUE,SIMULATED_REEM_V2,DEVELOPMENT,TRUE
DEL0000554,P0000554,D0016,S009,2025-11-16,2025-11-20,4,389,389,TRUE,SIMULATED_REEM_V2,DEVELOPMENT,TRUE
DEL0000555,P0000555,D0047,S002,2025-11-23,2025-12-01,8,52,52,TRUE,SIMULATED_REEM_V2,DEVELOPMENT,TRUE
DEL0000556,P0000556,D0022,S006,2025-11-24,2025-12-11,17,50,43,TRUE,SIMULATED_REEM_V2,DEVELOPMENT,TRUE
DEL0000557,P0000557,D0014,S007,2025-11-27,2025-11-29,2,50,50,TRUE,SIMULATED_REEM_V2,DEVELOPMENT,TRUE
DEL0000558,P0000558,D0024,S008,2025-12-01,2025-12-05,4,107,107,TRUE,SIMULATED_REEM_V2,DEVELOPMENT,TRUE
DEL0000559,P0000559,D0032,S004,2025-12-01,2025-12-09,8,178,178,TRUE,SIMULATED_REEM_V2,DEVELOPMENT,TRUE
DEL0000560,P0000560,D0009,S005,2025-12-04,2025-12-06,2,319,319,TRUE,SIMULATED_REEM_V2,DEVELOPMENT,TRUE
DEL0000561,P0000561,D0042,S007,2025-12-04,2025-12-06,2,455,455,TRUE,SIMULATED_REEM_V2,DEVELOPMENT,TRUE
DEL0000562,P0000562,D0041,S005,2025-12-07,2025-12-15,8,53,53,TRUE,SIMULATED_REEM_V2,DEVELOPMENT,TRUE
DEL0000563,P0000563,D0005,S009,2025-12-09,2025-12-16,7,318,318,TRUE,SIMULATED_REEM_V2,DEVELOPMENT,TRUE
DEL0000564,P0000564,D0003,S002,2025-12-10,2025-12-24,14,137,137,TRUE,SIMULATED_REEM_V2,DEVELOPMENT,TRUE
DEL0000565,P0000565,D0011,S003,2025-12-10,2025-12-18,8,279,279,TRUE,SIMULATED_REEM_V2,DEVELOPMENT,TRUE
DEL0000566,P0000566,D0046,S001,2025-12-13,2025-12-25,12,218,218,TRUE,SIMULATED_REEM_V2,DEVELOPMENT,TRUE
DEL0000567,P0000567,D0010,S006,2025-12-16,2025-12-22,6,51,51,TRUE,SIMULATED_REEM_V2,DEVELOPMENT,TRUE
DEL0000568,P0000568,D0035,S003,2025-12-16,2025-12-23,7,296,296,TRUE,SIMULATED_REEM_V2,DEVELOPMENT,TRUE
DEL0000569,P0000569,D0043,S007,2025-12-18,2025-12-22,4,455,455,TRUE,SIMULATED_REEM_V2,DEVELOPMENT,TRUE
DEL0000570,P0000570,D0030,S003,2025-12-21,2025-12-31,10,56,56,TRUE,SIMULATED_REEM_V2,DEVELOPMENT,TRUE
DEL0000571,P0000571,D0001,S004,2025-12-22,2025-12-29,7,400,400,TRUE,SIMULATED_REEM_V2,DEVELOPMENT,TRUE
DEL0000572,P0000572,D0021,S005,2025-12-24,2025-12-26,2,426,426,TRUE,SIMULATED_REEM_V2,DEVELOPMENT,TRUE
DEL0000573,P0000573,D0045,S001,2025-12-24,2026-01-02,9,50,50,TRUE,SIMULATED_REEM_V2,DEVELOPMENT,TRUE
DEL0000574,P0000574,D0017,S006,2025-12-25,2025-12-31,6,50,50,TRUE,SIMULATED_REEM_V2,DEVELOPMENT,TRUE
DEL0000575,P0000575,D0008,S005,2026-01-01,2026-01-03,2,50,50,TRUE,SIMULATED_REEM_V2,DEVELOPMENT,TRUE
DEL0000576,P0000576,D0049,S001,2026-01-01,2026-01-11,10,88,88,TRUE,SIMULATED_REEM_V2,DEVELOPMENT,TRUE
DEL0000577,P0000577,D0038,S003,2026-01-03,2026-01-10,7,155,155,TRUE,SIMULATED_REEM_V2,DEVELOPMENT,TRUE
DEL0000578,P0000578,D0029,S004,2026-01-05,2026-01-14,9,257,257,TRUE,SIMULATED_REEM_V2,DEVELOPMENT,TRUE
DEL0000579,P0000579,D0048,S004,2026-01-05,2026-01-20,15,414,389,TRUE,SIMULATED_REEM_V2,DEVELOPMENT,TRUE
DEL0000580,P0000580,D0027,S001,2026-01-07,2026-01-18,11,449,449,TRUE,SIMULATED_REEM_V2,DEVELOPMENT,TRUE
DEL0000581,P0000581,D0026,S004,2026-01-09,2026-01-20,11,50,50,TRUE,SIMULATED_REEM_V2,DEVELOPMENT,TRUE
DEL0000582,P0000582,D0018,S009,2026-01-10,2026-01-20,10,426,426,TRUE,SIMULATED_REEM_V2,DEVELOPMENT,TRUE
DEL0000583,P0000583,D0006,S001,2026-01-12,2026-01-21,9,108,108,TRUE,SIMULATED_REEM_V2,DEVELOPMENT,TRUE
DEL0000584,P0000584,D0037,S008,2026-01-14,2026-01-16,2,52,52,TRUE,SIMULATED_REEM_V2,DEVELOPMENT,TRUE
DEL0000585,P0000585,D0016,S009,2026-01-16,2026-01-22,6,389,389,TRUE,SIMULATED_REEM_V2,DEVELOPMENT,TRUE
DEL0000586,P0000586,D0007,S007,2026-01-18,2026-01-22,4,162,162,TRUE,SIMULATED_REEM_V2,DEVELOPMENT,TRUE
DEL0000587,P0000587,D0039,S004,2026-01-19,2026-01-30,11,53,53,TRUE,SIMULATED_REEM_V2,DEVELOPMENT,TRUE
DEL0000588,P0000588,D0050,S005,2026-01-19,2026-01-21,2,187,187,TRUE,SIMULATED_REEM_V2,DEVELOPMENT,TRUE
DEL0000589,P0000589,D0034,S002,2026-01-20,2026-01-30,10,95,95,TRUE,SIMULATED_REEM_V2,DEVELOPMENT,TRUE
DEL0000590,P0000590,D0047,S004,2026-01-24,2026-02-05,12,52,44,TRUE,SIMULATED_REEM_V2,DEVELOPMENT,TRUE
DEL0000591,P0000591,D0042,S004,2026-01-26,2026-02-03,8,455,455,TRUE,SIMULATED_REEM_V2,DEVELOPMENT,TRUE
DEL0000592,P0000592,D0024,S002,2026-01-27,2026-02-10,14,107,89,TRUE,SIMULATED_REEM_V2,DEVELOPMENT,TRUE
DEL0000593,P0000593,D0041,S005,2026-01-27,2026-01-29,2,53,53,TRUE,SIMULATED_REEM_V2,DEVELOPMENT,TRUE
DEL0000594,P0000594,D0009,S005,2026-01-28,2026-02-03,6,319,294,TRUE,SIMULATED_REEM_V2,DEVELOPMENT,TRUE
DEL0000595,P0000595,D0031,S010,2026-02-01,2026-02-13,12,50,50,TRUE,SIMULATED_REEM_V2,DEVELOPMENT,TRUE
DEL0000596,P0000596,D0033,S010,2026-02-02,2026-02-13,11,50,50,TRUE,SIMULATED_REEM_V2,DEVELOPMENT,TRUE
DEL0000597,P0000597,D0040,S004,2026-02-02,2026-02-10,8,50,50,TRUE,SIMULATED_REEM_V2,DEVELOPMENT,TRUE
DEL0000598,P0000598,D0014,S003,2026-02-03,2026-02-10,7,50,50,TRUE,SIMULATED_REEM_V2,DEVELOPMENT,TRUE
DEL0000599,P0000599,D0032,S009,2026-02-04,2026-02-08,4,178,158,TRUE,SIMULATED_REEM_V2,DEVELOPMENT,TRUE
DEL0000600,P0000600,D0005,S007,2026-02-05,2026-02-07,2,318,280,TRUE,SIMULATED_REEM_V2,DEVELOPMENT,TRUE
DEL0000601,P0000601,D0003,S010,2026-02-06,2026-02-16,10,137,137,TRUE,SIMULATED_REEM_V2,DEVELOPMENT,TRUE
DEL0000602,P0000602,D0011,S001,2026-02-07,2026-02-24,17,279,279,TRUE,SIMULATED_REEM_V2,DEVELOPMENT,TRUE
DEL0000603,P0000603,D0043,S010,2026-02-07,2026-02-17,10,455,455,TRUE,SIMULATED_REEM_V2,DEVELOPMENT,TRUE
DEL0000604,P0000604,D0022,S007,2026-02-08,2026-02-10,2,50,50,TRUE,SIMULATED_REEM_V2,DEVELOPMENT,TRUE
DEL0000605,P0000605,D0046,S007,2026-02-09,2026-02-12,3,218,218,TRUE,SIMULATED_REEM_V2,DEVELOPMENT,TRUE
DEL0000606,P0000606,D0002,S009,2026-02-10,2026-02-16,6,50,50,TRUE,SIMULATED_REEM_V2,DEVELOPMENT,TRUE
DEL0000607,P0000607,D0001,S002,2026-02-11,2026-02-21,10,400,400,TRUE,SIMULATED_REEM_V2,DEVELOPMENT,TRUE
DEL0000608,P0000608,D0021,S010,2026-02-13,2026-02-22,9,426,426,TRUE,SIMULATED_REEM_V2,DEVELOPMENT,TRUE
DEL0000609,P0000609,D0030,S001,2026-02-14,2026-02-25,11,56,56,TRUE,SIMULATED_REEM_V2,DEVELOPMENT,TRUE
DEL0000610,P0000610,D0010,S009,2026-02-15,2026-02-22,7,51,51,TRUE,SIMULATED_REEM_V2,DEVELOPMENT,TRUE
DEL0000611,P0000611,D0035,S010,2026-02-16,2026-02-27,11,296,253,TRUE,SIMULATED_REEM_V2,DEVELOPMENT,TRUE
DEL0000612,P0000612,D0017,S002,2026-02-18,2026-03-04,14,50,50,TRUE,SIMULATED_REEM_V2,DEVELOPMENT,TRUE
DEL0000613,P0000613,D0029,S004,2026-02-21,2026-03-01,8,257,257,TRUE,SIMULATED_REEM_V2,DEVELOPMENT,TRUE
DEL0000614,P0000614,D0049,S005,2026-02-22,2026-02-24,2,88,88,TRUE,SIMULATED_REEM_V2,DEVELOPMENT,TRUE
DEL0000615,P0000615,D0038,S001,2026-02-23,2026-03-01,6,155,155,TRUE,SIMULATED_REEM_V2,DEVELOPMENT,TRUE
DEL0000616,P0000616,D0027,S002,2026-02-24,2026-03-05,9,449,449,TRUE,SIMULATED_REEM_V2,DEVELOPMENT,TRUE
DEL0000617,P0000617,D0048,S010,2026-02-24,2026-03-07,11,414,414,TRUE,SIMULATED_REEM_V2,DEVELOPMENT,TRUE
DEL0000618,P0000618,D0018,S010,2026-03-03,2026-03-15,12,426,426,TRUE,SIMULATED_REEM_V2,DEVELOPMENT,TRUE
DEL0000619,P0000619,D0012,S006,2026-03-05,2026-03-27,22,50,50,TRUE,SIMULATED_REEM_V2,DEVELOPMENT,TRUE
DEL0000620,P0000620,D0016,S001,2026-03-06,2026-03-15,9,389,389,TRUE,SIMULATED_REEM_V2,DEVELOPMENT,TRUE
DEL0000621,P0000621,D0024,S007,2026-03-07,2026-03-10,3,107,107,TRUE,SIMULATED_REEM_V2,DEVELOPMENT,TRUE
DEL0000622,P0000622,D0006,S001,2026-03-08,2026-03-14,6,108,108,TRUE,SIMULATED_REEM_V2,DEVELOPMENT,TRUE
DEL0000623,P0000623,D0007,S006,2026-03-08,2026-03-20,12,162,162,TRUE,SIMULATED_REEM_V2,DEVELOPMENT,TRUE
DEL0000624,P0000624,D0041,S004,2026-03-08,2026-03-20,12,53,47,TRUE,SIMULATED_REEM_V2,DEVELOPMENT,TRUE
DEL0000625,P0000625,D0047,S004,2026-03-11,2026-03-18,7,52,52,TRUE,SIMULATED_REEM_V2,DEVELOPMENT,TRUE
DEL0000626,P0000626,D0025,S004,2026-03-12,2026-03-19,7,50,50,TRUE,SIMULATED_REEM_V2,DEVELOPMENT,TRUE
DEL0000627,P0000627,D0037,S008,2026-03-12,2026-03-16,4,52,45,TRUE,SIMULATED_REEM_V2,DEVELOPMENT,TRUE
DEL0000628,P0000628,D0050,S006,2026-03-13,2026-03-22,9,187,161,TRUE,SIMULATED_REEM_V2,DEVELOPMENT,TRUE
DEL0000629,P0000629,D0008,S004,2026-03-14,2026-03-19,5,50,50,TRUE,SIMULATED_REEM_V2,DEVELOPMENT,TRUE
DEL0000630,P0000630,D0009,S001,2026-03-14,2026-03-26,12,319,319,TRUE,SIMULATED_REEM_V2,DEVELOPMENT,TRUE
DEL0000631,P0000631,D0034,S001,2026-03-16,2026-03-28,12,95,95,TRUE,SIMULATED_REEM_V2,DEVELOPMENT,TRUE
DEL0000632,P0000632,D0039,S007,2026-03-16,2026-03-19,3,53,53,TRUE,SIMULATED_REEM_V2,DEVELOPMENT,TRUE
DEL0000633,P0000633,D0042,S010,2026-03-18,2026-03-28,10,455,455,TRUE,SIMULATED_REEM_V2,DEVELOPMENT,TRUE
DEL0000634,P0000634,D0003,S003,2026-03-22,2026-03-31,9,137,137,TRUE,SIMULATED_REEM_V2,DEVELOPMENT,TRUE
DEL0000635,P0000635,D0001,S003,2026-03-23,2026-04-02,10,400,400,TRUE,SIMULATED_REEM_V2,DEVELOPMENT,TRUE
DEL0000636,P0000636,D0019,S005,2026-03-23,2026-04-03,11,50,50,TRUE,SIMULATED_REEM_V2,DEVELOPMENT,TRUE
DEL0000637,P0000637,D0043,S005,2026-03-23,2026-03-28,5,455,455,TRUE,SIMULATED_REEM_V2,DEVELOPMENT,TRUE
DEL0000638,P0000638,D0005,S009,2026-03-25,2026-03-27,2,318,318,TRUE,SIMULATED_REEM_V2,DEVELOPMENT,TRUE
DEL0000639,P0000639,D0032,S010,2026-03-25,2026-04-05,11,178,178,TRUE,SIMULATED_REEM_V2,DEVELOPMENT,TRUE
DEL0000640,P0000640,D0021,S007,2026-03-27,2026-03-29,2,426,426,TRUE,SIMULATED_REEM_V2,DEVELOPMENT,TRUE
DEL0000641,P0000641,D0011,S001,2026-03-28,2026-04-04,7,279,279,TRUE,SIMULATED_REEM_V2,DEVELOPMENT,TRUE
DEL0000642,P0000642,D0046,S003,2026-03-31,2026-04-10,10,218,218,TRUE,SIMULATED_REEM_V2,DEVELOPMENT,TRUE
DEL0000643,P0000643,D0035,S009,2026-04-01,2026-04-03,2,296,296,TRUE,SIMULATED_REEM_V2,DEVELOPMENT,TRUE
DEL0000644,P0000644,D0029,S002,2026-04-02,2026-04-08,6,257,257,TRUE,SIMULATED_REEM_V2,DEVELOPMENT,TRUE
DEL0000645,P0000645,D0049,S005,2026-04-05,2026-04-07,2,88,88,TRUE,SIMULATED_REEM_V2,DEVELOPMENT,TRUE
DEL0000646,P0000646,D0017,S006,2026-04-06,2026-04-11,5,50,50,TRUE,SIMULATED_REEM_V2,DEVELOPMENT,TRUE
DEL0000647,P0000647,D0014,S007,2026-04-10,2026-04-14,4,50,47,TRUE,SIMULATED_REEM_V2,DEVELOPMENT,TRUE
DEL0000648,P0000648,D0026,S008,2026-04-10,2026-04-16,6,50,50,TRUE,SIMULATED_REEM_V2,DEVELOPMENT,TRUE
DEL0000649,P0000649,D0027,S001,2026-04-10,2026-04-21,11,449,449,TRUE,SIMULATED_REEM_V2,DEVELOPMENT,TRUE
DEL0000650,P0000650,D0038,S006,2026-04-12,2026-04-23,11,155,133,TRUE,SIMULATED_REEM_V2,DEVELOPMENT,TRUE
DEL0000651,P0000651,D0030,S004,2026-04-14,2026-04-25,11,56,56,TRUE,SIMULATED_REEM_V2,DEVELOPMENT,TRUE
DEL0000652,P0000652,D0048,S009,2026-04-14,2026-04-18,4,414,414,TRUE,SIMULATED_REEM_V2,DEVELOPMENT,TRUE
DEL0000653,P0000653,D0010,S004,2026-04-15,2026-04-27,12,51,51,TRUE,SIMULATED_REEM_V2,DEVELOPMENT,TRUE
DEL0000654,P0000654,D0041,S002,2026-04-17,2026-04-29,12,53,53,TRUE,SIMULATED_REEM_V2,DEVELOPMENT,TRUE
DEL0000655,P0000655,D0024,S001,2026-04-19,2026-04-26,7,107,107,TRUE,SIMULATED_REEM_V2,DEVELOPMENT,TRUE
DEL0000656,P0000656,D0028,S003,2026-04-20,2026-04-28,8,50,50,TRUE,SIMULATED_REEM_V2,DEVELOPMENT,TRUE
DEL0000657,P0000657,D0033,S008,2026-04-22,2026-04-28,6,50,50,TRUE,SIMULATED_REEM_V2,DEVELOPMENT,TRUE
DEL0000658,P0000658,D0016,S003,2026-04-23,2026-04-30,7,389,389,TRUE,SIMULATED_REEM_V2,DEVELOPMENT,TRUE
DEL0000659,P0000659,D0006,S005,2026-04-24,2026-04-26,2,108,108,TRUE,SIMULATED_REEM_V2,DEVELOPMENT,TRUE
DEL0000660,P0000660,D0007,S003,2026-04-26,2026-05-02,6,162,162,TRUE,SIMULATED_REEM_V2,DEVELOPMENT,TRUE
DEL0000661,P0000661,D0009,S004,2026-04-26,2026-05-05,9,319,319,TRUE,SIMULATED_REEM_V2,DEVELOPMENT,TRUE
DEL0000662,P0000662,D0022,S006,2026-04-26,2026-05-12,16,50,50,TRUE,SIMULATED_REEM_V2,DEVELOPMENT,TRUE
DEL0000663,P0000663,D0042,S008,2026-04-26,2026-04-28,2,455,455,TRUE,SIMULATED_REEM_V2,DEVELOPMENT,TRUE
DEL0000664,P0000664,D0050,S003,2026-04-26,2026-05-05,9,187,187,TRUE,SIMULATED_REEM_V2,DEVELOPMENT,TRUE
DEL0000665,P0000665,D0018,S008,2026-04-29,2026-05-04,5,426,426,TRUE,SIMULATED_REEM_V2,DEVELOPMENT,TRUE
DEL0000666,P0000666,D0037,S001,2026-04-29,2026-05-04,5,52,52,TRUE,SIMULATED_REEM_V2,DEVELOPMENT,TRUE
DEL0000667,P0000667,D0001,S010,2026-04-30,2026-05-11,11,400,364,TRUE,SIMULATED_REEM_V2,DEVELOPMENT,TRUE
DEL0000668,P0000668,D0034,S002,2026-05-02,2026-05-14,12,95,95,TRUE,SIMULATED_REEM_V2,DEVELOPMENT,TRUE
DEL0000669,P0000669,D0039,S008,2026-05-02,2026-05-04,2,53,53,TRUE,SIMULATED_REEM_V2,DEVELOPMENT,TRUE
DEL0000670,P0000670,D0044,S004,2026-05-02,2026-05-10,8,50,50,TRUE,SIMULATED_REEM_V2,DEVELOPMENT,TRUE
DEL0000671,P0000671,D0047,S002,2026-05-02,2026-05-06,4,52,52,TRUE,SIMULATED_REEM_V2,DEVELOPMENT,TRUE
DEL0000672,P0000672,D0003,S007,2026-05-06,2026-05-08,2,137,137,TRUE,SIMULATED_REEM_V2,DEVELOPMENT,TRUE
DEL0000673,P0000673,D0021,S010,2026-05-08,2026-05-20,12,426,426,TRUE,SIMULATED_REEM_V2,DEVELOPMENT,TRUE
DEL0000674,P0000674,D0043,S008,2026-05-08,2026-05-11,3,455,455,TRUE,SIMULATED_REEM_V2,DEVELOPMENT,TRUE
DEL0000675,P0000675,D0008,S009,2026-05-09,2026-05-18,9,50,50,TRUE,SIMULATED_REEM_V2,DEVELOPMENT,TRUE
DEL0000676,P0000676,D0005,S006,2026-05-15,2026-06-03,19,318,318,TRUE,SIMULATED_REEM_V2,DEVELOPMENT,TRUE
DEL0000677,P0000677,D0029,S003,2026-05-15,2026-05-23,8,257,257,TRUE,SIMULATED_REEM_V2,DEVELOPMENT,TRUE
DEL0000678,P0000678,D0032,S001,2026-05-15,2026-05-21,6,178,178,TRUE,SIMULATED_REEM_V2,DEVELOPMENT,TRUE
DEL0000679,P0000679,D0011,S007,2026-05-16,2026-05-18,2,279,279,TRUE,SIMULATED_REEM_V2,DEVELOPMENT,TRUE
DEL0000680,P0000680,D0046,S004,2026-05-16,2026-05-25,9,218,218,TRUE,SIMULATED_REEM_V2,DEVELOPMENT,TRUE
DEL0000681,P0000681,D0049,S005,2026-05-19,2026-05-21,2,88,88,TRUE,SIMULATED_REEM_V2,DEVELOPMENT,TRUE
DEL0000682,P0000682,D0035,S006,2026-05-21,2026-06-05,15,296,296,TRUE,SIMULATED_REEM_V2,DEVELOPMENT,TRUE
DEL0000683,P0000683,D0038,S008,2026-05-21,2026-05-23,2,155,155,TRUE,SIMULATED_REEM_V2,DEVELOPMENT,TRUE
DEL0000684,P0000684,D0040,S002,2026-05-24,2026-06-07,14,50,50,TRUE,SIMULATED_REEM_V2,DEVELOPMENT,TRUE
DEL0000685,P0000685,D0017,S002,2026-05-27,2026-06-08,12,50,50,TRUE,SIMULATED_REEM_V2,DEVELOPMENT,TRUE
DEL0000686,P0000686,D0027,S010,2026-05-28,2026-06-07,10,449,372,TRUE,SIMULATED_REEM_V2,DEVELOPMENT,TRUE
DEL0000687,P0000687,D0031,S010,2026-05-31,2026-06-12,12,50,50,TRUE,SIMULATED_REEM_V2,DEVELOPMENT,TRUE
DEL0000688,P0000688,D0014,S004,2026-06-02,2026-06-09,7,50,50,TRUE,SIMULATED_REEM_V2,DEVELOPMENT,TRUE
DEL0000689,P0000689,D0010,S003,2026-06-03,2026-06-12,9,51,51,TRUE,SIMULATED_REEM_V2,DEVELOPMENT,TRUE
DEL0000690,P0000690,D0024,S003,2026-06-03,2026-06-09,6,107,107,TRUE,SIMULATED_REEM_V2,DEVELOPMENT,TRUE
DEL0000691,P0000691,D0048,S007,2026-06-03,2026-06-05,2,414,414,TRUE,SIMULATED_REEM_V2,DEVELOPMENT,TRUE
DEL0000692,P0000692,D0030,S006,2026-06-05,2026-06-18,13,56,48,TRUE,SIMULATED_REEM_V2,DEVELOPMENT,TRUE
DEL0000693,P0000693,D0041,S009,2026-06-06,2026-06-12,6,53,53,TRUE,SIMULATED_REEM_V2,DEVELOPMENT,TRUE
DEL0000694,P0000694,D0001,S005,2026-06-10,2026-06-12,2,400,400,TRUE,SIMULATED_REEM_V2,DEVELOPMENT,TRUE
DEL0000695,P0000695,D0016,S004,2026-06-10,2026-06-16,6,389,389,TRUE,SIMULATED_REEM_V2,DEVELOPMENT,TRUE
DEL0000696,P0000696,D0042,S007,2026-06-10,2026-06-12,2,455,455,TRUE,SIMULATED_REEM_V2,DEVELOPMENT,TRUE
DEL0000697,P0000697,D0006,S010,2026-06-14,2026-06-24,10,108,108,TRUE,SIMULATED_REEM_V2,DEVELOPMENT,TRUE
DEL0000698,P0000698,D0007,S007,2026-06-14,2026-06-18,4,162,162,TRUE,SIMULATED_REEM_V2,DEVELOPMENT,TRUE
DEL0000699,P0000699,D0009,S007,2026-06-17,2026-06-22,5,319,319,TRUE,SIMULATED_REEM_V2,DEVELOPMENT,TRUE
DEL0000700,P0000700,D0050,S003,2026-06-19,2026-06-27,8,187,187,TRUE,SIMULATED_REEM_V2,DEVELOPMENT,TRUE
DEL0000701,P0000701,D0003,S005,2026-06-23,2026-06-25,2,137,137,TRUE,SIMULATED_REEM_V2,DEVELOPMENT,TRUE
DEL0000702,P0000702,D0021,S002,2026-06-26,2026-07-10,14,426,426,TRUE,SIMULATED_REEM_V2,DEVELOPMENT,TRUE
DEL0000703,P0000703,D0018,S005,2026-06-27,2026-06-29,2,426,426,TRUE,SIMULATED_REEM_V2,DEVELOPMENT,TRUE
DEL0000704,P0000704,D0034,S004,2026-06-28,2026-07-08,10,95,95,TRUE,SIMULATED_REEM_V2,DEVELOPMENT,TRUE
DEL0000705,P0000705,D0039,S010,2026-06-28,2026-07-07,9,53,53,TRUE,SIMULATED_REEM_V2,DEVELOPMENT,TRUE
DEL0000706,P0000706,D0043,S005,2026-07-01,2026-07-07,6,455,421,TRUE,SIMULATED_REEM_V2,DEVELOPMENT,TRUE
DEL0000707,P0000707,D0047,S004,2026-07-01,2026-07-10,9,52,52,TRUE,SIMULATED_REEM_V2,DEVELOPMENT,TRUE
DEL0000708,P0000708,D0045,S005,2026-07-02,2026-07-05,3,50,50,TRUE,SIMULATED_REEM_V2,DEVELOPMENT,TRUE
DEL0000709,P0000709,D0029,S008,2026-07-05,2026-07-07,2,257,257,TRUE,SIMULATED_REEM_V2,DEVELOPMENT,TRUE
DEL0000710,P0000710,D0027,S008,2026-07-08,2026-07-13,5,449,449,TRUE,SIMULATED_REEM_V2,DEVELOPMENT,TRUE
DEL0000711,P0000711,D0037,S005,2026-07-08,2026-07-10,2,52,52,TRUE,SIMULATED_REEM_V2,DEVELOPMENT,TRUE
DEL0000712,P0000712,D0049,S009,2026-07-09,2026-07-16,7,88,88,TRUE,SIMULATED_REEM_V2,DEVELOPMENT,TRUE
DEL0000713,P0000713,D0033,S002,2026-07-10,2026-07-22,12,50,50,TRUE,SIMULATED_REEM_V2,DEVELOPMENT,TRUE
DEL0000714,P0000714,D0046,S002,2026-07-10,2026-07-20,10,218,218,TRUE,SIMULATED_REEM_V2,DEVELOPMENT,TRUE
DEL0000715,P0000715,D0022,S008,2026-07-11,2026-07-17,6,50,50,TRUE,SIMULATED_REEM_V2,DEVELOPMENT,TRUE
DEL0000716,P0000716,D0026,S007,2026-07-11,2026-07-17,6,50,50,TRUE,SIMULATED_REEM_V2,DEVELOPMENT,TRUE
DEL0000717,P0000717,D0011,S001,2026-07-13,2026-07-21,8,279,279,TRUE,SIMULATED_REEM_V2,DEVELOPMENT,TRUE
DEL0000718,P0000718,D0005,S002,2026-07-15,2026-07-26,11,318,318,TRUE,SIMULATED_REEM_V2,DEVELOPMENT,TRUE
DEL0000719,P0000719,D0032,S004,2026-07-15,2026-07-25,10,178,178,TRUE,SIMULATED_REEM_V2,DEVELOPMENT,TRUE
DEL0000720,P0000720,D0008,S003,2026-07-16,2026-07-20,4,50,50,TRUE,SIMULATED_REEM_V2,DEVELOPMENT,TRUE
DEL0000721,P0000721,D0038,S008,2026-07-20,2026-07-22,2,155,155,TRUE,SIMULATED_REEM_V2,DEVELOPMENT,TRUE
DEL0000722,P0000722,D0035,S008,2026-07-25,2026-07-28,3,296,296,TRUE,SIMULATED_REEM_V2,DEVELOPMENT,TRUE
DEL0000723,P0000723,D0024,S005,2026-07-28,2026-07-30,2,107,107,TRUE,SIMULATED_REEM_V2,DEVELOPMENT,TRUE
DEL0000724,P0000724,D0017,S004,2026-07-29,2026-08-12,14,50,46,TRUE,SIMULATED_REEM_V2,DEVELOPMENT,TRUE
DEL0000725,P0000725,D0041,S005,2026-07-29,2026-08-02,4,53,53,TRUE,SIMULATED_REEM_V2,DEVELOPMENT,TRUE
DEL0000726,P0000726,D0048,S002,2026-07-29,2026-08-13,15,414,414,TRUE,SIMULATED_REEM_V2,DEVELOPMENT,TRUE
DEL0000727,P0000727,D0001,S004,2026-07-31,2026-08-07,7,400,322,TRUE,SIMULATED_REEM_V2,DEVELOPMENT,TRUE
DEL0000728,P0000728,D0010,S008,2026-08-03,2026-08-05,2,51,51,TRUE,SIMULATED_REEM_V2,DEVELOPMENT,TRUE
DEL0000729,P0000729,D0030,S006,2026-08-04,2026-08-18,14,56,56,TRUE,SIMULATED_REEM_V2,DEVELOPMENT,TRUE
DEL0000730,P0000730,D0042,S003,2026-08-05,2026-08-14,9,455,455,TRUE,SIMULATED_REEM_V2,DEVELOPMENT,TRUE
DEL0000731,P0000731,D0016,S005,2026-08-07,2026-08-11,4,389,335,TRUE,SIMULATED_REEM_V2,DEVELOPMENT,TRUE
DEL0000732,P0000732,D0013,S008,2026-08-10,2026-08-12,2,50,50,TRUE,SIMULATED_REEM_V2,DEVELOPMENT,TRUE
DEL0000733,P0000733,D0006,S002,2026-08-12,2026-08-24,12,108,88,TRUE,SIMULATED_REEM_V2,DEVELOPMENT,TRUE
DEL0000734,P0000734,D0007,S005,2026-08-14,2026-08-17,3,162,162,TRUE,SIMULATED_REEM_V2,DEVELOPMENT,TRUE
DEL0000735,P0000735,D0009,S003,2026-08-16,2026-08-23,7,319,319,TRUE,SIMULATED_REEM_V2,DEVELOPMENT,TRUE
DEL0000736,P0000736,D0014,S003,2026-08-19,2026-08-29,10,50,50,TRUE,SIMULATED_REEM_V2,DEVELOPMENT,TRUE
DEL0000737,P0000737,D0003,S001,2026-08-20,2026-08-29,9,137,137,TRUE,SIMULATED_REEM_V2,DEVELOPMENT,TRUE
DEL0000738,P0000738,D0021,S002,2026-08-24,2026-09-05,12,426,426,TRUE,SIMULATED_REEM_V2,DEVELOPMENT,TRUE
DEL0000739,P0000739,D0043,S004,2026-08-26,2026-09-03,8,455,388,TRUE,SIMULATED_REEM_V2,DEVELOPMENT,TRUE
DEL0000740,P0000740,D0050,S009,2026-08-29,2026-09-07,9,187,187,TRUE,SIMULATED_REEM_V2,DEVELOPMENT,TRUE
DEL0000741,P0000741,D0029,S007,2026-09-02,2026-09-08,6,257,257,TRUE,SIMULATED_REEM_V2,DEVELOPMENT,TRUE
DEL0000742,P0000742,D0039,S008,2026-09-02,2026-09-04,2,53,49,TRUE,SIMULATED_REEM_V2,DEVELOPMENT,TRUE
DEL0000743,P0000743,D0027,S003,2026-09-04,2026-09-13,9,449,449,TRUE,SIMULATED_REEM_V2,DEVELOPMENT,TRUE
DEL0000744,P0000744,D0018,S009,2026-09-08,2026-09-19,11,426,342,TRUE,SIMULATED_REEM_V2,DEVELOPMENT,TRUE
DEL0000745,P0000745,D0034,S007,2026-09-08,2026-09-10,2,95,95,TRUE,SIMULATED_REEM_V2,DEVELOPMENT,TRUE
