BatchID,DrugID,SupplierID,QuantityReceived,RemainingQuantity,ManufactureDate,ReceivedDate,ExpiryDate,DataSource,DataStatus,NotOperationalEvidence
B000001,D0001,S005,444,444,2022-06-26,2023-01-01,2024-09-03,SIMULATED_REEM_V2,DEVELOPMENT,TRUE
B000002,D0002,S008,157,157,2022-05-01,2023-01-01,2024-01-07,SIMULATED_REEM_V2,DEVELOPMENT,TRUE
B000003,D0003,S006,132,132,2022-07-08,2023-01-01,2024-11-17,SIMULATED_REEM_V2,DEVELOPMENT,TRUE
B000004,D0004,S009,472,472,2022-07-20,2023-01-01,2024-01-03,SIMULATED_REEM_V2,DEVELOPMENT,TRUE
B000005,D0005,S006,434,434,2022-07-08,2023-01-01,2025-06-05,SIMULATED_REEM_V2,DEVELOPMENT,TRUE
B000006,D0006,S007,111,111,2022-03-13,2023-01-01,2025-05-03,SIMULATED_REEM_V2,DEVELOPMENT,TRUE
B000007,D0007,S003,177,177,2022-11-29,2023-01-01,2023-09-23,SIMULATED_REEM_V2,DEVELOPMENT,TRUE
B000008,D0008,S005,312,312,2022-07-19,2023-01-01,2023-11-29,SIMULATED_REEM_V2,DEVELOPMENT,TRUE
B000009,D0009,S002,398,398,2022-09-15,2023-01-01,2024-12-05,SIMULATED_REEM_V2,DEVELOPMENT,TRUE
B000010,D0010,S001,302,302,2022-11-01,2023-01-01,2025-02-17,SIMULATED_REEM_V2,DEVELOPMENT,TRUE
B000011,D0011,S009,293,293,2022-11-10,2023-01-01,2024-06-26,SIMULATED_REEM_V2,DEVELOPMENT,TRUE
B000012,D0012,S010,308,308,2022-04-16,2023-01-01,2024-01-06,SIMULATED_REEM_V2,DEVELOPMENT,TRUE
B000013,D0013,S008,394,394,2022-08-21,2023-01-01,2024-07-01,SIMULATED_REEM_V2,DEVELOPMENT,TRUE
B000014,D0014,S009,219,219,2022-04-02,2023-01-01,2024-09-08,SIMULATED_REEM_V2,DEVELOPMENT,TRUE
B000015,D0015,S007,492,492,2022-10-02,2023-01-01,2024-04-22,SIMULATED_REEM_V2,DEVELOPMENT,TRUE
B000016,D0016,S007,263,263,2022-11-01,2023-01-01,2024-07-25,SIMULATED_REEM_V2,DEVELOPMENT,TRUE
B000017,D0017,S003,298,298,2022-08-13,2023-01-01,2025-01-08,SIMULATED_REEM_V2,DEVELOPMENT,TRUE
B000018,D0018,S003,337,337,2022-06-19,2023-01-01,2025-04-09,SIMULATED_REEM_V2,DEVELOPMENT,TRUE
B000019,D0019,S002,320,320,2022-03-16,2023-01-01,2024-11-20,SIMULATED_REEM_V2,DEVELOPMENT,TRUE
B000020,D0020,S003,125,125,2022-07-17,2023-01-01,2024-12-27,SIMULATED_REEM_V2,DEVELOPMENT,TRUE
B000021,D0021,S010,433,433,2022-11-08,2023-01-01,2025-01-23,SIMULATED_REEM_V2,DEVELOPMENT,TRUE
B000022,D0022,S005,62,62,2022-11-08,2023-01-01,2024-03-15,SIMULATED_REEM_V2,DEVELOPMENT,TRUE
B000023,D0023,S006,391,391,2022-10-23,2023-01-01,2025-02-16,SIMULATED_REEM_V2,DEVELOPMENT,TRUE
B000024,D0024,S008,455,455,2022-10-05,2023-01-01,2024-05-25,SIMULATED_REEM_V2,DEVELOPMENT,TRUE
B000025,D0025,S009,234,234,2022-10-31,2023-01-01,2024-02-01,SIMULATED_REEM_V2,DEVELOPMENT,TRUE
B000026,D0026,S006,386,386,2022-08-13,2023-01-01,2024-03-31,SIMULATED_REEM_V2,DEVELOPMENT,TRUE
B000027,D0027,S008,378,378,2022-07-24,2023-01-01,2024-04-03,SIMULATED_REEM_V2,DEVELOPMENT,TRUE
B000028,D0028,S009,436,436,2022-09-18,2023-01-01,2024-03-30,SIMULATED_REEM_V2,DEVELOPMENT,TRUE
B000029,D0029,S009,403,403,2022-09-09,2023-01-01,2024-11-06,SIMULATED_REEM_V2,DEVELOPMENT,TRUE
B000030,D0030,S004,393,393,2022-06-04,2023-01-01,2023-10-23,SIMULATED_REEM_V2,DEVELOPMENT,TRUE
B000031,D0031,S006,52,52,2022-03-15,2023-01-01,2024-07-26,SIMULATED_REEM_V2,DEVELOPMENT,TRUE
B000032,D0032,S004,387,387,2022-09-27,2023-01-01,2024-12-18,SIMULATED_REEM_V2,DEVELOPMENT,TRUE
B000033,D0033,S006,85,85,2022-09-23,2023-01-01,2025-06-11,SIMULATED_REEM_V2,DEVELOPMENT,TRUE
B000034,D0034,S009,474,474,2022-05-24,2023-01-01,2023-07-23,SIMULATED_REEM_V2,DEVELOPMENT,TRUE
B000035,D0035,S003,429,429,2022-11-22,2023-01-01,2024-07-14,SIMULATED_REEM_V2,DEVELOPMENT,TRUE
B000036,D0036,S002,387,387,2022-06-02,2023-01-01,2023-09-21,SIMULATED_REEM_V2,DEVELOPMENT,TRUE
B000037,D0037,S008,155,155,2022-11-03,2023-01-01,2024-05-18,SIMULATED_REEM_V2,DEVELOPMENT,TRUE
B000038,D0038,S008,462,462,2022-10-20,2023-01-01,2024-08-11,SIMULATED_REEM_V2,DEVELOPMENT,TRUE
B000039,D0039,S002,386,386,2022-03-12,2023-01-01,2025-01-14,SIMULATED_REEM_V2,DEVELOPMENT,TRUE
B000040,D0040,S002,326,326,2022-10-19,2023-01-01,2024-11-19,SIMULATED_REEM_V2,DEVELOPMENT,TRUE
B000041,D0041,S007,426,426,2022-07-21,2023-01-01,2025-04-01,SIMULATED_REEM_V2,DEVELOPMENT,TRUE
B000042,D0042,S009,355,355,2022-09-28,2023-01-01,2023-10-11,SIMULATED_REEM_V2,DEVELOPMENT,TRUE
B000043,D0043,S005,430,430,2022-06-06,2023-01-01,2024-06-10,SIMULATED_REEM_V2,DEVELOPMENT,TRUE
B000044,D0044,S008,175,175,2022-06-14,2023-01-01,2024-01-03,SIMULATED_REEM_V2,DEVELOPMENT,TRUE
B000045,D0045,S006,135,135,2022-11-27,2023-01-01,2024-02-18,SIMULATED_REEM_V2,DEVELOPMENT,TRUE
B000046,D0046,S010,296,296,2022-07-21,2023-01-01,2024-01-21,SIMULATED_REEM_V2,DEVELOPMENT,TRUE
B000047,D0047,S007,240,240,2022-11-30,2023-01-01,2024-01-24,SIMULATED_REEM_V2,DEVELOPMENT,TRUE
B000048,D0048,S007,282,282,2022-08-21,2023-01-01,2024-07-31,SIMULATED_REEM_V2,DEVELOPMENT,TRUE
B000049,D0049,S005,170,170,2022-04-07,2023-01-01,2025-06-06,SIMULATED_REEM_V2,DEVELOPMENT,TRUE
B000050,D0050,S010,458,458,2022-10-03,2023-01-01,2024-08-19,SIMULATED_REEM_V2,DEVELOPMENT,TRUE
B000051,D0016,S009,389,389,2022-12-21,2023-01-20,2023-07-19,SIMULATED_REEM_V2,DEVELOPMENT,TRUE
B000052,D0018,S007,426,426,2022-12-23,2023-01-22,2025-01-21,SIMULATED_REEM_V2,DEVELOPMENT,TRUE
B000053,D0048,S006,414,414,2022-12-28,2023-01-27,2025-01-26,SIMULATED_REEM_V2,DEVELOPMENT,TRUE
B000054,D0027,S001,449,449,2022-12-28,2023-01-27,2024-07-20,SIMULATED_REEM_V2,DEVELOPMENT,TRUE
B000055,D0042,S003,455,455,2022-12-30,2023-01-29,2025-01-28,SIMULATED_REEM_V2,DEVELOPMENT,TRUE
B000056,D0043,S008,455,455,2023-01-04,2023-02-03,2023-08-02,SIMULATED_REEM_V2,DEVELOPMENT,TRUE
B000057,D0006,S002,108,108,2023-01-07,2023-02-06,2024-02-06,SIMULATED_REEM_V2,DEVELOPMENT,TRUE
B000058,D0001,S005,400,400,2023-01-10,2023-02-09,2024-08-02,SIMULATED_REEM_V2,DEVELOPMENT,TRUE
B000059,D0003,S001,120,120,2023-01-14,2023-02-13,2023-08-12,SIMULATED_REEM_V2,DEVELOPMENT,TRUE
B000060,D0021,S001,426,426,2023-01-17,2023-02-16,2025-02-15,SIMULATED_REEM_V2,DEVELOPMENT,TRUE
B000061,D0007,S010,162,162,2023-01-19,2023-02-18,2026-02-17,SIMULATED_REEM_V2,DEVELOPMENT,TRUE
B000062,D0009,S001,319,319,2023-01-24,2023-02-23,2024-02-23,SIMULATED_REEM_V2,DEVELOPMENT,TRUE
B000063,D0011,S006,279,279,2023-01-25,2023-02-24,2025-02-23,SIMULATED_REEM_V2,DEVELOPMENT,TRUE
B000064,D0035,S007,296,296,2023-01-27,2023-02-26,2025-02-25,SIMULATED_REEM_V2,DEVELOPMENT,TRUE
B000065,D0046,S004,218,218,2023-01-29,2023-02-28,2024-08-21,SIMULATED_REEM_V2,DEVELOPMENT,TRUE
B000066,D0005,S010,290,290,2023-02-01,2023-03-03,2025-03-02,SIMULATED_REEM_V2,DEVELOPMENT,TRUE
B000067,D0022,S010,50,50,2023-02-07,2023-03-09,2023-09-05,SIMULATED_REEM_V2,DEVELOPMENT,TRUE
B000068,D0029,S003,257,257,2023-02-07,2023-03-09,2024-03-08,SIMULATED_REEM_V2,DEVELOPMENT,TRUE
B000069,D0048,S005,355,355,2023-02-11,2023-03-13,2025-03-12,SIMULATED_REEM_V2,DEVELOPMENT,TRUE
B000070,D0018,S005,387,387,2023-02-12,2023-03-14,2025-03-13,SIMULATED_REEM_V2,DEVELOPMENT,TRUE
B000071,D0016,S006,389,389,2023-02-16,2023-03-18,2023-09-14,SIMULATED_REEM_V2,DEVELOPMENT,TRUE
B000072,D0006,S001,108,108,2023-02-19,2023-03-21,2024-03-20,SIMULATED_REEM_V2,DEVELOPMENT,TRUE
B000073,D0042,S004,455,455,2023-02-20,2023-03-22,2025-03-21,SIMULATED_REEM_V2,DEVELOPMENT,TRUE
B000074,D0021,S008,426,426,2023-02-21,2023-03-23,2025-03-22,SIMULATED_REEM_V2,DEVELOPMENT,TRUE
B000075,D0049,S005,88,88,2023-02-21,2023-03-23,2025-03-22,SIMULATED_REEM_V2,DEVELOPMENT,TRUE
B000076,D0031,S006,41,41,2023-02-22,2023-03-24,2025-03-23,SIMULATED_REEM_V2,DEVELOPMENT,TRUE
B000077,D0001,S008,400,400,2023-02-23,2023-03-25,2024-09-15,SIMULATED_REEM_V2,DEVELOPMENT,TRUE
B000078,D0003,S002,137,137,2023-02-26,2023-03-28,2023-09-24,SIMULATED_REEM_V2,DEVELOPMENT,TRUE
B000079,D0009,S008,319,319,2023-02-26,2023-03-28,2024-03-27,SIMULATED_REEM_V2,DEVELOPMENT,TRUE
B000080,D0027,S004,449,449,2023-03-03,2023-04-02,2024-09-23,SIMULATED_REEM_V2,DEVELOPMENT,TRUE
B000081,D0043,S004,455,455,2023-03-09,2023-04-08,2023-10-05,SIMULATED_REEM_V2,DEVELOPMENT,TRUE
B000082,D0007,S010,162,162,2023-03-10,2023-04-09,2026-04-08,SIMULATED_REEM_V2,DEVELOPMENT,TRUE
B000083,D0032,S005,178,178,2023-03-11,2023-04-10,2026-04-09,SIMULATED_REEM_V2,DEVELOPMENT,TRUE
B000084,D0011,S006,279,279,2023-03-15,2023-04-14,2025-04-13,SIMULATED_REEM_V2,DEVELOPMENT,TRUE
B000085,D0005,S008,286,286,2023-03-17,2023-04-16,2025-04-15,SIMULATED_REEM_V2,DEVELOPMENT,TRUE
B000086,D0035,S002,296,296,2023-03-20,2023-04-19,2025-04-18,SIMULATED_REEM_V2,DEVELOPMENT,TRUE
B000087,D0048,S003,356,356,2023-03-22,2023-04-21,2025-04-20,SIMULATED_REEM_V2,DEVELOPMENT,TRUE
B000088,D0046,S004,202,202,2023-03-24,2023-04-23,2024-10-14,SIMULATED_REEM_V2,DEVELOPMENT,TRUE
B000089,D0033,S010,50,50,2023-03-29,2023-04-28,2024-04-27,SIMULATED_REEM_V2,DEVELOPMENT,TRUE
B000090,D0050,S006,187,187,2023-04-04,2023-05-04,2024-10-25,SIMULATED_REEM_V2,DEVELOPMENT,TRUE
B000091,D0029,S001,257,257,2023-04-04,2023-05-04,2024-05-03,SIMULATED_REEM_V2,DEVELOPMENT,TRUE
B000092,D0018,S006,426,426,2023-04-05,2023-05-05,2025-05-04,SIMULATED_REEM_V2,DEVELOPMENT,TRUE
B000093,D0006,S001,108,108,2023-04-07,2023-05-07,2024-05-06,SIMULATED_REEM_V2,DEVELOPMENT,TRUE
B000094,D0016,S004,389,389,2023-04-07,2023-05-07,2023-11-03,SIMULATED_REEM_V2,DEVELOPMENT,TRUE
B000095,D0003,S003,137,137,2023-04-07,2023-05-07,2023-11-03,SIMULATED_REEM_V2,DEVELOPMENT,TRUE
B000096,D0049,S005,88,88,2023-04-10,2023-05-10,2025-05-09,SIMULATED_REEM_V2,DEVELOPMENT,TRUE
B000097,D0021,S006,426,426,2023-04-12,2023-05-12,2025-05-11,SIMULATED_REEM_V2,DEVELOPMENT,TRUE
B000098,D0009,S007,319,319,2023-04-14,2023-05-14,2024-05-13,SIMULATED_REEM_V2,DEVELOPMENT,TRUE
B000099,D0037,S008,52,52,2023-04-15,2023-05-15,2023-11-11,SIMULATED_REEM_V2,DEVELOPMENT,TRUE
B000100,D0042,S005,455,455,2023-04-16,2023-05-16,2025-05-15,SIMULATED_REEM_V2,DEVELOPMENT,TRUE
B000101,D0001,S004,400,400,2023-04-18,2023-05-18,2024-11-08,SIMULATED_REEM_V2,DEVELOPMENT,TRUE
B000102,D0022,S008,50,50,2023-04-19,2023-05-19,2023-11-15,SIMULATED_REEM_V2,DEVELOPMENT,TRUE
B000103,D0038,S002,155,155,2023-04-19,2023-05-19,2023-11-15,SIMULATED_REEM_V2,DEVELOPMENT,TRUE
B000104,D0043,S003,455,455,2023-04-21,2023-05-21,2023-11-17,SIMULATED_REEM_V2,DEVELOPMENT,TRUE
B000105,D0011,S005,279,279,2023-04-23,2023-05-23,2025-05-22,SIMULATED_REEM_V2,DEVELOPMENT,TRUE
B000106,D0027,S006,449,449,2023-04-26,2023-05-26,2024-11-16,SIMULATED_REEM_V2,DEVELOPMENT,TRUE
B000107,D0046,S005,218,218,2023-04-27,2023-05-27,2024-11-17,SIMULATED_REEM_V2,DEVELOPMENT,TRUE
B000108,D0007,S004,162,162,2023-04-28,2023-05-28,2026-05-27,SIMULATED_REEM_V2,DEVELOPMENT,TRUE
B000109,D0005,S004,318,318,2023-04-30,2023-05-30,2025-05-29,SIMULATED_REEM_V2,DEVELOPMENT,TRUE
B000110,D0035,S006,296,296,2023-05-06,2023-06-05,2025-06-04,SIMULATED_REEM_V2,DEVELOPMENT,TRUE
B000111,D0048,S001,414,414,2023-05-10,2023-06-09,2025-06-08,SIMULATED_REEM_V2,DEVELOPMENT,TRUE
B000112,D0050,S004,187,187,2023-05-14,2023-06-13,2024-12-04,SIMULATED_REEM_V2,DEVELOPMENT,TRUE
B000113,D0032,S006,178,178,2023-05-16,2023-06-15,2026-06-14,SIMULATED_REEM_V2,DEVELOPMENT,TRUE
B000114,D0018,S007,426,426,2023-05-16,2023-06-15,2025-06-14,SIMULATED_REEM_V2,DEVELOPMENT,TRUE
B000115,D0006,S009,93,93,2023-05-19,2023-06-18,2024-06-17,SIMULATED_REEM_V2,DEVELOPMENT,TRUE
B000116,D0003,S007,137,137,2023-05-19,2023-06-18,2023-12-15,SIMULATED_REEM_V2,DEVELOPMENT,TRUE
B000117,D0029,S004,257,257,2023-05-22,2023-06-21,2024-06-20,SIMULATED_REEM_V2,DEVELOPMENT,TRUE
B000118,D0042,S005,455,455,2023-05-25,2023-06-24,2025-06-23,SIMULATED_REEM_V2,DEVELOPMENT,TRUE
B000119,D0016,S003,389,389,2023-05-28,2023-06-27,2023-12-24,SIMULATED_REEM_V2,DEVELOPMENT,TRUE
B000120,D0021,S007,426,426,2023-05-29,2023-06-28,2025-06-27,SIMULATED_REEM_V2,DEVELOPMENT,TRUE
B000121,D0027,S004,449,449,2023-06-03,2023-07-03,2024-12-24,SIMULATED_REEM_V2,DEVELOPMENT,TRUE
B000122,D0033,S005,50,50,2023-06-03,2023-07-03,2024-07-02,SIMULATED_REEM_V2,DEVELOPMENT,TRUE
B000123,D0001,S008,400,400,2023-06-10,2023-07-10,2024-12-31,SIMULATED_REEM_V2,DEVELOPMENT,TRUE
B000124,D0049,S010,88,88,2023-06-11,2023-07-11,2025-07-10,SIMULATED_REEM_V2,DEVELOPMENT,TRUE
B000125,D0038,S006,155,155,2023-06-12,2023-07-12,2024-01-08,SIMULATED_REEM_V2,DEVELOPMENT,TRUE
B000126,D0031,S009,50,50,2023-06-12,2023-07-12,2025-07-11,SIMULATED_REEM_V2,DEVELOPMENT,TRUE
B000127,D0024,S004,107,107,2023-06-19,2023-07-19,2024-07-18,SIMULATED_REEM_V2,DEVELOPMENT,TRUE
B000128,D0009,S006,319,319,2023-06-20,2023-07-20,2024-07-19,SIMULATED_REEM_V2,DEVELOPMENT,TRUE
B000129,D0043,S003,455,455,2023-06-21,2023-07-21,2024-01-17,SIMULATED_REEM_V2,DEVELOPMENT,TRUE
B000130,D0005,S005,318,318,2023-06-22,2023-07-22,2025-07-21,SIMULATED_REEM_V2,DEVELOPMENT,TRUE
B000131,D0007,S003,162,162,2023-06-23,2023-07-23,2026-07-22,SIMULATED_REEM_V2,DEVELOPMENT,TRUE
B000132,D0037,S002,52,52,2023-06-24,2023-07-24,2024-01-20,SIMULATED_REEM_V2,DEVELOPMENT,TRUE
B000133,D0046,S009,218,218,2023-06-26,2023-07-26,2025-01-16,SIMULATED_REEM_V2,DEVELOPMENT,TRUE
B000134,D0048,S008,414,414,2023-06-27,2023-07-27,2025-07-26,SIMULATED_REEM_V2,DEVELOPMENT,TRUE
B000135,D0011,S010,279,279,2023-06-29,2023-07-29,2025-07-28,SIMULATED_REEM_V2,DEVELOPMENT,TRUE
B000136,D0032,S009,178,178,2023-07-03,2023-08-02,2026-08-01,SIMULATED_REEM_V2,DEVELOPMENT,TRUE
B000137,D0035,S009,296,296,2023-07-08,2023-08-07,2025-08-06,SIMULATED_REEM_V2,DEVELOPMENT,TRUE
B000138,D0050,S003,187,187,2023-07-09,2023-08-08,2025-01-29,SIMULATED_REEM_V2,DEVELOPMENT,TRUE
B000139,D0047,S007,52,52,2023-07-14,2023-08-13,2026-08-12,SIMULATED_REEM_V2,DEVELOPMENT,TRUE
B000140,D0022,S010,50,50,2023-07-16,2023-08-15,2024-02-11,SIMULATED_REEM_V2,DEVELOPMENT,TRUE
B000141,D0029,S005,257,257,2023-07-20,2023-08-19,2024-08-18,SIMULATED_REEM_V2,DEVELOPMENT,TRUE
B000142,D0006,S001,108,108,2023-07-21,2023-08-20,2024-08-19,SIMULATED_REEM_V2,DEVELOPMENT,TRUE
B000143,D0042,S005,455,455,2023-07-22,2023-08-21,2025-08-20,SIMULATED_REEM_V2,DEVELOPMENT,TRUE
B000144,D0018,S006,426,426,2023-07-24,2023-08-23,2025-08-22,SIMULATED_REEM_V2,DEVELOPMENT,TRUE
B000145,D0016,S007,389,389,2023-07-24,2023-08-23,2024-02-19,SIMULATED_REEM_V2,DEVELOPMENT,TRUE
B000146,D0003,S006,137,137,2023-07-26,2023-08-25,2024-02-21,SIMULATED_REEM_V2,DEVELOPMENT,TRUE
B000147,D0049,S004,88,88,2023-08-10,2023-09-09,2025-09-08,SIMULATED_REEM_V2,DEVELOPMENT,TRUE
B000148,D0009,S002,319,319,2023-08-12,2023-09-11,2024-09-10,SIMULATED_REEM_V2,DEVELOPMENT,TRUE
B000149,D0021,S006,426,426,2023-08-13,2023-09-12,2025-09-11,SIMULATED_REEM_V2,DEVELOPMENT,TRUE
B000150,D0001,S005,400,400,2023-08-13,2023-09-12,2025-03-05,SIMULATED_REEM_V2,DEVELOPMENT,TRUE
B000151,D0034,S004,95,95,2023-08-14,2023-09-13,2024-09-12,SIMULATED_REEM_V2,DEVELOPMENT,TRUE
B000152,D0038,S005,155,155,2023-08-20,2023-09-19,2024-03-17,SIMULATED_REEM_V2,DEVELOPMENT,TRUE
B000153,D0024,S005,107,107,2023-08-23,2023-09-22,2024-09-21,SIMULATED_REEM_V2,DEVELOPMENT,TRUE
B000154,D0027,S006,449,449,2023-08-24,2023-09-23,2025-03-16,SIMULATED_REEM_V2,DEVELOPMENT,TRUE
B000155,D0043,S004,455,455,2023-08-31,2023-09-30,2024-03-28,SIMULATED_REEM_V2,DEVELOPMENT,TRUE
B000156,D0005,S009,318,318,2023-09-02,2023-10-02,2025-10-01,SIMULATED_REEM_V2,DEVELOPMENT,TRUE
B000157,D0037,S010,52,52,2023-09-04,2023-10-04,2024-04-01,SIMULATED_REEM_V2,DEVELOPMENT,TRUE
B000158,D0007,S002,162,162,2023-09-07,2023-10-07,2026-10-06,SIMULATED_REEM_V2,DEVELOPMENT,TRUE
B000159,D0048,S005,414,414,2023-09-09,2023-10-09,2025-10-08,SIMULATED_REEM_V2,DEVELOPMENT,TRUE
B000160,D0011,S004,279,279,2023-09-11,2023-10-11,2025-10-10,SIMULATED_REEM_V2,DEVELOPMENT,TRUE
B000161,D0032,S008,178,178,2023-09-14,2023-10-14,2026-10-13,SIMULATED_REEM_V2,DEVELOPMENT,TRUE
B000162,D0046,S001,218,218,2023-09-17,2023-10-17,2025-04-09,SIMULATED_REEM_V2,DEVELOPMENT,TRUE
B000163,D0035,S003,296,296,2023-09-17,2023-10-17,2025-10-16,SIMULATED_REEM_V2,DEVELOPMENT,TRUE
B000164,D0050,S003,187,187,2023-09-27,2023-10-27,2025-04-19,SIMULATED_REEM_V2,DEVELOPMENT,TRUE
B000165,D0006,S008,108,108,2023-09-27,2023-10-27,2024-10-26,SIMULATED_REEM_V2,DEVELOPMENT,TRUE
B000166,D0003,S003,137,137,2023-09-30,2023-10-30,2024-04-27,SIMULATED_REEM_V2,DEVELOPMENT,TRUE
B000167,D0018,S004,426,426,2023-10-04,2023-11-03,2025-11-02,SIMULATED_REEM_V2,DEVELOPMENT,TRUE
B000168,D0042,S008,455,455,2023-10-05,2023-11-04,2025-11-03,SIMULATED_REEM_V2,DEVELOPMENT,TRUE
B000169,D0029,S004,257,257,2023-10-06,2023-11-05,2024-11-04,SIMULATED_REEM_V2,DEVELOPMENT,TRUE
B000170,D0047,S010,52,52,2023-10-08,2023-11-07,2026-11-06,SIMULATED_REEM_V2,DEVELOPMENT,TRUE
B000171,D0022,S008,50,50,2023-10-08,2023-11-07,2024-05-05,SIMULATED_REEM_V2,DEVELOPMENT,TRUE
B000172,D0033,S007,50,50,2023-10-12,2023-11-11,2024-11-10,SIMULATED_REEM_V2,DEVELOPMENT,TRUE
B000173,D0021,S008,426,426,2023-10-19,2023-11-18,2025-11-17,SIMULATED_REEM_V2,DEVELOPMENT,TRUE
B000174,D0014,S007,50,50,2023-10-20,2023-11-19,2025-11-18,SIMULATED_REEM_V2,DEVELOPMENT,TRUE
B000175,D0009,S007,319,319,2023-10-21,2023-11-20,2024-11-19,SIMULATED_REEM_V2,DEVELOPMENT,TRUE
B000176,D0027,S008,449,449,2023-10-21,2023-11-20,2025-05-13,SIMULATED_REEM_V2,DEVELOPMENT,TRUE
B000177,D0016,S002,389,389,2023-10-23,2023-11-22,2024-05-20,SIMULATED_REEM_V2,DEVELOPMENT,TRUE
B000178,D0034,S007,95,95,2023-10-23,2023-11-22,2024-11-21,SIMULATED_REEM_V2,DEVELOPMENT,TRUE
B000179,D0049,S009,88,88,2023-10-26,2023-11-25,2025-11-24,SIMULATED_REEM_V2,DEVELOPMENT,TRUE
B000180,D0024,S003,107,107,2023-11-02,2023-12-02,2024-12-01,SIMULATED_REEM_V2,DEVELOPMENT,TRUE
B000181,D0001,S001,400,400,2023-11-03,2023-12-03,2025-05-26,SIMULATED_REEM_V2,DEVELOPMENT,TRUE
B000182,D0038,S002,155,155,2023-11-04,2023-12-04,2024-06-01,SIMULATED_REEM_V2,DEVELOPMENT,TRUE
B000183,D0010,S007,51,51,2023-11-07,2023-12-07,2024-12-06,SIMULATED_REEM_V2,DEVELOPMENT,TRUE
B000184,D0031,S001,50,50,2023-11-10,2023-12-10,2025-12-09,SIMULATED_REEM_V2,DEVELOPMENT,TRUE
B000185,D0005,S008,318,318,2023-11-13,2023-12-13,2025-12-12,SIMULATED_REEM_V2,DEVELOPMENT,TRUE
B000186,D0037,S004,52,52,2023-11-16,2023-12-16,2024-06-13,SIMULATED_REEM_V2,DEVELOPMENT,TRUE
B000187,D0007,S002,162,162,2023-11-17,2023-12-17,2026-12-16,SIMULATED_REEM_V2,DEVELOPMENT,TRUE
B000188,D0043,S009,376,376,2023-11-21,2023-12-21,2024-06-18,SIMULATED_REEM_V2,DEVELOPMENT,TRUE
B000189,D0011,S007,279,279,2023-11-21,2023-12-21,2025-12-20,SIMULATED_REEM_V2,DEVELOPMENT,TRUE
B000190,D0046,S002,218,218,2023-12-01,2023-12-31,2025-06-23,SIMULATED_REEM_V2,DEVELOPMENT,TRUE
B000191,D0032,S003,178,178,2023-12-03,2024-01-02,2027-01-01,SIMULATED_REEM_V2,DEVELOPMENT,TRUE
B000192,D0035,S002,237,237,2023-12-04,2024-01-03,2026-01-02,SIMULATED_REEM_V2,DEVELOPMENT,TRUE
B000193,D0048,S001,414,414,2023-12-05,2024-01-04,2026-01-03,SIMULATED_REEM_V2,DEVELOPMENT,TRUE
B000194,D0050,S009,187,187,2023-12-07,2024-01-06,2025-06-29,SIMULATED_REEM_V2,DEVELOPMENT,TRUE
B000195,D0006,S009,108,108,2023-12-08,2024-01-07,2025-01-06,SIMULATED_REEM_V2,DEVELOPMENT,TRUE
B000196,D0003,S003,137,137,2023-12-10,2024-01-09,2024-07-07,SIMULATED_REEM_V2,DEVELOPMENT,TRUE
B000197,D0047,S008,41,41,2023-12-11,2024-01-10,2027-01-09,SIMULATED_REEM_V2,DEVELOPMENT,TRUE
B000198,D0018,S008,426,426,2023-12-12,2024-01-11,2026-01-10,SIMULATED_REEM_V2,DEVELOPMENT,TRUE
B000199,D0017,S002,50,50,2023-12-13,2024-01-12,2027-01-11,SIMULATED_REEM_V2,DEVELOPMENT,TRUE
B000200,D0029,S010,257,257,2023-12-13,2024-01-12,2025-01-11,SIMULATED_REEM_V2,DEVELOPMENT,TRUE
B000201,D0042,S005,455,455,2023-12-16,2024-01-15,2026-01-14,SIMULATED_REEM_V2,DEVELOPMENT,TRUE
B000202,D0016,S002,356,356,2023-12-17,2024-01-16,2024-07-14,SIMULATED_REEM_V2,DEVELOPMENT,TRUE
B000203,D0021,S001,426,426,2023-12-24,2024-01-23,2026-01-22,SIMULATED_REEM_V2,DEVELOPMENT,TRUE
B000204,D0049,S007,77,77,2023-12-24,2024-01-23,2026-01-22,SIMULATED_REEM_V2,DEVELOPMENT,TRUE
B000205,D0009,S002,319,319,2023-12-27,2024-01-26,2025-01-25,SIMULATED_REEM_V2,DEVELOPMENT,TRUE
B000206,D0038,S008,155,155,2023-12-29,2024-01-28,2024-07-26,SIMULATED_REEM_V2,DEVELOPMENT,TRUE
B000207,D0027,S010,449,449,2024-01-01,2024-01-31,2025-07-24,SIMULATED_REEM_V2,DEVELOPMENT,TRUE
B000208,D0024,S003,107,107,2024-01-02,2024-02-01,2025-01-31,SIMULATED_REEM_V2,DEVELOPMENT,TRUE
B000209,D0034,S010,95,95,2024-01-02,2024-02-01,2025-01-31,SIMULATED_REEM_V2,DEVELOPMENT,TRUE
B000210,D0001,S003,400,400,2024-01-04,2024-02-03,2025-07-27,SIMULATED_REEM_V2,DEVELOPMENT,TRUE
B000211,D0037,S008,52,52,2024-01-05,2024-02-04,2024-08-02,SIMULATED_REEM_V2,DEVELOPMENT,TRUE
B000212,D0043,S010,455,455,2024-01-08,2024-02-07,2024-08-05,SIMULATED_REEM_V2,DEVELOPMENT,TRUE
B000213,D0035,S008,296,296,2024-01-08,2024-02-07,2026-02-06,SIMULATED_REEM_V2,DEVELOPMENT,TRUE
B000214,D0007,S004,162,162,2024-01-12,2024-02-11,2027-02-10,SIMULATED_REEM_V2,DEVELOPMENT,TRUE
B000215,D0010,S003,51,51,2024-01-12,2024-02-11,2025-02-10,SIMULATED_REEM_V2,DEVELOPMENT,TRUE
B000216,D0033,S008,50,50,2024-01-12,2024-02-11,2025-02-10,SIMULATED_REEM_V2,DEVELOPMENT,TRUE
B000217,D0014,S001,44,44,2024-01-13,2024-02-12,2026-02-11,SIMULATED_REEM_V2,DEVELOPMENT,TRUE
B000218,D0005,S009,318,318,2024-01-14,2024-02-13,2026-02-12,SIMULATED_REEM_V2,DEVELOPMENT,TRUE
B000219,D0022,S009,50,50,2024-01-16,2024-02-15,2024-08-13,SIMULATED_REEM_V2,DEVELOPMENT,TRUE
B000220,D0048,S007,414,414,2024-01-21,2024-02-20,2026-02-19,SIMULATED_REEM_V2,DEVELOPMENT,TRUE
B000221,D0030,S001,56,56,2024-01-23,2024-02-22,2026-02-21,SIMULATED_REEM_V2,DEVELOPMENT,TRUE
B000222,D0011,S009,236,236,2024-01-24,2024-02-23,2026-02-22,SIMULATED_REEM_V2,DEVELOPMENT,TRUE
B000223,D0003,S007,137,137,2024-01-24,2024-02-23,2024-08-21,SIMULATED_REEM_V2,DEVELOPMENT,TRUE
B000224,D0039,S007,53,53,2024-01-24,2024-02-23,2027-02-22,SIMULATED_REEM_V2,DEVELOPMENT,TRUE
B000225,D0046,S002,218,218,2024-01-25,2024-02-24,2025-08-17,SIMULATED_REEM_V2,DEVELOPMENT,TRUE
B000226,D0041,S008,53,53,2024-01-26,2024-02-25,2024-08-23,SIMULATED_REEM_V2,DEVELOPMENT,TRUE
B000227,D0032,S003,178,178,2024-01-29,2024-02-28,2027-02-27,SIMULATED_REEM_V2,DEVELOPMENT,TRUE
B000228,D0006,S005,108,108,2024-01-29,2024-02-28,2025-02-27,SIMULATED_REEM_V2,DEVELOPMENT,TRUE
B000229,D0016,S003,389,389,2024-01-31,2024-03-01,2024-08-28,SIMULATED_REEM_V2,DEVELOPMENT,TRUE
B000230,D0047,S002,52,52,2024-02-01,2024-03-02,2027-03-02,SIMULATED_REEM_V2,DEVELOPMENT,TRUE
B000231,D0029,S004,257,257,2024-02-02,2024-03-03,2025-03-03,SIMULATED_REEM_V2,DEVELOPMENT,TRUE
B000232,D0042,S008,455,455,2024-02-02,2024-03-03,2026-03-03,SIMULATED_REEM_V2,DEVELOPMENT,TRUE
B000233,D0050,S002,187,187,2024-02-03,2024-03-04,2025-08-26,SIMULATED_REEM_V2,DEVELOPMENT,TRUE
B000234,D0009,S005,319,319,2024-02-05,2024-03-06,2025-03-06,SIMULATED_REEM_V2,DEVELOPMENT,TRUE
B000235,D0018,S002,426,426,2024-02-06,2024-03-07,2026-03-07,SIMULATED_REEM_V2,DEVELOPMENT,TRUE
B000236,D0008,S003,50,50,2024-02-06,2024-03-07,2025-08-29,SIMULATED_REEM_V2,DEVELOPMENT,TRUE
B000237,D0017,S002,50,50,2024-02-07,2024-03-08,2027-03-08,SIMULATED_REEM_V2,DEVELOPMENT,TRUE
B000238,D0049,S010,81,81,2024-02-09,2024-03-10,2026-03-10,SIMULATED_REEM_V2,DEVELOPMENT,TRUE
B000239,D0021,S007,426,426,2024-02-11,2024-03-12,2026-03-12,SIMULATED_REEM_V2,DEVELOPMENT,TRUE
B000240,D0024,S007,107,107,2024-02-18,2024-03-19,2025-03-19,SIMULATED_REEM_V2,DEVELOPMENT,TRUE
B000241,D0038,S005,155,155,2024-02-18,2024-03-19,2024-09-15,SIMULATED_REEM_V2,DEVELOPMENT,TRUE
B000242,D0034,S003,95,95,2024-02-20,2024-03-21,2025-03-21,SIMULATED_REEM_V2,DEVELOPMENT,TRUE
B000243,D0043,S008,455,455,2024-02-21,2024-03-22,2024-09-18,SIMULATED_REEM_V2,DEVELOPMENT,TRUE
B000244,D0027,S006,449,449,2024-02-22,2024-03-23,2025-09-14,SIMULATED_REEM_V2,DEVELOPMENT,TRUE
B000245,D0007,S007,162,162,2024-02-22,2024-03-23,2027-03-23,SIMULATED_REEM_V2,DEVELOPMENT,TRUE
B000246,D0001,S002,400,400,2024-02-25,2024-03-26,2025-09-17,SIMULATED_REEM_V2,DEVELOPMENT,TRUE
B000247,D0014,S008,50,50,2024-02-28,2024-03-29,2026-03-29,SIMULATED_REEM_V2,DEVELOPMENT,TRUE
B000248,D0035,S007,296,296,2024-02-29,2024-03-30,2026-03-30,SIMULATED_REEM_V2,DEVELOPMENT,TRUE
B000249,D0005,S003,318,318,2024-03-03,2024-04-02,2026-04-02,SIMULATED_REEM_V2,DEVELOPMENT,TRUE
B000250,D0010,S008,51,51,2024-03-03,2024-04-02,2025-04-02,SIMULATED_REEM_V2,DEVELOPMENT,TRUE
B000251,D0037,S003,43,43,2024-03-08,2024-04-07,2024-10-04,SIMULATED_REEM_V2,DEVELOPMENT,TRUE
B000252,D0003,S007,137,137,2024-03-09,2024-04-08,2024-10-05,SIMULATED_REEM_V2,DEVELOPMENT,TRUE
B000253,D0046,S005,218,218,2024-03-09,2024-04-08,2025-09-30,SIMULATED_REEM_V2,DEVELOPMENT,TRUE
B000254,D0048,S005,414,414,2024-03-09,2024-04-08,2026-04-08,SIMULATED_REEM_V2,DEVELOPMENT,TRUE
B000255,D0030,S003,48,48,2024-03-11,2024-04-10,2026-04-10,SIMULATED_REEM_V2,DEVELOPMENT,TRUE
B000256,D0029,S007,257,257,2024-03-11,2024-04-10,2025-04-10,SIMULATED_REEM_V2,DEVELOPMENT,TRUE
B000257,D0011,S001,279,279,2024-03-12,2024-04-11,2026-04-11,SIMULATED_REEM_V2,DEVELOPMENT,TRUE
B000258,D0031,S006,50,50,2024-03-14,2024-04-13,2026-04-13,SIMULATED_REEM_V2,DEVELOPMENT,TRUE
B000259,D0042,S005,455,455,2024-03-14,2024-04-13,2026-04-13,SIMULATED_REEM_V2,DEVELOPMENT,TRUE
B000260,D0032,S005,178,178,2024-03-14,2024-04-13,2027-04-13,SIMULATED_REEM_V2,DEVELOPMENT,TRUE
B000261,D0009,S008,319,319,2024-03-17,2024-04-16,2025-04-16,SIMULATED_REEM_V2,DEVELOPMENT,TRUE
B000262,D0006,S004,97,97,2024-03-19,2024-04-18,2025-04-18,SIMULATED_REEM_V2,DEVELOPMENT,TRUE
B000263,D0016,S003,389,389,2024-03-19,2024-04-18,2024-10-15,SIMULATED_REEM_V2,DEVELOPMENT,TRUE
B000264,D0050,S008,187,187,2024-03-20,2024-04-19,2025-10-11,SIMULATED_REEM_V2,DEVELOPMENT,TRUE
B000265,D0039,S002,53,53,2024-03-22,2024-04-21,2027-04-21,SIMULATED_REEM_V2,DEVELOPMENT,TRUE
B000266,D0047,S010,52,52,2024-03-23,2024-04-22,2027-04-22,SIMULATED_REEM_V2,DEVELOPMENT,TRUE
B000267,D0049,S003,88,88,2024-03-24,2024-04-23,2026-04-23,SIMULATED_REEM_V2,DEVELOPMENT,TRUE
B000268,D0041,S006,53,53,2024-03-28,2024-04-27,2024-10-24,SIMULATED_REEM_V2,DEVELOPMENT,TRUE
B000269,D0022,S006,50,50,2024-03-28,2024-04-27,2024-10-24,SIMULATED_REEM_V2,DEVELOPMENT,TRUE
B000270,D0033,S010,45,45,2024-03-29,2024-04-28,2025-04-28,SIMULATED_REEM_V2,DEVELOPMENT,TRUE
B000271,D0017,S010,50,50,2024-03-29,2024-04-28,2027-04-28,SIMULATED_REEM_V2,DEVELOPMENT,TRUE
B000272,D0027,S003,449,449,2024-04-01,2024-05-01,2025-10-23,SIMULATED_REEM_V2,DEVELOPMENT,TRUE
B000273,D0021,S010,426,426,2024-04-02,2024-05-02,2026-05-02,SIMULATED_REEM_V2,DEVELOPMENT,TRUE
B000274,D0018,S004,426,426,2024-04-03,2024-05-03,2026-05-03,SIMULATED_REEM_V2,DEVELOPMENT,TRUE
B000275,D0038,S009,155,155,2024-04-06,2024-05-06,2024-11-02,SIMULATED_REEM_V2,DEVELOPMENT,TRUE
B000276,D0008,S010,50,50,2024-04-08,2024-05-08,2025-10-30,SIMULATED_REEM_V2,DEVELOPMENT,TRUE
B000277,D0043,S005,455,455,2024-04-08,2024-05-08,2024-11-04,SIMULATED_REEM_V2,DEVELOPMENT,TRUE
B000278,D0001,S001,400,400,2024-04-11,2024-05-11,2025-11-02,SIMULATED_REEM_V2,DEVELOPMENT,TRUE
B000279,D0034,S004,78,78,2024-04-16,2024-05-16,2025-05-16,SIMULATED_REEM_V2,DEVELOPMENT,TRUE
B000280,D0007,S001,134,134,2024-04-16,2024-05-16,2027-05-16,SIMULATED_REEM_V2,DEVELOPMENT,TRUE
B000281,D0037,S010,52,52,2024-04-17,2024-05-17,2024-11-13,SIMULATED_REEM_V2,DEVELOPMENT,TRUE
B000282,D0010,S008,51,51,2024-04-17,2024-05-17,2025-05-17,SIMULATED_REEM_V2,DEVELOPMENT,TRUE
B000283,D0024,S006,107,107,2024-04-18,2024-05-18,2025-05-18,SIMULATED_REEM_V2,DEVELOPMENT,TRUE
B000284,D0030,S005,56,56,2024-04-18,2024-05-18,2026-05-18,SIMULATED_REEM_V2,DEVELOPMENT,TRUE
B000285,D0041,S007,53,53,2024-04-21,2024-05-21,2024-11-17,SIMULATED_REEM_V2,DEVELOPMENT,TRUE
B000286,D0035,S001,296,296,2024-04-25,2024-05-25,2026-05-25,SIMULATED_REEM_V2,DEVELOPMENT,TRUE
B000287,D0005,S010,318,318,2024-04-26,2024-05-26,2026-05-26,SIMULATED_REEM_V2,DEVELOPMENT,TRUE
B000288,D0003,S003,137,137,2024-04-26,2024-05-26,2024-11-22,SIMULATED_REEM_V2,DEVELOPMENT,TRUE
B000289,D0029,S007,257,257,2024-04-28,2024-05-28,2025-05-28,SIMULATED_REEM_V2,DEVELOPMENT,TRUE
B000290,D0011,S001,279,279,2024-04-29,2024-05-29,2026-05-29,SIMULATED_REEM_V2,DEVELOPMENT,TRUE
B000291,D0048,S009,414,414,2024-04-29,2024-05-29,2026-05-29,SIMULATED_REEM_V2,DEVELOPMENT,TRUE
B000292,D0042,S001,375,375,2024-05-01,2024-05-31,2026-05-31,SIMULATED_REEM_V2,DEVELOPMENT,TRUE
B000293,D0006,S004,88,88,2024-05-04,2024-06-03,2025-06-03,SIMULATED_REEM_V2,DEVELOPMENT,TRUE
B000294,D0014,S004,50,50,2024-05-05,2024-06-04,2026-06-04,SIMULATED_REEM_V2,DEVELOPMENT,TRUE
B000295,D0047,S008,52,52,2024-05-05,2024-06-04,2027-06-04,SIMULATED_REEM_V2,DEVELOPMENT,TRUE
B000296,D0009,S007,319,319,2024-05-06,2024-06-05,2025-06-05,SIMULATED_REEM_V2,DEVELOPMENT,TRUE
B000297,D0049,S008,88,88,2024-05-09,2024-06-08,2026-06-08,SIMULATED_REEM_V2,DEVELOPMENT,TRUE
B000298,D0046,S006,201,201,2024-05-10,2024-06-09,2025-12-01,SIMULATED_REEM_V2,DEVELOPMENT,TRUE
B000299,D0001,S005,400,400,2024-05-12,2024-06-11,2025-12-03,SIMULATED_REEM_V2,DEVELOPMENT,TRUE
B000300,D0016,S003,389,389,2024-05-14,2024-06-13,2024-12-10,SIMULATED_REEM_V2,DEVELOPMENT,TRUE
B000301,D0018,S002,426,426,2024-05-16,2024-06-15,2026-06-15,SIMULATED_REEM_V2,DEVELOPMENT,TRUE
B000302,D0027,S005,449,449,2024-05-16,2024-06-15,2025-12-07,SIMULATED_REEM_V2,DEVELOPMENT,TRUE
B000303,D0032,S010,178,178,2024-05-17,2024-06-16,2027-06-16,SIMULATED_REEM_V2,DEVELOPMENT,TRUE
B000304,D0034,S005,95,95,2024-05-17,2024-06-16,2025-06-16,SIMULATED_REEM_V2,DEVELOPMENT,TRUE
B000305,D0017,S010,50,50,2024-05-18,2024-06-17,2027-06-17,SIMULATED_REEM_V2,DEVELOPMENT,TRUE
B000306,D0039,S002,53,53,2024-05-19,2024-06-18,2027-06-18,SIMULATED_REEM_V2,DEVELOPMENT,TRUE
B000307,D0038,S005,155,155,2024-05-30,2024-06-29,2024-12-26,SIMULATED_REEM_V2,DEVELOPMENT,TRUE
B000308,D0021,S006,426,426,2024-05-31,2024-06-30,2026-06-30,SIMULATED_REEM_V2,DEVELOPMENT,TRUE
B000309,D0007,S009,162,162,2024-06-02,2024-07-02,2027-07-02,SIMULATED_REEM_V2,DEVELOPMENT,TRUE
B000310,D0050,S006,187,187,2024-06-03,2024-07-03,2025-12-25,SIMULATED_REEM_V2,DEVELOPMENT,TRUE
B000311,D0043,S004,408,408,2024-06-06,2024-07-06,2025-01-02,SIMULATED_REEM_V2,DEVELOPMENT,TRUE
B000312,D0024,S010,107,107,2024-06-07,2024-07-07,2025-07-07,SIMULATED_REEM_V2,DEVELOPMENT,TRUE
B000313,D0008,S006,50,50,2024-06-10,2024-07-10,2026-01-01,SIMULATED_REEM_V2,DEVELOPMENT,TRUE
B000314,D0041,S002,53,53,2024-06-11,2024-07-11,2025-01-07,SIMULATED_REEM_V2,DEVELOPMENT,TRUE
B000315,D0037,S003,52,52,2024-06-11,2024-07-11,2025-01-07,SIMULATED_REEM_V2,DEVELOPMENT,TRUE
B000316,D0030,S007,56,56,2024-06-13,2024-07-13,2026-07-13,SIMULATED_REEM_V2,DEVELOPMENT,TRUE
B000317,D0035,S008,296,296,2024-06-14,2024-07-14,2026-07-14,SIMULATED_REEM_V2,DEVELOPMENT,TRUE
B000318,D0003,S004,137,137,2024-06-16,2024-07-16,2025-01-12,SIMULATED_REEM_V2,DEVELOPMENT,TRUE
B000319,D0022,S006,50,50,2024-06-18,2024-07-18,2025-01-14,SIMULATED_REEM_V2,DEVELOPMENT,TRUE
B000320,D0033,S006,50,50,2024-06-19,2024-07-19,2025-07-19,SIMULATED_REEM_V2,DEVELOPMENT,TRUE
B000321,D0042,S003,455,455,2024-06-19,2024-07-19,2026-07-19,SIMULATED_REEM_V2,DEVELOPMENT,TRUE
B000322,D0005,S010,318,318,2024-06-21,2024-07-21,2026-07-21,SIMULATED_REEM_V2,DEVELOPMENT,TRUE
B000323,D0048,S007,356,356,2024-06-21,2024-07-21,2026-07-21,SIMULATED_REEM_V2,DEVELOPMENT,TRUE
B000324,D0006,S004,108,108,2024-06-22,2024-07-22,2025-07-22,SIMULATED_REEM_V2,DEVELOPMENT,TRUE
B000325,D0046,S007,218,218,2024-06-22,2024-07-22,2026-01-13,SIMULATED_REEM_V2,DEVELOPMENT,TRUE
B000326,D0011,S006,279,279,2024-06-26,2024-07-26,2026-07-26,SIMULATED_REEM_V2,DEVELOPMENT,TRUE
B000327,D0009,S001,319,319,2024-06-27,2024-07-27,2025-07-27,SIMULATED_REEM_V2,DEVELOPMENT,TRUE
B000328,D0029,S001,257,257,2024-06-28,2024-07-28,2025-07-28,SIMULATED_REEM_V2,DEVELOPMENT,TRUE
B000329,D0045,S009,50,50,2024-06-29,2024-07-29,2027-07-29,SIMULATED_REEM_V2,DEVELOPMENT,TRUE
B000330,D0010,S002,51,51,2024-06-30,2024-07-30,2025-07-30,SIMULATED_REEM_V2,DEVELOPMENT,TRUE
B000331,D0017,S002,50,50,2024-07-04,2024-08-03,2027-08-03,SIMULATED_REEM_V2,DEVELOPMENT,TRUE
B000332,D0016,S004,389,389,2024-07-10,2024-08-09,2025-02-05,SIMULATED_REEM_V2,DEVELOPMENT,TRUE
B000333,D0039,S005,53,53,2024-07-12,2024-08-11,2027-08-11,SIMULATED_REEM_V2,DEVELOPMENT,TRUE
B000334,D0001,S003,400,400,2024-07-13,2024-08-12,2026-02-03,SIMULATED_REEM_V2,DEVELOPMENT,TRUE
B000335,D0032,S001,178,178,2024-07-14,2024-08-13,2027-08-13,SIMULATED_REEM_V2,DEVELOPMENT,TRUE
B000336,D0021,S007,395,395,2024-07-14,2024-08-13,2026-08-13,SIMULATED_REEM_V2,DEVELOPMENT,TRUE
B000337,D0047,S008,52,52,2024-07-14,2024-08-13,2027-08-13,SIMULATED_REEM_V2,DEVELOPMENT,TRUE
B000338,D0049,S009,88,88,2024-07-14,2024-08-13,2026-08-13,SIMULATED_REEM_V2,DEVELOPMENT,TRUE
B000339,D0018,S009,426,426,2024-07-17,2024-08-16,2026-08-16,SIMULATED_REEM_V2,DEVELOPMENT,TRUE
B000340,D0050,S004,187,187,2024-07-19,2024-08-18,2026-02-09,SIMULATED_REEM_V2,DEVELOPMENT,TRUE
B000341,D0031,S005,50,50,2024-07-19,2024-08-18,2026-08-18,SIMULATED_REEM_V2,DEVELOPMENT,TRUE
B000342,D0034,S007,95,95,2024-07-21,2024-08-20,2025-08-20,SIMULATED_REEM_V2,DEVELOPMENT,TRUE
B000343,D0027,S001,449,449,2024-07-25,2024-08-24,2026-02-15,SIMULATED_REEM_V2,DEVELOPMENT,TRUE
B000344,D0043,S010,455,455,2024-07-30,2024-08-29,2025-02-25,SIMULATED_REEM_V2,DEVELOPMENT,TRUE
B000345,D0014,S007,50,50,2024-08-01,2024-08-31,2026-08-31,SIMULATED_REEM_V2,DEVELOPMENT,TRUE
B000346,D0007,S007,162,162,2024-08-05,2024-09-04,2027-09-04,SIMULATED_REEM_V2,DEVELOPMENT,TRUE
B000347,D0041,S005,53,53,2024-08-06,2024-09-05,2025-03-04,SIMULATED_REEM_V2,DEVELOPMENT,TRUE
B000348,D0024,S004,107,107,2024-08-07,2024-09-06,2025-09-06,SIMULATED_REEM_V2,DEVELOPMENT,TRUE
B000349,D0038,S003,155,155,2024-08-10,2024-09-09,2025-03-08,SIMULATED_REEM_V2,DEVELOPMENT,TRUE
B000350,D0044,S004,50,50,2024-08-17,2024-09-16,2025-03-15,SIMULATED_REEM_V2,DEVELOPMENT,TRUE
B000351,D0003,S005,137,137,2024-08-17,2024-09-16,2025-03-15,SIMULATED_REEM_V2,DEVELOPMENT,TRUE
B000352,D0042,S001,455,455,2024-08-20,2024-09-19,2026-09-19,SIMULATED_REEM_V2,DEVELOPMENT,TRUE
B000353,D0008,S009,50,50,2024-08-21,2024-09-20,2026-03-14,SIMULATED_REEM_V2,DEVELOPMENT,TRUE
B000354,D0048,S003,414,414,2024-08-22,2024-09-21,2026-09-21,SIMULATED_REEM_V2,DEVELOPMENT,TRUE
B000355,D0030,S008,56,56,2024-08-22,2024-09-21,2026-09-21,SIMULATED_REEM_V2,DEVELOPMENT,TRUE
B000356,D0005,S003,318,318,2024-08-26,2024-09-25,2026-09-25,SIMULATED_REEM_V2,DEVELOPMENT,TRUE
B000357,D0006,S005,108,108,2024-08-26,2024-09-25,2025-09-25,SIMULATED_REEM_V2,DEVELOPMENT,TRUE
B000358,D0035,S003,296,296,2024-08-27,2024-09-26,2026-09-26,SIMULATED_REEM_V2,DEVELOPMENT,TRUE
B000359,D0029,S003,257,257,2024-08-31,2024-09-30,2025-09-30,SIMULATED_REEM_V2,DEVELOPMENT,TRUE
B000360,D0046,S007,218,218,2024-09-02,2024-10-02,2026-03-26,SIMULATED_REEM_V2,DEVELOPMENT,TRUE
B000361,D0009,S007,319,319,2024-09-06,2024-10-06,2025-10-06,SIMULATED_REEM_V2,DEVELOPMENT,TRUE
B000362,D0010,S004,51,51,2024-09-10,2024-10-10,2025-10-10,SIMULATED_REEM_V2,DEVELOPMENT,TRUE
B000363,D0011,S003,279,279,2024-09-12,2024-10-12,2026-10-12,SIMULATED_REEM_V2,DEVELOPMENT,TRUE
B000364,D0037,S006,52,52,2024-09-15,2024-10-15,2025-04-13,SIMULATED_REEM_V2,DEVELOPMENT,TRUE
B000365,D0001,S003,400,400,2024-09-17,2024-10-17,2026-04-10,SIMULATED_REEM_V2,DEVELOPMENT,TRUE
B000366,D0049,S009,88,88,2024-09-23,2024-10-23,2026-10-23,SIMULATED_REEM_V2,DEVELOPMENT,TRUE
B000367,D0021,S010,426,426,2024-09-24,2024-10-24,2026-10-24,SIMULATED_REEM_V2,DEVELOPMENT,TRUE
B000368,D0016,S001,389,389,2024-09-28,2024-10-28,2025-04-26,SIMULATED_REEM_V2,DEVELOPMENT,TRUE
B000369,D0050,S005,187,187,2024-09-28,2024-10-28,2026-04-21,SIMULATED_REEM_V2,DEVELOPMENT,TRUE
B000370,D0018,S009,426,426,2024-10-02,2024-11-01,2026-11-01,SIMULATED_REEM_V2,DEVELOPMENT,TRUE
B000371,D0033,S008,50,50,2024-10-02,2024-11-01,2025-11-01,SIMULATED_REEM_V2,DEVELOPMENT,TRUE
B000372,D0039,S004,53,53,2024-10-03,2024-11-02,2027-11-02,SIMULATED_REEM_V2,DEVELOPMENT,TRUE
B000373,D0027,S003,449,449,2024-10-03,2024-11-02,2026-04-26,SIMULATED_REEM_V2,DEVELOPMENT,TRUE
B000374,D0017,S003,50,50,2024-10-04,2024-11-03,2027-11-03,SIMULATED_REEM_V2,DEVELOPMENT,TRUE
B000375,D0043,S007,455,455,2024-10-08,2024-11-07,2025-05-06,SIMULATED_REEM_V2,DEVELOPMENT,TRUE
B000376,D0032,S004,178,178,2024-10-11,2024-11-10,2027-11-10,SIMULATED_REEM_V2,DEVELOPMENT,TRUE
B000377,D0047,S003,52,52,2024-10-13,2024-11-12,2027-11-12,SIMULATED_REEM_V2,DEVELOPMENT,TRUE
B000378,D0034,S010,95,95,2024-10-15,2024-11-14,2025-11-14,SIMULATED_REEM_V2,DEVELOPMENT,TRUE
B000379,D0038,S008,155,155,2024-10-17,2024-11-16,2025-05-15,SIMULATED_REEM_V2,DEVELOPMENT,TRUE
B000380,D0041,S009,53,53,2024-10-18,2024-11-17,2025-05-16,SIMULATED_REEM_V2,DEVELOPMENT,TRUE
B000381,D0022,S009,50,50,2024-10-20,2024-11-19,2025-05-18,SIMULATED_REEM_V2,DEVELOPMENT,TRUE
B000382,D0042,S007,424,424,2024-10-22,2024-11-21,2026-11-21,SIMULATED_REEM_V2,DEVELOPMENT,TRUE
B000383,D0024,S010,107,107,2024-10-24,2024-11-23,2025-11-23,SIMULATED_REEM_V2,DEVELOPMENT,TRUE
B000384,D0003,S008,137,137,2024-10-28,2024-11-27,2025-05-26,SIMULATED_REEM_V2,DEVELOPMENT,TRUE
B000385,D0014,S006,50,50,2024-11-02,2024-12-02,2026-12-02,SIMULATED_REEM_V2,DEVELOPMENT,TRUE
B000386,D0007,S003,162,162,2024-11-03,2024-12-03,2027-12-03,SIMULATED_REEM_V2,DEVELOPMENT,TRUE
B000387,D0048,S003,414,414,2024-11-03,2024-12-03,2026-12-03,SIMULATED_REEM_V2,DEVELOPMENT,TRUE
B000388,D0029,S005,257,257,2024-11-11,2024-12-11,2025-12-11,SIMULATED_REEM_V2,DEVELOPMENT,TRUE
B000389,D0006,S002,108,108,2024-11-12,2024-12-12,2025-12-12,SIMULATED_REEM_V2,DEVELOPMENT,TRUE
B000390,D0008,S002,50,50,2024-11-13,2024-12-13,2026-06-06,SIMULATED_REEM_V2,DEVELOPMENT,TRUE
B000391,D0030,S006,56,56,2024-11-14,2024-12-14,2026-12-14,SIMULATED_REEM_V2,DEVELOPMENT,TRUE
B000392,D0005,S001,318,318,2024-11-15,2024-12-15,2026-12-15,SIMULATED_REEM_V2,DEVELOPMENT,TRUE
B000393,D0035,S006,296,296,2024-11-17,2024-12-17,2026-12-17,SIMULATED_REEM_V2,DEVELOPMENT,TRUE
B000394,D0001,S010,400,400,2024-11-17,2024-12-17,2026-06-10,SIMULATED_REEM_V2,DEVELOPMENT,TRUE
B000395,D0010,S003,51,51,2024-11-17,2024-12-17,2025-12-17,SIMULATED_REEM_V2,DEVELOPMENT,TRUE
B000396,D0009,S006,264,264,2024-11-23,2024-12-23,2025-12-23,SIMULATED_REEM_V2,DEVELOPMENT,TRUE
B000397,D0011,S010,253,253,2024-11-26,2024-12-26,2026-12-26,SIMULATED_REEM_V2,DEVELOPMENT,TRUE
B000398,D0037,S010,48,48,2024-11-27,2024-12-27,2025-06-25,SIMULATED_REEM_V2,DEVELOPMENT,TRUE
B000399,D0046,S006,218,218,2024-11-29,2024-12-29,2026-06-22,SIMULATED_REEM_V2,DEVELOPMENT,TRUE
B000400,D0049,S006,88,88,2024-12-04,2025-01-03,2027-01-03,SIMULATED_REEM_V2,DEVELOPMENT,TRUE
B000401,D0021,S006,426,426,2024-12-05,2025-01-04,2027-01-04,SIMULATED_REEM_V2,DEVELOPMENT,TRUE
B000402,D0027,S004,449,449,2024-12-06,2025-01-05,2026-06-29,SIMULATED_REEM_V2,DEVELOPMENT,TRUE
B000403,D0016,S002,389,389,2024-12-09,2025-01-08,2025-07-07,SIMULATED_REEM_V2,DEVELOPMENT,TRUE
B000404,D0018,S007,426,426,2024-12-09,2025-01-08,2027-01-08,SIMULATED_REEM_V2,DEVELOPMENT,TRUE
B000405,D0043,S005,455,455,2024-12-09,2025-01-08,2025-07-07,SIMULATED_REEM_V2,DEVELOPMENT,TRUE
B000406,D0017,S005,44,44,2024-12-13,2025-01-12,2028-01-12,SIMULATED_REEM_V2,DEVELOPMENT,TRUE
B000407,D0039,S004,53,53,2024-12-14,2025-01-13,2028-01-13,SIMULATED_REEM_V2,DEVELOPMENT,TRUE
B000408,D0050,S007,187,187,2024-12-14,2025-01-13,2026-07-07,SIMULATED_REEM_V2,DEVELOPMENT,TRUE
B000409,D0041,S001,53,53,2024-12-17,2025-01-16,2025-07-15,SIMULATED_REEM_V2,DEVELOPMENT,TRUE
B000410,D0024,S003,107,107,2024-12-18,2025-01-17,2026-01-17,SIMULATED_REEM_V2,DEVELOPMENT,TRUE
B000411,D0038,S005,155,155,2024-12-20,2025-01-19,2025-07-18,SIMULATED_REEM_V2,DEVELOPMENT,TRUE
B000412,D0032,S010,178,178,2024-12-22,2025-01-21,2028-01-21,SIMULATED_REEM_V2,DEVELOPMENT,TRUE
B000413,D0031,S006,50,50,2024-12-23,2025-01-22,2027-01-22,SIMULATED_REEM_V2,DEVELOPMENT,TRUE
B000414,D0042,S005,455,455,2024-12-24,2025-01-23,2027-01-23,SIMULATED_REEM_V2,DEVELOPMENT,TRUE
B000415,D0007,S008,162,162,2024-12-24,2025-01-23,2028-01-23,SIMULATED_REEM_V2,DEVELOPMENT,TRUE
B000416,D0009,S005,270,270,2024-12-27,2025-01-26,2026-01-26,SIMULATED_REEM_V2,DEVELOPMENT,TRUE
B000417,D0034,S010,95,95,2024-12-28,2025-01-27,2026-01-27,SIMULATED_REEM_V2,DEVELOPMENT,TRUE
B000418,D0047,S010,52,52,2024-12-29,2025-01-28,2028-01-28,SIMULATED_REEM_V2,DEVELOPMENT,TRUE
B000419,D0006,S007,108,108,2024-12-31,2025-01-30,2026-01-30,SIMULATED_REEM_V2,DEVELOPMENT,TRUE
B000420,D0048,S003,414,414,2025-01-01,2025-01-31,2027-01-31,SIMULATED_REEM_V2,DEVELOPMENT,TRUE
B000421,D0033,S010,44,44,2025-01-04,2025-02-03,2026-02-03,SIMULATED_REEM_V2,DEVELOPMENT,TRUE
B000422,D0030,S009,56,56,2025-01-05,2025-02-04,2027-02-04,SIMULATED_REEM_V2,DEVELOPMENT,TRUE
B000423,D0003,S002,137,137,2025-01-07,2025-02-06,2025-08-05,SIMULATED_REEM_V2,DEVELOPMENT,TRUE
B000424,D0001,S004,400,400,2025-01-11,2025-02-10,2026-08-04,SIMULATED_REEM_V2,DEVELOPMENT,TRUE
B000425,D0029,S009,257,257,2025-01-12,2025-02-11,2026-02-11,SIMULATED_REEM_V2,DEVELOPMENT,TRUE
B000426,D0035,S004,296,296,2025-01-12,2025-02-11,2027-02-11,SIMULATED_REEM_V2,DEVELOPMENT,TRUE
B000427,D0005,S002,318,318,2025-01-14,2025-02-13,2027-02-13,SIMULATED_REEM_V2,DEVELOPMENT,TRUE
B000428,D0011,S004,279,279,2025-01-15,2025-02-14,2027-02-14,SIMULATED_REEM_V2,DEVELOPMENT,TRUE
B000429,D0021,S005,426,426,2025-01-18,2025-02-17,2027-02-17,SIMULATED_REEM_V2,DEVELOPMENT,TRUE
B000430,D0037,S007,52,52,2025-01-18,2025-02-17,2025-08-16,SIMULATED_REEM_V2,DEVELOPMENT,TRUE
B000431,D0008,S007,50,50,2025-01-21,2025-02-20,2026-08-14,SIMULATED_REEM_V2,DEVELOPMENT,TRUE
B000432,D0027,S009,449,449,2025-01-22,2025-02-21,2026-08-15,SIMULATED_REEM_V2,DEVELOPMENT,TRUE
B000433,D0046,S004,218,218,2025-01-23,2025-02-22,2026-08-16,SIMULATED_REEM_V2,DEVELOPMENT,TRUE
B000434,D0010,S009,51,51,2025-01-23,2025-02-22,2026-02-22,SIMULATED_REEM_V2,DEVELOPMENT,TRUE
B000435,D0049,S001,71,71,2025-01-24,2025-02-23,2027-02-23,SIMULATED_REEM_V2,DEVELOPMENT,TRUE
B000436,D0016,S003,347,347,2025-01-24,2025-02-23,2025-08-22,SIMULATED_REEM_V2,DEVELOPMENT,TRUE
B000437,D0014,S010,50,50,2025-01-25,2025-02-24,2027-02-24,SIMULATED_REEM_V2,DEVELOPMENT,TRUE
B000438,D0026,S006,50,50,2025-01-26,2025-02-25,2027-02-25,SIMULATED_REEM_V2,DEVELOPMENT,TRUE
B000439,D0022,S010,50,50,2025-01-29,2025-02-28,2025-08-27,SIMULATED_REEM_V2,DEVELOPMENT,TRUE
B000440,D0017,S005,50,50,2025-02-01,2025-03-03,2028-03-02,SIMULATED_REEM_V2,DEVELOPMENT,TRUE
B000441,D0039,S008,53,53,2025-02-01,2025-03-03,2028-03-02,SIMULATED_REEM_V2,DEVELOPMENT,TRUE
B000442,D0041,S008,53,53,2025-02-06,2025-03-08,2025-09-04,SIMULATED_REEM_V2,DEVELOPMENT,TRUE
B000443,D0018,S009,426,426,2025-02-07,2025-03-09,2027-03-09,SIMULATED_REEM_V2,DEVELOPMENT,TRUE
B000444,D0043,S004,455,455,2025-02-07,2025-03-09,2025-09-05,SIMULATED_REEM_V2,DEVELOPMENT,TRUE
B000445,D0042,S004,455,455,2025-02-07,2025-03-09,2027-03-09,SIMULATED_REEM_V2,DEVELOPMENT,TRUE
B000446,D0024,S010,90,90,2025-02-09,2025-03-11,2026-03-11,SIMULATED_REEM_V2,DEVELOPMENT,TRUE
B000447,D0038,S002,155,155,2025-02-11,2025-03-13,2025-09-09,SIMULATED_REEM_V2,DEVELOPMENT,TRUE
B000448,D0009,S001,319,319,2025-02-12,2025-03-14,2026-03-14,SIMULATED_REEM_V2,DEVELOPMENT,TRUE
B000449,D0047,S007,52,52,2025-02-16,2025-03-18,2028-03-17,SIMULATED_REEM_V2,DEVELOPMENT,TRUE
B000450,D0007,S003,162,162,2025-02-17,2025-03-19,2028-03-18,SIMULATED_REEM_V2,DEVELOPMENT,TRUE
B000451,D0034,S010,95,95,2025-02-18,2025-03-20,2026-03-20,SIMULATED_REEM_V2,DEVELOPMENT,TRUE
B000452,D0003,S009,119,119,2025-02-18,2025-03-20,2025-09-16,SIMULATED_REEM_V2,DEVELOPMENT,TRUE
B000453,D0048,S008,414,414,2025-02-20,2025-03-22,2027-03-22,SIMULATED_REEM_V2,DEVELOPMENT,TRUE
B000454,D0001,S008,400,400,2025-02-20,2025-03-22,2026-09-13,SIMULATED_REEM_V2,DEVELOPMENT,TRUE
B000455,D0049,S008,88,88,2025-02-20,2025-03-22,2027-03-22,SIMULATED_REEM_V2,DEVELOPMENT,TRUE
B000456,D0050,S006,187,187,2025-02-22,2025-03-24,2026-09-15,SIMULATED_REEM_V2,DEVELOPMENT,TRUE
B000457,D0032,S006,178,178,2025-02-22,2025-03-24,2028-03-23,SIMULATED_REEM_V2,DEVELOPMENT,TRUE
B000458,D0029,S009,257,257,2025-02-27,2025-03-29,2026-03-29,SIMULATED_REEM_V2,DEVELOPMENT,TRUE
B000459,D0006,S004,108,108,2025-02-28,2025-03-30,2026-03-30,SIMULATED_REEM_V2,DEVELOPMENT,TRUE
B000460,D0005,S008,318,318,2025-03-01,2025-03-31,2027-03-31,SIMULATED_REEM_V2,DEVELOPMENT,TRUE
B000461,D0030,S001,56,56,2025-03-02,2025-04-01,2027-04-01,SIMULATED_REEM_V2,DEVELOPMENT,TRUE
B000462,D0035,S010,296,296,2025-03-03,2025-04-02,2027-04-02,SIMULATED_REEM_V2,DEVELOPMENT,TRUE
B000463,D0046,S003,218,218,2025-03-08,2025-04-07,2026-09-29,SIMULATED_REEM_V2,DEVELOPMENT,TRUE
B000464,D0010,S003,51,51,2025-03-08,2025-04-07,2026-04-07,SIMULATED_REEM_V2,DEVELOPMENT,TRUE
B000465,D0011,S001,279,279,2025-03-10,2025-04-09,2027-04-09,SIMULATED_REEM_V2,DEVELOPMENT,TRUE
B000466,D0016,S010,389,389,2025-03-10,2025-04-09,2025-10-06,SIMULATED_REEM_V2,DEVELOPMENT,TRUE
B000467,D0021,S001,426,426,2025-03-11,2025-04-10,2027-04-10,SIMULATED_REEM_V2,DEVELOPMENT,TRUE
B000468,D0044,S002,50,50,2025-03-11,2025-04-10,2025-10-07,SIMULATED_REEM_V2,DEVELOPMENT,TRUE
B000469,D0024,S003,107,107,2025-03-11,2025-04-10,2026-04-10,SIMULATED_REEM_V2,DEVELOPMENT,TRUE
B000470,D0027,S005,449,449,2025-03-17,2025-04-16,2026-10-08,SIMULATED_REEM_V2,DEVELOPMENT,TRUE
B000471,D0037,S009,52,52,2025-03-17,2025-04-16,2025-10-13,SIMULATED_REEM_V2,DEVELOPMENT,TRUE
B000472,D0040,S003,50,50,2025-03-18,2025-04-17,2027-04-17,SIMULATED_REEM_V2,DEVELOPMENT,TRUE
B000473,D0014,S007,50,50,2025-03-18,2025-04-17,2027-04-17,SIMULATED_REEM_V2,DEVELOPMENT,TRUE
B000474,D0017,S003,50,50,2025-03-19,2025-04-18,2028-04-17,SIMULATED_REEM_V2,DEVELOPMENT,TRUE
B000475,D0043,S007,455,455,2025-03-19,2025-04-18,2025-10-15,SIMULATED_REEM_V2,DEVELOPMENT,TRUE
B000476,D0009,S001,319,319,2025-03-24,2025-04-23,2026-04-23,SIMULATED_REEM_V2,DEVELOPMENT,TRUE
B000477,D0039,S008,53,53,2025-03-25,2025-04-24,2028-04-23,SIMULATED_REEM_V2,DEVELOPMENT,TRUE
B000478,D0008,S003,50,50,2025-03-26,2025-04-25,2026-10-17,SIMULATED_REEM_V2,DEVELOPMENT,TRUE
B000479,D0042,S010,455,455,2025-03-26,2025-04-25,2027-04-25,SIMULATED_REEM_V2,DEVELOPMENT,TRUE
B000480,D0033,S004,50,50,2025-03-27,2025-04-26,2026-04-26,SIMULATED_REEM_V2,DEVELOPMENT,TRUE
B000481,D0018,S001,426,426,2025-03-29,2025-04-28,2027-04-28,SIMULATED_REEM_V2,DEVELOPMENT,TRUE
B000482,D0031,S008,50,50,2025-03-30,2025-04-29,2027-04-29,SIMULATED_REEM_V2,DEVELOPMENT,TRUE
B000483,D0041,S009,53,53,2025-03-31,2025-04-30,2025-10-27,SIMULATED_REEM_V2,DEVELOPMENT,TRUE
B000484,D0050,S008,187,187,2025-03-31,2025-04-30,2026-10-22,SIMULATED_REEM_V2,DEVELOPMENT,TRUE
B000485,D0007,S005,162,162,2025-03-31,2025-04-30,2028-04-29,SIMULATED_REEM_V2,DEVELOPMENT,TRUE
B000486,D0019,S003,50,50,2025-04-02,2025-05-02,2026-05-02,SIMULATED_REEM_V2,DEVELOPMENT,TRUE
B000487,D0045,S010,50,50,2025-04-04,2025-05-04,2028-05-03,SIMULATED_REEM_V2,DEVELOPMENT,TRUE
B000488,D0038,S010,155,155,2025-04-05,2025-05-05,2025-11-01,SIMULATED_REEM_V2,DEVELOPMENT,TRUE
B000489,D0026,S009,50,50,2025-04-06,2025-05-06,2027-05-06,SIMULATED_REEM_V2,DEVELOPMENT,TRUE
B000490,D0003,S006,137,137,2025-04-08,2025-05-08,2025-11-04,SIMULATED_REEM_V2,DEVELOPMENT,TRUE
B000491,D0034,S001,95,95,2025-04-09,2025-05-09,2026-05-09,SIMULATED_REEM_V2,DEVELOPMENT,TRUE
B000492,D0029,S003,257,257,2025-04-12,2025-05-12,2026-05-12,SIMULATED_REEM_V2,DEVELOPMENT,TRUE
B000493,D0006,S003,108,108,2025-04-12,2025-05-12,2026-05-12,SIMULATED_REEM_V2,DEVELOPMENT,TRUE
B000494,D0048,S010,347,347,2025-04-13,2025-05-13,2027-05-13,SIMULATED_REEM_V2,DEVELOPMENT,TRUE
B000495,D0047,S004,52,52,2025-04-14,2025-05-14,2028-05-13,SIMULATED_REEM_V2,DEVELOPMENT,TRUE
B000496,D0032,S004,178,178,2025-04-15,2025-05-15,2028-05-14,SIMULATED_REEM_V2,DEVELOPMENT,TRUE
B000497,D0049,S005,88,88,2025-04-16,2025-05-16,2027-05-16,SIMULATED_REEM_V2,DEVELOPMENT,TRUE
B000498,D0001,S006,400,400,2025-04-17,2025-05-17,2026-11-08,SIMULATED_REEM_V2,DEVELOPMENT,TRUE
B000499,D0022,S006,50,50,2025-04-18,2025-05-18,2025-11-14,SIMULATED_REEM_V2,DEVELOPMENT,TRUE
B000500,D0021,S006,361,361,2025-04-22,2025-05-22,2027-05-22,SIMULATED_REEM_V2,DEVELOPMENT,TRUE
B000501,D0011,S005,250,250,2025-04-22,2025-05-22,2027-05-22,SIMULATED_REEM_V2,DEVELOPMENT,TRUE
B000502,D0035,S004,296,296,2025-04-24,2025-05-24,2027-05-24,SIMULATED_REEM_V2,DEVELOPMENT,TRUE
B000503,D0016,S002,389,389,2025-04-25,2025-05-25,2025-11-21,SIMULATED_REEM_V2,DEVELOPMENT,TRUE
B000504,D0024,S007,107,107,2025-04-25,2025-05-25,2026-05-25,SIMULATED_REEM_V2,DEVELOPMENT,TRUE
B000505,D0005,S006,318,318,2025-04-26,2025-05-26,2027-05-26,SIMULATED_REEM_V2,DEVELOPMENT,TRUE
B000506,D0010,S003,51,51,2025-04-28,2025-05-28,2026-05-28,SIMULATED_REEM_V2,DEVELOPMENT,TRUE
B000507,D0046,S006,218,218,2025-05-02,2025-06-01,2026-11-23,SIMULATED_REEM_V2,DEVELOPMENT,TRUE
B000508,D0027,S006,449,449,2025-05-02,2025-06-01,2026-11-23,SIMULATED_REEM_V2,DEVELOPMENT,TRUE
B000509,D0030,S006,56,56,2025-05-04,2025-06-03,2027-06-03,SIMULATED_REEM_V2,DEVELOPMENT,TRUE
B000510,D0042,S003,455,455,2025-05-04,2025-06-03,2027-06-03,SIMULATED_REEM_V2,DEVELOPMENT,TRUE
B000511,D0017,S008,50,50,2025-05-04,2025-06-03,2028-06-02,SIMULATED_REEM_V2,DEVELOPMENT,TRUE
B000512,D0009,S001,319,319,2025-05-06,2025-06-05,2026-06-05,SIMULATED_REEM_V2,DEVELOPMENT,TRUE
B000513,D0003,S007,137,137,2025-05-09,2025-06-08,2025-12-05,SIMULATED_REEM_V2,DEVELOPMENT,TRUE
B000514,D0041,S004,49,49,2025-05-12,2025-06-11,2025-12-08,SIMULATED_REEM_V2,DEVELOPMENT,TRUE
B000515,D0039,S007,53,53,2025-05-12,2025-06-11,2028-06-10,SIMULATED_REEM_V2,DEVELOPMENT,TRUE
B000516,D0043,S003,455,455,2025-05-13,2025-06-12,2025-12-09,SIMULATED_REEM_V2,DEVELOPMENT,TRUE
B000517,D0018,S005,426,426,2025-05-15,2025-06-14,2027-06-14,SIMULATED_REEM_V2,DEVELOPMENT,TRUE
B000518,D0014,S002,50,50,2025-05-17,2025-06-16,2027-06-16,SIMULATED_REEM_V2,DEVELOPMENT,TRUE
B000519,D0037,S006,52,52,2025-05-18,2025-06-17,2025-12-14,SIMULATED_REEM_V2,DEVELOPMENT,TRUE
B000520,D0001,S002,400,400,2025-05-22,2025-06-21,2026-12-13,SIMULATED_REEM_V2,DEVELOPMENT,TRUE
B000521,D0050,S005,187,187,2025-05-22,2025-06-21,2026-12-13,SIMULATED_REEM_V2,DEVELOPMENT,TRUE
B000522,D0038,S004,155,155,2025-05-24,2025-06-23,2025-12-20,SIMULATED_REEM_V2,DEVELOPMENT,TRUE
B000523,D0049,S003,88,88,2025-05-26,2025-06-25,2027-06-25,SIMULATED_REEM_V2,DEVELOPMENT,TRUE
B000524,D0007,S008,162,162,2025-05-27,2025-06-26,2028-06-25,SIMULATED_REEM_V2,DEVELOPMENT,TRUE
B000525,D0048,S010,414,414,2025-05-28,2025-06-27,2027-06-27,SIMULATED_REEM_V2,DEVELOPMENT,TRUE
B000526,D0006,S005,108,108,2025-05-28,2025-06-27,2026-06-27,SIMULATED_REEM_V2,DEVELOPMENT,TRUE
B000527,D0029,S009,257,257,2025-05-29,2025-06-28,2026-06-28,SIMULATED_REEM_V2,DEVELOPMENT,TRUE
B000528,D0034,S005,95,95,2025-05-30,2025-06-29,2026-06-29,SIMULATED_REEM_V2,DEVELOPMENT,TRUE
B000529,D0047,S003,52,52,2025-06-01,2025-07-01,2028-06-30,SIMULATED_REEM_V2,DEVELOPMENT,TRUE
B000530,D0008,S010,50,50,2025-06-03,2025-07-03,2026-12-25,SIMULATED_REEM_V2,DEVELOPMENT,TRUE
B000531,D0021,S006,426,426,2025-06-08,2025-07-08,2027-07-08,SIMULATED_REEM_V2,DEVELOPMENT,TRUE
B000532,D0032,S004,155,155,2025-06-09,2025-07-09,2028-07-08,SIMULATED_REEM_V2,DEVELOPMENT,TRUE
B000533,D0005,S008,318,318,2025-06-12,2025-07-12,2027-07-12,SIMULATED_REEM_V2,DEVELOPMENT,TRUE
B000534,D0033,S010,50,50,2025-06-13,2025-07-13,2026-07-13,SIMULATED_REEM_V2,DEVELOPMENT,TRUE
B000535,D0011,S007,279,279,2025-06-13,2025-07-13,2027-07-13,SIMULATED_REEM_V2,DEVELOPMENT,TRUE
B000536,D0027,S004,379,379,2025-06-17,2025-07-17,2027-01-08,SIMULATED_REEM_V2,DEVELOPMENT,TRUE
B000537,D0016,S009,317,317,2025-06-18,2025-07-18,2026-01-14,SIMULATED_REEM_V2,DEVELOPMENT,TRUE
B000538,D0035,S004,296,296,2025-06-19,2025-07-19,2027-07-19,SIMULATED_REEM_V2,DEVELOPMENT,TRUE
B000539,D0024,S005,107,107,2025-06-19,2025-07-19,2026-07-19,SIMULATED_REEM_V2,DEVELOPMENT,TRUE
B000540,D0022,S001,50,50,2025-06-20,2025-07-20,2026-01-16,SIMULATED_REEM_V2,DEVELOPMENT,TRUE
B000541,D0010,S007,51,51,2025-06-21,2025-07-21,2026-07-21,SIMULATED_REEM_V2,DEVELOPMENT,TRUE
B000542,D0012,S007,50,50,2025-06-24,2025-07-24,2027-07-24,SIMULATED_REEM_V2,DEVELOPMENT,TRUE
B000543,D0046,S010,218,218,2025-06-25,2025-07-25,2027-01-16,SIMULATED_REEM_V2,DEVELOPMENT,TRUE
B000544,D0009,S009,319,319,2025-06-28,2025-07-28,2026-07-28,SIMULATED_REEM_V2,DEVELOPMENT,TRUE
B000545,D0003,S004,137,137,2025-07-03,2025-08-02,2026-01-29,SIMULATED_REEM_V2,DEVELOPMENT,TRUE
B000546,D0030,S005,56,56,2025-07-04,2025-08-03,2027-08-03,SIMULATED_REEM_V2,DEVELOPMENT,TRUE
B000547,D0041,S002,53,53,2025-07-04,2025-08-03,2026-01-30,SIMULATED_REEM_V2,DEVELOPMENT,TRUE
B000548,D0042,S006,455,455,2025-07-12,2025-08-11,2027-08-11,SIMULATED_REEM_V2,DEVELOPMENT,TRUE
B000549,D0043,S003,455,455,2025-07-13,2025-08-12,2026-02-08,SIMULATED_REEM_V2,DEVELOPMENT,TRUE
B000550,D0017,S004,50,50,2025-07-17,2025-08-16,2028-08-15,SIMULATED_REEM_V2,DEVELOPMENT,TRUE
B000551,D0037,S007,52,52,2025-07-17,2025-08-16,2026-02-12,SIMULATED_REEM_V2,DEVELOPMENT,TRUE
B000552,D0038,S001,155,155,2025-07-18,2025-08-17,2026-02-13,SIMULATED_REEM_V2,DEVELOPMENT,TRUE
B000553,D0049,S008,88,88,2025-07-20,2025-08-19,2027-08-19,SIMULATED_REEM_V2,DEVELOPMENT,TRUE
B000554,D0001,S009,400,400,2025-07-23,2025-08-22,2027-02-13,SIMULATED_REEM_V2,DEVELOPMENT,TRUE
B000555,D0048,S005,414,414,2025-07-23,2025-08-22,2027-08-22,SIMULATED_REEM_V2,DEVELOPMENT,TRUE
B000556,D0021,S005,426,426,2025-07-27,2025-08-26,2027-08-26,SIMULATED_REEM_V2,DEVELOPMENT,TRUE
B000557,D0039,S003,53,53,2025-07-27,2025-08-26,2028-08-25,SIMULATED_REEM_V2,DEVELOPMENT,TRUE
B000558,D0007,S005,162,162,2025-07-27,2025-08-26,2028-08-25,SIMULATED_REEM_V2,DEVELOPMENT,TRUE
B000559,D0040,S004,50,50,2025-07-29,2025-08-28,2027-08-28,SIMULATED_REEM_V2,DEVELOPMENT,TRUE
B000560,D0018,S006,426,426,2025-07-31,2025-08-30,2027-08-30,SIMULATED_REEM_V2,DEVELOPMENT,TRUE
B000561,D0047,S007,52,52,2025-08-02,2025-09-01,2028-08-31,SIMULATED_REEM_V2,DEVELOPMENT,TRUE
B000562,D0020,S010,50,50,2025-08-06,2025-09-05,2027-02-27,SIMULATED_REEM_V2,DEVELOPMENT,TRUE
B000563,D0006,S009,108,108,2025-08-06,2025-09-05,2026-09-05,SIMULATED_REEM_V2,DEVELOPMENT,TRUE
B000564,D0016,S008,389,389,2025-08-06,2025-09-05,2026-03-04,SIMULATED_REEM_V2,DEVELOPMENT,TRUE
B000565,D0050,S010,187,187,2025-08-08,2025-09-07,2027-03-01,SIMULATED_REEM_V2,DEVELOPMENT,TRUE
B000566,D0032,S009,178,178,2025-08-09,2025-09-08,2028-09-07,SIMULATED_REEM_V2,DEVELOPMENT,TRUE
B000567,D0027,S010,449,449,2025-08-11,2025-09-10,2027-03-04,SIMULATED_REEM_V2,DEVELOPMENT,TRUE
B000568,D0026,S001,50,50,2025-08-12,2025-09-11,2027-09-11,SIMULATED_REEM_V2,DEVELOPMENT,TRUE
B000569,D0034,S009,78,78,2025-08-12,2025-09-11,2026-09-11,SIMULATED_REEM_V2,DEVELOPMENT,TRUE
B000570,D0029,S006,257,257,2025-08-13,2025-09-12,2026-09-12,SIMULATED_REEM_V2,DEVELOPMENT,TRUE
B000571,D0014,S010,43,43,2025-08-16,2025-09-15,2027-09-15,SIMULATED_REEM_V2,DEVELOPMENT,TRUE
B000572,D0024,S004,107,107,2025-08-24,2025-09-23,2026-09-23,SIMULATED_REEM_V2,DEVELOPMENT,TRUE
B000573,D0005,S008,318,318,2025-08-26,2025-09-25,2027-09-25,SIMULATED_REEM_V2,DEVELOPMENT,TRUE
B000574,D0031,S008,50,50,2025-08-28,2025-09-27,2027-09-27,SIMULATED_REEM_V2,DEVELOPMENT,TRUE
B000575,D0046,S002,218,218,2025-09-03,2025-10-03,2027-03-27,SIMULATED_REEM_V2,DEVELOPMENT,TRUE
B000576,D0042,S005,455,455,2025-09-03,2025-10-03,2027-10-03,SIMULATED_REEM_V2,DEVELOPMENT,TRUE
B000577,D0008,S001,50,50,2025-09-05,2025-10-05,2027-03-29,SIMULATED_REEM_V2,DEVELOPMENT,TRUE
B000578,D0011,S002,279,279,2025-09-09,2025-10-09,2027-10-09,SIMULATED_REEM_V2,DEVELOPMENT,TRUE
B000579,D0035,S002,296,296,2025-09-09,2025-10-09,2027-10-09,SIMULATED_REEM_V2,DEVELOPMENT,TRUE
B000580,D0010,S001,51,51,2025-09-12,2025-10-12,2026-10-12,SIMULATED_REEM_V2,DEVELOPMENT,TRUE
B000581,D0019,S002,50,50,2025-09-13,2025-10-13,2026-10-13,SIMULATED_REEM_V2,DEVELOPMENT,TRUE
B000582,D0003,S010,137,137,2025-09-14,2025-10-14,2026-04-12,SIMULATED_REEM_V2,DEVELOPMENT,TRUE
B000583,D0041,S008,53,53,2025-09-15,2025-10-15,2026-04-13,SIMULATED_REEM_V2,DEVELOPMENT,TRUE
B000584,D0030,S001,56,56,2025-09-17,2025-10-17,2027-10-17,SIMULATED_REEM_V2,DEVELOPMENT,TRUE
B000585,D0009,S006,319,319,2025-09-18,2025-10-18,2026-10-18,SIMULATED_REEM_V2,DEVELOPMENT,TRUE
B000586,D0043,S010,455,455,2025-09-22,2025-10-22,2026-04-20,SIMULATED_REEM_V2,DEVELOPMENT,TRUE
B000587,D0017,S001,50,50,2025-09-25,2025-10-25,2028-10-24,SIMULATED_REEM_V2,DEVELOPMENT,TRUE
B000588,D0038,S009,155,155,2025-09-30,2025-10-30,2026-04-28,SIMULATED_REEM_V2,DEVELOPMENT,TRUE
B000589,D0044,S004,50,50,2025-10-01,2025-10-31,2026-04-29,SIMULATED_REEM_V2,DEVELOPMENT,TRUE
B000590,D0049,S009,88,88,2025-10-01,2025-10-31,2027-10-31,SIMULATED_REEM_V2,DEVELOPMENT,TRUE
B000591,D0021,S009,381,381,2025-10-03,2025-11-02,2027-11-02,SIMULATED_REEM_V2,DEVELOPMENT,TRUE
B000592,D0001,S005,400,400,2025-10-04,2025-11-03,2027-04-27,SIMULATED_REEM_V2,DEVELOPMENT,TRUE
B000593,D0033,S002,50,50,2025-10-05,2025-11-04,2026-11-04,SIMULATED_REEM_V2,DEVELOPMENT,TRUE
B000594,D0048,S003,414,414,2025-10-11,2025-11-10,2027-11-10,SIMULATED_REEM_V2,DEVELOPMENT,TRUE
B000595,D0018,S004,426,426,2025-10-12,2025-11-11,2027-11-11,SIMULATED_REEM_V2,DEVELOPMENT,TRUE
B000596,D0027,S009,449,449,2025-10-12,2025-11-11,2027-05-05,SIMULATED_REEM_V2,DEVELOPMENT,TRUE
B000597,D0037,S002,52,52,2025-10-15,2025-11-14,2026-05-13,SIMULATED_REEM_V2,DEVELOPMENT,TRUE
B000598,D0006,S005,108,108,2025-10-17,2025-11-16,2026-11-16,SIMULATED_REEM_V2,DEVELOPMENT,TRUE
B000599,D0029,S004,257,257,2025-10-19,2025-11-18,2026-11-18,SIMULATED_REEM_V2,DEVELOPMENT,TRUE
B000600,D0007,S010,162,162,2025-10-20,2025-11-19,2028-11-18,SIMULATED_REEM_V2,DEVELOPMENT,TRUE
B000601,D0039,S007,53,53,2025-10-20,2025-11-19,2028-11-18,SIMULATED_REEM_V2,DEVELOPMENT,TRUE
B000602,D0016,S009,389,389,2025-10-21,2025-11-20,2026-05-19,SIMULATED_REEM_V2,DEVELOPMENT,TRUE
B000603,D0034,S001,95,95,2025-10-26,2025-11-25,2026-11-25,SIMULATED_REEM_V2,DEVELOPMENT,TRUE
B000604,D0050,S002,187,187,2025-10-28,2025-11-27,2027-05-21,SIMULATED_REEM_V2,DEVELOPMENT,TRUE
B000605,D0014,S007,50,50,2025-10-30,2025-11-29,2027-11-29,SIMULATED_REEM_V2,DEVELOPMENT,TRUE
B000606,D0047,S002,52,52,2025-11-01,2025-12-01,2028-11-30,SIMULATED_REEM_V2,DEVELOPMENT,TRUE
B000607,D0024,S008,107,107,2025-11-05,2025-12-05,2026-12-05,SIMULATED_REEM_V2,DEVELOPMENT,TRUE
B000608,D0009,S005,319,319,2025-11-06,2025-12-06,2026-12-06,SIMULATED_REEM_V2,DEVELOPMENT,TRUE
B000609,D0042,S007,455,455,2025-11-06,2025-12-06,2027-12-06,SIMULATED_REEM_V2,DEVELOPMENT,TRUE
B000610,D0032,S004,178,178,2025-11-09,2025-12-09,2028-12-08,SIMULATED_REEM_V2,DEVELOPMENT,TRUE
B000611,D0022,S006,43,43,2025-11-11,2025-12-11,2026-06-09,SIMULATED_REEM_V2,DEVELOPMENT,TRUE
B000612,D0041,S005,53,53,2025-11-15,2025-12-15,2026-06-13,SIMULATED_REEM_V2,DEVELOPMENT,TRUE
B000613,D0005,S009,318,318,2025-11-16,2025-12-16,2027-12-16,SIMULATED_REEM_V2,DEVELOPMENT,TRUE
B000614,D0011,S003,279,279,2025-11-18,2025-12-18,2027-12-18,SIMULATED_REEM_V2,DEVELOPMENT,TRUE
B000615,D0010,S006,51,51,2025-11-22,2025-12-22,2026-12-22,SIMULATED_REEM_V2,DEVELOPMENT,TRUE
B000616,D0043,S007,455,455,2025-11-22,2025-12-22,2026-06-20,SIMULATED_REEM_V2,DEVELOPMENT,TRUE
B000617,D0035,S003,296,296,2025-11-23,2025-12-23,2027-12-23,SIMULATED_REEM_V2,DEVELOPMENT,TRUE
B000618,D0003,S002,137,137,2025-11-24,2025-12-24,2026-06-22,SIMULATED_REEM_V2,DEVELOPMENT,TRUE
B000619,D0046,S001,218,218,2025-11-25,2025-12-25,2027-06-18,SIMULATED_REEM_V2,DEVELOPMENT,TRUE
B000620,D0021,S005,426,426,2025-11-26,2025-12-26,2027-12-26,SIMULATED_REEM_V2,DEVELOPMENT,TRUE
B000621,D0001,S004,400,400,2025-11-29,2025-12-29,2027-06-22,SIMULATED_REEM_V2,DEVELOPMENT,TRUE
B000622,D0030,S003,56,56,2025-12-01,2025-12-31,2027-12-31,SIMULATED_REEM_V2,DEVELOPMENT,TRUE
B000623,D0017,S006,50,50,2025-12-01,2025-12-31,2028-12-30,SIMULATED_REEM_V2,DEVELOPMENT,TRUE
B000624,D0045,S001,50,50,2025-12-03,2026-01-02,2029-01-01,SIMULATED_REEM_V2,DEVELOPMENT,TRUE
B000625,D0008,S005,50,50,2025-12-04,2026-01-03,2027-06-27,SIMULATED_REEM_V2,DEVELOPMENT,TRUE
B000626,D0038,S003,155,155,2025-12-11,2026-01-10,2026-07-09,SIMULATED_REEM_V2,DEVELOPMENT,TRUE
B000627,D0049,S001,88,88,2025-12-12,2026-01-11,2028-01-11,SIMULATED_REEM_V2,DEVELOPMENT,TRUE
B000628,D0029,S004,257,257,2025-12-15,2026-01-14,2027-01-14,SIMULATED_REEM_V2,DEVELOPMENT,TRUE
B000629,D0037,S008,52,52,2025-12-17,2026-01-16,2026-07-15,SIMULATED_REEM_V2,DEVELOPMENT,TRUE
B000630,D0027,S001,449,449,2025-12-19,2026-01-18,2027-07-12,SIMULATED_REEM_V2,DEVELOPMENT,TRUE
B000631,D0048,S004,389,389,2025-12-21,2026-01-20,2028-01-20,SIMULATED_REEM_V2,DEVELOPMENT,TRUE
B000632,D0026,S004,50,50,2025-12-21,2026-01-20,2028-01-20,SIMULATED_REEM_V2,DEVELOPMENT,TRUE
B000633,D0018,S009,426,426,2025-12-21,2026-01-20,2028-01-20,SIMULATED_REEM_V2,DEVELOPMENT,TRUE
B000634,D0006,S001,108,108,2025-12-22,2026-01-21,2027-01-21,SIMULATED_REEM_V2,DEVELOPMENT,TRUE
B000635,D0050,S005,187,187,2025-12-22,2026-01-21,2027-07-15,SIMULATED_REEM_V2,DEVELOPMENT,TRUE
B000636,D0016,S009,389,389,2025-12-23,2026-01-22,2026-07-21,SIMULATED_REEM_V2,DEVELOPMENT,TRUE
B000637,D0007,S007,162,162,2025-12-23,2026-01-22,2029-01-21,SIMULATED_REEM_V2,DEVELOPMENT,TRUE
B000638,D0041,S005,53,53,2025-12-30,2026-01-29,2026-07-28,SIMULATED_REEM_V2,DEVELOPMENT,TRUE
B000639,D0039,S004,53,53,2025-12-31,2026-01-30,2029-01-29,SIMULATED_REEM_V2,DEVELOPMENT,TRUE
B000640,D0034,S002,95,95,2025-12-31,2026-01-30,2027-01-30,SIMULATED_REEM_V2,DEVELOPMENT,TRUE
B000641,D0042,S004,455,455,2026-01-04,2026-02-03,2028-02-03,SIMULATED_REEM_V2,DEVELOPMENT,TRUE
B000642,D0009,S005,294,294,2026-01-04,2026-02-03,2027-02-03,SIMULATED_REEM_V2,DEVELOPMENT,TRUE
B000643,D0047,S004,44,44,2026-01-06,2026-02-05,2029-02-04,SIMULATED_REEM_V2,DEVELOPMENT,TRUE
B000644,D0005,S007,280,280,2026-01-08,2026-02-07,2028-02-07,SIMULATED_REEM_V2,DEVELOPMENT,TRUE
B000645,D0032,S009,158,158,2026-01-09,2026-02-08,2029-02-07,SIMULATED_REEM_V2,DEVELOPMENT,TRUE
B000646,D0024,S002,89,89,2026-01-11,2026-02-10,2027-02-10,SIMULATED_REEM_V2,DEVELOPMENT,TRUE
B000647,D0040,S004,50,50,2026-01-11,2026-02-10,2028-02-10,SIMULATED_REEM_V2,DEVELOPMENT,TRUE
B000648,D0014,S003,50,50,2026-01-11,2026-02-10,2028-02-10,SIMULATED_REEM_V2,DEVELOPMENT,TRUE
B000649,D0022,S007,50,50,2026-01-11,2026-02-10,2026-08-09,SIMULATED_REEM_V2,DEVELOPMENT,TRUE
B000650,D0046,S007,218,218,2026-01-13,2026-02-12,2027-08-06,SIMULATED_REEM_V2,DEVELOPMENT,TRUE
B000651,D0031,S010,50,50,2026-01-14,2026-02-13,2028-02-13,SIMULATED_REEM_V2,DEVELOPMENT,TRUE
B000652,D0033,S010,50,50,2026-01-14,2026-02-13,2027-02-13,SIMULATED_REEM_V2,DEVELOPMENT,TRUE
B000653,D0003,S010,137,137,2026-01-17,2026-02-16,2026-08-15,SIMULATED_REEM_V2,DEVELOPMENT,TRUE
B000654,D0002,S009,50,50,2026-01-17,2026-02-16,2028-02-16,SIMULATED_REEM_V2,DEVELOPMENT,TRUE
B000655,D0043,S010,455,455,2026-01-18,2026-02-17,2026-08-16,SIMULATED_REEM_V2,DEVELOPMENT,TRUE
B000656,D0001,S002,400,400,2026-01-22,2026-02-21,2027-08-15,SIMULATED_REEM_V2,DEVELOPMENT,TRUE
B000657,D0021,S010,426,426,2026-01-23,2026-02-22,2028-02-22,SIMULATED_REEM_V2,DEVELOPMENT,TRUE
B000658,D0010,S009,51,51,2026-01-23,2026-02-22,2027-02-22,SIMULATED_REEM_V2,DEVELOPMENT,TRUE
B000659,D0011,S001,279,279,2026-01-25,2026-02-24,2028-02-24,SIMULATED_REEM_V2,DEVELOPMENT,TRUE
B000660,D0049,S005,88,88,2026-01-25,2026-02-24,2028-02-24,SIMULATED_REEM_V2,DEVELOPMENT,TRUE
B000661,D0030,S001,56,56,2026-01-26,2026-02-25,2028-02-25,SIMULATED_REEM_V2,DEVELOPMENT,TRUE
B000662,D0035,S010,253,253,2026-01-28,2026-02-27,2028-02-27,SIMULATED_REEM_V2,DEVELOPMENT,TRUE
B000663,D0029,S004,257,257,2026-01-30,2026-03-01,2027-03-01,SIMULATED_REEM_V2,DEVELOPMENT,TRUE
B000664,D0038,S001,155,155,2026-01-30,2026-03-01,2026-08-28,SIMULATED_REEM_V2,DEVELOPMENT,TRUE
B000665,D0017,S002,50,50,2026-02-02,2026-03-04,2029-03-03,SIMULATED_REEM_V2,DEVELOPMENT,TRUE
B000666,D0027,S002,449,449,2026-02-03,2026-03-05,2027-08-27,SIMULATED_REEM_V2,DEVELOPMENT,TRUE
B000667,D0048,S010,414,414,2026-02-05,2026-03-07,2028-03-06,SIMULATED_REEM_V2,DEVELOPMENT,TRUE
B000668,D0024,S007,107,107,2026-02-08,2026-03-10,2027-03-10,SIMULATED_REEM_V2,DEVELOPMENT,TRUE
B000669,D0006,S001,108,108,2026-02-12,2026-03-14,2027-03-14,SIMULATED_REEM_V2,DEVELOPMENT,TRUE
B000670,D0018,S010,426,426,2026-02-13,2026-03-15,2028-03-14,SIMULATED_REEM_V2,DEVELOPMENT,TRUE
B000671,D0016,S001,389,389,2026-02-13,2026-03-15,2026-09-11,SIMULATED_REEM_V2,DEVELOPMENT,TRUE
B000672,D0037,S008,45,45,2026-02-14,2026-03-16,2026-09-12,SIMULATED_REEM_V2,DEVELOPMENT,TRUE
B000673,D0047,S004,52,52,2026-02-16,2026-03-18,2029-03-17,SIMULATED_REEM_V2,DEVELOPMENT,TRUE
B000674,D0025,S004,50,50,2026-02-17,2026-03-19,2026-09-15,SIMULATED_REEM_V2,DEVELOPMENT,TRUE
B000675,D0008,S004,50,50,2026-02-17,2026-03-19,2027-09-10,SIMULATED_REEM_V2,DEVELOPMENT,TRUE
B000676,D0039,S007,53,53,2026-02-17,2026-03-19,2029-03-18,SIMULATED_REEM_V2,DEVELOPMENT,TRUE
B000677,D0007,S006,162,162,2026-02-18,2026-03-20,2029-03-19,SIMULATED_REEM_V2,DEVELOPMENT,TRUE
B000678,D0041,S004,47,47,2026-02-18,2026-03-20,2026-09-16,SIMULATED_REEM_V2,DEVELOPMENT,TRUE
B000679,D0050,S006,161,161,2026-02-20,2026-03-22,2027-09-13,SIMULATED_REEM_V2,DEVELOPMENT,TRUE
B000680,D0009,S001,319,319,2026-02-24,2026-03-26,2027-03-26,SIMULATED_REEM_V2,DEVELOPMENT,TRUE
B000681,D0012,S006,50,50,2026-02-25,2026-03-27,2028-03-26,SIMULATED_REEM_V2,DEVELOPMENT,TRUE
B000682,D0005,S009,318,318,2026-02-25,2026-03-27,2028-03-26,SIMULATED_REEM_V2,DEVELOPMENT,TRUE
B000683,D0034,S001,95,95,2026-02-26,2026-03-28,2027-03-28,SIMULATED_REEM_V2,DEVELOPMENT,TRUE
B000684,D0042,S010,455,455,2026-02-26,2026-03-28,2028-03-27,SIMULATED_REEM_V2,DEVELOPMENT,TRUE
B000685,D0043,S005,455,455,2026-02-26,2026-03-28,2026-09-24,SIMULATED_REEM_V2,DEVELOPMENT,TRUE
B000686,D0021,S007,426,426,2026-02-27,2026-03-29,2028-03-28,SIMULATED_REEM_V2,DEVELOPMENT,TRUE
B000687,D0003,S003,137,137,2026-03-01,2026-03-31,2026-09-27,SIMULATED_REEM_V2,DEVELOPMENT,TRUE
B000688,D0001,S003,400,400,2026-03-03,2026-04-02,2027-09-24,SIMULATED_REEM_V2,DEVELOPMENT,TRUE
B000689,D0019,S005,50,50,2026-03-04,2026-04-03,2027-04-03,SIMULATED_REEM_V2,DEVELOPMENT,TRUE
B000690,D0035,S009,296,296,2026-03-04,2026-04-03,2028-04-02,SIMULATED_REEM_V2,DEVELOPMENT,TRUE
B000691,D0011,S001,279,279,2026-03-05,2026-04-04,2028-04-03,SIMULATED_REEM_V2,DEVELOPMENT,TRUE
B000692,D0032,S010,178,178,2026-03-06,2026-04-05,2029-04-04,SIMULATED_REEM_V2,DEVELOPMENT,TRUE
B000693,D0049,S005,88,88,2026-03-08,2026-04-07,2028-04-06,SIMULATED_REEM_V2,DEVELOPMENT,TRUE
B000694,D0029,S002,257,257,2026-03-09,2026-04-08,2027-04-08,SIMULATED_REEM_V2,DEVELOPMENT,TRUE
B000695,D0046,S003,218,218,2026-03-11,2026-04-10,2027-10-02,SIMULATED_REEM_V2,DEVELOPMENT,TRUE
B000696,D0017,S006,50,50,2026-03-12,2026-04-11,2029-04-10,SIMULATED_REEM_V2,DEVELOPMENT,TRUE
B000697,D0014,S007,47,47,2026-03-15,2026-04-14,2028-04-13,SIMULATED_REEM_V2,DEVELOPMENT,TRUE
B000698,D0026,S008,50,50,2026-03-17,2026-04-16,2028-04-15,SIMULATED_REEM_V2,DEVELOPMENT,TRUE
B000699,D0048,S009,414,414,2026-03-19,2026-04-18,2028-04-17,SIMULATED_REEM_V2,DEVELOPMENT,TRUE
B000700,D0027,S001,449,449,2026-03-22,2026-04-21,2027-10-13,SIMULATED_REEM_V2,DEVELOPMENT,TRUE
B000701,D0038,S006,133,133,2026-03-24,2026-04-23,2026-10-20,SIMULATED_REEM_V2,DEVELOPMENT,TRUE
B000702,D0030,S004,56,56,2026-03-26,2026-04-25,2028-04-24,SIMULATED_REEM_V2,DEVELOPMENT,TRUE
B000703,D0024,S001,107,107,2026-03-27,2026-04-26,2027-04-26,SIMULATED_REEM_V2,DEVELOPMENT,TRUE
B000704,D0006,S005,108,108,2026-03-27,2026-04-26,2027-04-26,SIMULATED_REEM_V2,DEVELOPMENT,TRUE
B000705,D0010,S004,51,51,2026-03-28,2026-04-27,2027-04-27,SIMULATED_REEM_V2,DEVELOPMENT,TRUE
B000706,D0028,S003,50,50,2026-03-29,2026-04-28,2027-10-20,SIMULATED_REEM_V2,DEVELOPMENT,TRUE
B000707,D0033,S008,50,50,2026-03-29,2026-04-28,2027-04-28,SIMULATED_REEM_V2,DEVELOPMENT,TRUE
B000708,D0042,S008,455,455,2026-03-29,2026-04-28,2028-04-27,SIMULATED_REEM_V2,DEVELOPMENT,TRUE
B000709,D0041,S002,53,53,2026-03-30,2026-04-29,2026-10-26,SIMULATED_REEM_V2,DEVELOPMENT,TRUE
B000710,D0016,S003,389,389,2026-03-31,2026-04-30,2026-10-27,SIMULATED_REEM_V2,DEVELOPMENT,TRUE
B000711,D0007,S003,162,162,2026-04-02,2026-05-02,2029-05-01,SIMULATED_REEM_V2,DEVELOPMENT,TRUE
B000712,D0018,S008,426,426,2026-04-04,2026-05-04,2028-05-03,SIMULATED_REEM_V2,DEVELOPMENT,TRUE
B000713,D0037,S001,52,52,2026-04-04,2026-05-04,2026-10-31,SIMULATED_REEM_V2,DEVELOPMENT,TRUE
B000714,D0039,S008,53,53,2026-04-04,2026-05-04,2029-05-03,SIMULATED_REEM_V2,DEVELOPMENT,TRUE
B000715,D0009,S004,319,319,2026-04-05,2026-05-05,2027-05-05,SIMULATED_REEM_V2,DEVELOPMENT,TRUE
B000716,D0050,S003,187,187,2026-04-05,2026-05-05,2027-10-27,SIMULATED_REEM_V2,DEVELOPMENT,TRUE
B000717,D0047,S002,52,52,2026-04-06,2026-05-06,2029-05-05,SIMULATED_REEM_V2,DEVELOPMENT,TRUE
B000718,D0003,S007,137,137,2026-04-08,2026-05-08,2026-11-04,SIMULATED_REEM_V2,DEVELOPMENT,TRUE
B000719,D0044,S004,50,50,2026-04-10,2026-05-10,2026-11-06,SIMULATED_REEM_V2,DEVELOPMENT,TRUE
B000720,D0001,S010,364,364,2026-04-11,2026-05-11,2027-11-02,SIMULATED_REEM_V2,DEVELOPMENT,TRUE
B000721,D0043,S008,455,455,2026-04-11,2026-05-11,2026-11-07,SIMULATED_REEM_V2,DEVELOPMENT,TRUE
B000722,D0022,S006,50,50,2026-04-12,2026-05-12,2026-11-08,SIMULATED_REEM_V2,DEVELOPMENT,TRUE
B000723,D0034,S002,95,95,2026-04-14,2026-05-14,2027-05-14,SIMULATED_REEM_V2,DEVELOPMENT,TRUE
B000724,D0008,S009,50,50,2026-04-18,2026-05-18,2027-11-09,SIMULATED_REEM_V2,DEVELOPMENT,TRUE
B000725,D0011,S007,279,279,2026-04-18,2026-05-18,2028-05-17,SIMULATED_REEM_V2,DEVELOPMENT,TRUE
B000726,D0021,S010,426,426,2026-04-20,2026-05-20,2028-05-19,SIMULATED_REEM_V2,DEVELOPMENT,TRUE
B000727,D0032,S001,178,178,2026-04-21,2026-05-21,2029-05-20,SIMULATED_REEM_V2,DEVELOPMENT,TRUE
B000728,D0049,S005,88,88,2026-04-21,2026-05-21,2028-05-20,SIMULATED_REEM_V2,DEVELOPMENT,TRUE
B000729,D0029,S003,257,257,2026-04-23,2026-05-23,2027-05-23,SIMULATED_REEM_V2,DEVELOPMENT,TRUE
B000730,D0038,S008,155,155,2026-04-23,2026-05-23,2026-11-19,SIMULATED_REEM_V2,DEVELOPMENT,TRUE
B000731,D0046,S004,218,218,2026-04-25,2026-05-25,2027-11-16,SIMULATED_REEM_V2,DEVELOPMENT,TRUE
B000732,D0005,S006,318,318,2026-05-04,2026-06-03,2028-06-02,SIMULATED_REEM_V2,DEVELOPMENT,TRUE
B000733,D0035,S006,296,296,2026-05-06,2026-06-05,2028-06-04,SIMULATED_REEM_V2,DEVELOPMENT,TRUE
B000734,D0048,S007,414,414,2026-05-06,2026-06-05,2028-06-04,SIMULATED_REEM_V2,DEVELOPMENT,TRUE
B000735,D0040,S002,50,50,2026-05-08,2026-06-07,2028-06-06,SIMULATED_REEM_V2,DEVELOPMENT,TRUE
B000736,D0027,S010,372,372,2026-05-08,2026-06-07,2027-11-29,SIMULATED_REEM_V2,DEVELOPMENT,TRUE
B000737,D0017,S002,50,50,2026-05-09,2026-06-08,2029-06-07,SIMULATED_REEM_V2,DEVELOPMENT,TRUE
B000738,D0014,S004,50,50,2026-05-10,2026-06-09,2028-06-08,SIMULATED_REEM_V2,DEVELOPMENT,TRUE
B000739,D0024,S003,107,107,2026-05-10,2026-06-09,2027-06-09,SIMULATED_REEM_V2,DEVELOPMENT,TRUE
B000740,D0031,S010,50,50,2026-05-13,2026-06-12,2028-06-11,SIMULATED_REEM_V2,DEVELOPMENT,TRUE
B000741,D0010,S003,51,51,2026-05-13,2026-06-12,2027-06-12,SIMULATED_REEM_V2,DEVELOPMENT,TRUE
B000742,D0041,S009,53,53,2026-05-13,2026-06-12,2026-12-09,SIMULATED_REEM_V2,DEVELOPMENT,TRUE
B000743,D0001,S005,400,400,2026-05-13,2026-06-12,2027-12-04,SIMULATED_REEM_V2,DEVELOPMENT,TRUE
B000744,D0042,S007,455,455,2026-05-13,2026-06-12,2028-06-11,SIMULATED_REEM_V2,DEVELOPMENT,TRUE
B000745,D0016,S004,389,389,2026-05-17,2026-06-16,2026-12-13,SIMULATED_REEM_V2,DEVELOPMENT,TRUE
B000746,D0030,S006,48,48,2026-05-19,2026-06-18,2028-06-17,SIMULATED_REEM_V2,DEVELOPMENT,TRUE
B000747,D0007,S007,162,162,2026-05-19,2026-06-18,2029-06-17,SIMULATED_REEM_V2,DEVELOPMENT,TRUE
B000748,D0009,S007,319,319,2026-05-23,2026-06-22,2027-06-22,SIMULATED_REEM_V2,DEVELOPMENT,TRUE
B000749,D0006,S010,108,108,2026-05-25,2026-06-24,2027-06-24,SIMULATED_REEM_V2,DEVELOPMENT,TRUE
B000750,D0003,S005,137,137,2026-05-26,2026-06-25,2026-12-22,SIMULATED_REEM_V2,DEVELOPMENT,TRUE
B000751,D0050,S003,187,187,2026-05-28,2026-06-27,2027-12-19,SIMULATED_REEM_V2,DEVELOPMENT,TRUE
B000752,D0018,S005,426,426,2026-05-30,2026-06-29,2028-06-28,SIMULATED_REEM_V2,DEVELOPMENT,TRUE
B000753,D0045,S005,50,50,2026-06-05,2026-07-05,2029-07-04,SIMULATED_REEM_V2,DEVELOPMENT,TRUE
B000754,D0039,S010,53,53,2026-06-07,2026-07-07,2029-07-06,SIMULATED_REEM_V2,DEVELOPMENT,TRUE
B000755,D0043,S005,421,421,2026-06-07,2026-07-07,2027-01-03,SIMULATED_REEM_V2,DEVELOPMENT,TRUE
B000756,D0029,S008,257,257,2026-06-07,2026-07-07,2027-07-07,SIMULATED_REEM_V2,DEVELOPMENT,TRUE
B000757,D0034,S004,95,95,2026-06-08,2026-07-08,2027-07-08,SIMULATED_REEM_V2,DEVELOPMENT,TRUE
B000758,D0021,S002,426,426,2026-06-10,2026-07-10,2028-07-09,SIMULATED_REEM_V2,DEVELOPMENT,TRUE
B000759,D0047,S004,52,52,2026-06-10,2026-07-10,2029-07-09,SIMULATED_REEM_V2,DEVELOPMENT,TRUE
B000760,D0037,S005,52,52,2026-06-10,2026-07-10,2027-01-06,SIMULATED_REEM_V2,DEVELOPMENT,TRUE
B000761,D0027,S008,449,449,2026-06-13,2026-07-13,2028-01-04,SIMULATED_REEM_V2,DEVELOPMENT,TRUE
B000762,D0049,S009,88,88,2026-06-16,2026-07-16,2028-07-15,SIMULATED_REEM_V2,DEVELOPMENT,TRUE
B000763,D0022,S008,50,50,2026-06-17,2026-07-17,2027-01-13,SIMULATED_REEM_V2,DEVELOPMENT,TRUE
B000764,D0026,S007,50,50,2026-06-17,2026-07-17,2028-07-16,SIMULATED_REEM_V2,DEVELOPMENT,TRUE
B000765,D0046,S002,218,218,2026-06-20,2026-07-20,2028-01-11,SIMULATED_REEM_V2,DEVELOPMENT,TRUE
B000766,D0008,S003,50,50,2026-06-20,2026-07-20,2028-01-11,SIMULATED_REEM_V2,DEVELOPMENT,TRUE
B000767,D0011,S001,279,279,2026-06-21,2026-07-21,2028-07-20,SIMULATED_REEM_V2,DEVELOPMENT,TRUE
B000768,D0033,S002,50,50,2026-06-22,2026-07-22,2027-07-22,SIMULATED_REEM_V2,DEVELOPMENT,TRUE
B000769,D0038,S008,155,155,2026-06-22,2026-07-22,2027-01-18,SIMULATED_REEM_V2,DEVELOPMENT,TRUE
B000770,D0032,S004,178,178,2026-06-25,2026-07-25,2029-07-24,SIMULATED_REEM_V2,DEVELOPMENT,TRUE
B000771,D0005,S002,318,318,2026-06-26,2026-07-26,2028-07-25,SIMULATED_REEM_V2,DEVELOPMENT,TRUE
B000772,D0035,S008,296,296,2026-06-28,2026-07-28,2028-07-27,SIMULATED_REEM_V2,DEVELOPMENT,TRUE
B000773,D0024,S005,107,107,2026-06-30,2026-07-30,2027-07-30,SIMULATED_REEM_V2,DEVELOPMENT,TRUE
B000774,D0041,S005,53,53,2026-07-03,2026-08-02,2027-01-29,SIMULATED_REEM_V2,DEVELOPMENT,TRUE
B000775,D0010,S008,51,51,2026-07-06,2026-08-05,2027-08-05,SIMULATED_REEM_V2,DEVELOPMENT,TRUE
B000776,D0001,S004,322,322,2026-07-08,2026-08-07,2028-01-29,SIMULATED_REEM_V2,DEVELOPMENT,TRUE
B000777,D0016,S005,335,335,2026-07-12,2026-08-11,2027-02-07,SIMULATED_REEM_V2,DEVELOPMENT,TRUE
B000778,D0017,S004,46,46,2026-07-13,2026-08-12,2029-08-11,SIMULATED_REEM_V2,DEVELOPMENT,TRUE
B000779,D0013,S008,50,50,2026-07-13,2026-08-12,2027-08-12,SIMULATED_REEM_V2,DEVELOPMENT,TRUE
B000780,D0048,S002,414,414,2026-07-14,2026-08-13,2028-08-12,SIMULATED_REEM_V2,DEVELOPMENT,TRUE
B000781,D0042,S003,455,455,2026-07-15,2026-08-14,2028-08-13,SIMULATED_REEM_V2,DEVELOPMENT,TRUE
B000782,D0007,S005,162,162,2026-07-18,2026-08-17,2029-08-16,SIMULATED_REEM_V2,DEVELOPMENT,TRUE
B000783,D0030,S006,56,56,2026-07-19,2026-08-18,2028-08-17,SIMULATED_REEM_V2,DEVELOPMENT,TRUE
B000784,D0009,S003,319,319,2026-07-24,2026-08-23,2027-08-23,SIMULATED_REEM_V2,DEVELOPMENT,TRUE
B000785,D0006,S002,88,88,2026-07-25,2026-08-24,2027-08-24,SIMULATED_REEM_V2,DEVELOPMENT,TRUE
B000786,D0014,S003,50,50,2026-07-30,2026-08-29,2028-08-28,SIMULATED_REEM_V2,DEVELOPMENT,TRUE
B000787,D0003,S001,137,137,2026-07-30,2026-08-29,2027-02-25,SIMULATED_REEM_V2,DEVELOPMENT,TRUE
B000788,D0043,S004,388,388,2026-08-04,2026-09-03,2027-03-02,SIMULATED_REEM_V2,DEVELOPMENT,TRUE
B000789,D0039,S008,49,49,2026-08-05,2026-09-04,2029-09-03,SIMULATED_REEM_V2,DEVELOPMENT,TRUE
B000790,D0021,S002,426,426,2026-08-06,2026-09-05,2028-09-04,SIMULATED_REEM_V2,DEVELOPMENT,TRUE
B000791,D0050,S009,187,187,2026-08-08,2026-09-07,2028-02-29,SIMULATED_REEM_V2,DEVELOPMENT,TRUE
B000792,D0029,S007,257,257,2026-08-09,2026-09-08,2027-09-08,SIMULATED_REEM_V2,DEVELOPMENT,TRUE
