PurchaseID,OrderDate,DrugID,SupplierID,OrderQuantity,UnitCost,TotalCost,DataSource,DataStatus,NotOperationalEvidence
P0000001,2023-01-16,D0048,S006,414,35.18,14564.52,SIMULATED_REEM_V2,DEVELOPMENT,TRUE
P0000002,2023-01-17,D0016,S009,389,38.64,15030.96,SIMULATED_REEM_V2,DEVELOPMENT,TRUE
P0000003,2023-01-20,D0018,S007,426,64.47,27464.22,SIMULATED_REEM_V2,DEVELOPMENT,TRUE
P0000004,2023-01-22,D0042,S003,455,17.17,7812.35,SIMULATED_REEM_V2,DEVELOPMENT,TRUE
P0000005,2023-01-24,D0027,S001,449,18.01,8086.49,SIMULATED_REEM_V2,DEVELOPMENT,TRUE
P0000006,2023-01-29,D0006,S002,108,48.96,5287.68,SIMULATED_REEM_V2,DEVELOPMENT,TRUE
P0000007,2023-02-01,D0021,S001,426,44.94,19144.44,SIMULATED_REEM_V2,DEVELOPMENT,TRUE
P0000008,2023-02-01,D0043,S008,455,30.28,13777.4,SIMULATED_REEM_V2,DEVELOPMENT,TRUE
P0000009,2023-02-02,D0003,S001,137,71.4,9781.8,SIMULATED_REEM_V2,DEVELOPMENT,TRUE
P0000010,2023-02-03,D0001,S005,400,9.06,3624.0,SIMULATED_REEM_V2,DEVELOPMENT,TRUE
P0000011,2023-02-06,D0011,S006,279,41.44,11561.76,SIMULATED_REEM_V2,DEVELOPMENT,TRUE
P0000012,2023-02-07,D0007,S010,162,62.48,10121.76,SIMULATED_REEM_V2,DEVELOPMENT,TRUE
P0000013,2023-02-10,D0009,S001,319,18.02,5748.38,SIMULATED_REEM_V2,DEVELOPMENT,TRUE
P0000014,2023-02-20,D0046,S004,218,39.85,8687.3,SIMULATED_REEM_V2,DEVELOPMENT,TRUE
P0000015,2023-02-21,D0005,S010,318,40.16,12770.88,SIMULATED_REEM_V2,DEVELOPMENT,TRUE
P0000016,2023-02-22,D0035,S007,296,9.66,2859.36,SIMULATED_REEM_V2,DEVELOPMENT,TRUE
P0000017,2023-02-27,D0022,S010,50,30.61,1530.5,SIMULATED_REEM_V2,DEVELOPMENT,TRUE
P0000018,2023-03-01,D0029,S003,257,10.85,2788.45,SIMULATED_REEM_V2,DEVELOPMENT,TRUE
P0000019,2023-03-08,D0048,S005,414,35.18,14564.52,SIMULATED_REEM_V2,DEVELOPMENT,TRUE
P0000020,2023-03-11,D0016,S006,389,38.64,15030.96,SIMULATED_REEM_V2,DEVELOPMENT,TRUE
P0000021,2023-03-12,D0006,S001,108,48.96,5287.68,SIMULATED_REEM_V2,DEVELOPMENT,TRUE
P0000022,2023-03-12,D0018,S005,426,64.47,27464.22,SIMULATED_REEM_V2,DEVELOPMENT,TRUE
P0000023,2023-03-13,D0042,S004,455,17.17,7812.35,SIMULATED_REEM_V2,DEVELOPMENT,TRUE
P0000024,2023-03-15,D0003,S002,137,71.4,9781.8,SIMULATED_REEM_V2,DEVELOPMENT,TRUE
P0000025,2023-03-20,D0027,S004,449,18.01,8086.49,SIMULATED_REEM_V2,DEVELOPMENT,TRUE
P0000026,2023-03-20,D0031,S006,50,59.64,2982.0,SIMULATED_REEM_V2,DEVELOPMENT,TRUE
P0000027,2023-03-21,D0021,S008,426,44.94,19144.44,SIMULATED_REEM_V2,DEVELOPMENT,TRUE
P0000028,2023-03-21,D0049,S005,88,67.45,5935.6,SIMULATED_REEM_V2,DEVELOPMENT,TRUE
P0000029,2023-03-23,D0001,S008,400,9.06,3624.0,SIMULATED_REEM_V2,DEVELOPMENT,TRUE
P0000030,2023-03-25,D0009,S008,319,18.02,5748.38,SIMULATED_REEM_V2,DEVELOPMENT,TRUE
P0000031,2023-03-28,D0043,S004,455,30.28,13777.4,SIMULATED_REEM_V2,DEVELOPMENT,TRUE
P0000032,2023-03-29,D0007,S010,162,62.48,10121.76,SIMULATED_REEM_V2,DEVELOPMENT,TRUE
P0000033,2023-03-31,D0011,S006,279,41.44,11561.76,SIMULATED_REEM_V2,DEVELOPMENT,TRUE
P0000034,2023-04-06,D0032,S005,178,46.34,8248.52,SIMULATED_REEM_V2,DEVELOPMENT,TRUE
P0000035,2023-04-08,D0005,S008,318,40.16,12770.88,SIMULATED_REEM_V2,DEVELOPMENT,TRUE
P0000036,2023-04-10,D0035,S002,296,9.66,2859.36,SIMULATED_REEM_V2,DEVELOPMENT,TRUE
P0000037,2023-04-11,D0046,S004,218,39.85,8687.3,SIMULATED_REEM_V2,DEVELOPMENT,TRUE
P0000038,2023-04-13,D0050,S006,187,18.95,3543.65,SIMULATED_REEM_V2,DEVELOPMENT,TRUE
P0000039,2023-04-17,D0033,S010,50,50.94,2547.0,SIMULATED_REEM_V2,DEVELOPMENT,TRUE
P0000040,2023-04-17,D0048,S003,414,35.18,14564.52,SIMULATED_REEM_V2,DEVELOPMENT,TRUE
P0000041,2023-04-23,D0029,S001,257,10.85,2788.45,SIMULATED_REEM_V2,DEVELOPMENT,TRUE
P0000042,2023-04-24,D0018,S006,426,64.47,27464.22,SIMULATED_REEM_V2,DEVELOPMENT,TRUE
P0000043,2023-04-25,D0006,S001,108,48.96,5287.68,SIMULATED_REEM_V2,DEVELOPMENT,TRUE
P0000044,2023-04-26,D0016,S004,389,38.64,15030.96,SIMULATED_REEM_V2,DEVELOPMENT,TRUE
P0000045,2023-04-30,D0042,S005,455,17.17,7812.35,SIMULATED_REEM_V2,DEVELOPMENT,TRUE
P0000046,2023-05-01,D0003,S003,137,71.4,9781.8,SIMULATED_REEM_V2,DEVELOPMENT,TRUE
P0000047,2023-05-05,D0021,S006,426,44.94,19144.44,SIMULATED_REEM_V2,DEVELOPMENT,TRUE
P0000048,2023-05-05,D0027,S006,449,18.01,8086.49,SIMULATED_REEM_V2,DEVELOPMENT,TRUE
P0000049,2023-05-06,D0049,S005,88,67.45,5935.6,SIMULATED_REEM_V2,DEVELOPMENT,TRUE
P0000050,2023-05-07,D0001,S004,400,9.06,3624.0,SIMULATED_REEM_V2,DEVELOPMENT,TRUE
P0000051,2023-05-09,D0022,S008,50,30.61,1530.5,SIMULATED_REEM_V2,DEVELOPMENT,TRUE
P0000052,2023-05-09,D0038,S002,155,2.97,460.35,SIMULATED_REEM_V2,DEVELOPMENT,TRUE
P0000053,2023-05-11,D0037,S008,52,37.45,1947.4,SIMULATED_REEM_V2,DEVELOPMENT,TRUE
P0000054,2023-05-12,D0009,S007,319,18.02,5748.38,SIMULATED_REEM_V2,DEVELOPMENT,TRUE
P0000055,2023-05-16,D0043,S003,455,30.28,13777.4,SIMULATED_REEM_V2,DEVELOPMENT,TRUE
P0000056,2023-05-18,D0007,S004,162,62.48,10121.76,SIMULATED_REEM_V2,DEVELOPMENT,TRUE
P0000057,2023-05-21,D0011,S005,279,41.44,11561.76,SIMULATED_REEM_V2,DEVELOPMENT,TRUE
P0000058,2023-05-24,D0005,S004,318,40.16,12770.88,SIMULATED_REEM_V2,DEVELOPMENT,TRUE
P0000059,2023-05-25,D0046,S005,218,39.85,8687.3,SIMULATED_REEM_V2,DEVELOPMENT,TRUE
P0000060,2023-05-29,D0032,S006,178,46.34,8248.52,SIMULATED_REEM_V2,DEVELOPMENT,TRUE
P0000061,2023-05-30,D0048,S001,414,35.18,14564.52,SIMULATED_REEM_V2,DEVELOPMENT,TRUE
P0000062,2023-06-01,D0035,S006,296,9.66,2859.36,SIMULATED_REEM_V2,DEVELOPMENT,TRUE
P0000063,2023-06-01,D0050,S004,187,18.95,3543.65,SIMULATED_REEM_V2,DEVELOPMENT,TRUE
P0000064,2023-06-12,D0018,S007,426,64.47,27464.22,SIMULATED_REEM_V2,DEVELOPMENT,TRUE
P0000065,2023-06-14,D0006,S009,108,48.96,5287.68,SIMULATED_REEM_V2,DEVELOPMENT,TRUE
P0000066,2023-06-14,D0029,S004,257,10.85,2788.45,SIMULATED_REEM_V2,DEVELOPMENT,TRUE
P0000067,2023-06-16,D0003,S007,137,71.4,9781.8,SIMULATED_REEM_V2,DEVELOPMENT,TRUE
P0000068,2023-06-17,D0016,S003,389,38.64,15030.96,SIMULATED_REEM_V2,DEVELOPMENT,TRUE
P0000069,2023-06-19,D0042,S005,455,17.17,7812.35,SIMULATED_REEM_V2,DEVELOPMENT,TRUE
P0000070,2023-06-26,D0021,S007,426,44.94,19144.44,SIMULATED_REEM_V2,DEVELOPMENT,TRUE
P0000071,2023-06-27,D0027,S004,449,18.01,8086.49,SIMULATED_REEM_V2,DEVELOPMENT,TRUE
P0000072,2023-06-30,D0033,S005,50,50.94,2547.0,SIMULATED_REEM_V2,DEVELOPMENT,TRUE
P0000073,2023-06-30,D0049,S010,88,67.45,5935.6,SIMULATED_REEM_V2,DEVELOPMENT,TRUE
P0000074,2023-07-04,D0009,S006,319,18.02,5748.38,SIMULATED_REEM_V2,DEVELOPMENT,TRUE
P0000075,2023-07-05,D0038,S006,155,2.97,460.35,SIMULATED_REEM_V2,DEVELOPMENT,TRUE
P0000076,2023-07-06,D0001,S008,400,9.06,3624.0,SIMULATED_REEM_V2,DEVELOPMENT,TRUE
P0000077,2023-07-06,D0031,S009,50,59.64,2982.0,SIMULATED_REEM_V2,DEVELOPMENT,TRUE
P0000078,2023-07-09,D0024,S004,107,21.32,2281.24,SIMULATED_REEM_V2,DEVELOPMENT,TRUE
P0000079,2023-07-15,D0005,S005,318,40.16,12770.88,SIMULATED_REEM_V2,DEVELOPMENT,TRUE
P0000080,2023-07-15,D0043,S003,455,30.28,13777.4,SIMULATED_REEM_V2,DEVELOPMENT,TRUE
P0000081,2023-07-16,D0007,S003,162,62.48,10121.76,SIMULATED_REEM_V2,DEVELOPMENT,TRUE
P0000082,2023-07-16,D0037,S002,52,37.45,1947.4,SIMULATED_REEM_V2,DEVELOPMENT,TRUE
P0000083,2023-07-18,D0011,S010,279,41.44,11561.76,SIMULATED_REEM_V2,DEVELOPMENT,TRUE
P0000084,2023-07-23,D0046,S009,218,39.85,8687.3,SIMULATED_REEM_V2,DEVELOPMENT,TRUE
P0000085,2023-07-24,D0048,S008,414,35.18,14564.52,SIMULATED_REEM_V2,DEVELOPMENT,TRUE
P0000086,2023-07-27,D0032,S009,178,46.34,8248.52,SIMULATED_REEM_V2,DEVELOPMENT,TRUE
P0000087,2023-07-31,D0035,S009,296,9.66,2859.36,SIMULATED_REEM_V2,DEVELOPMENT,TRUE
P0000088,2023-08-01,D0050,S003,187,18.95,3543.65,SIMULATED_REEM_V2,DEVELOPMENT,TRUE
P0000089,2023-08-03,D0022,S010,50,30.61,1530.5,SIMULATED_REEM_V2,DEVELOPMENT,TRUE
P0000090,2023-08-11,D0006,S001,108,48.96,5287.68,SIMULATED_REEM_V2,DEVELOPMENT,TRUE
P0000091,2023-08-11,D0047,S007,52,27.69,1439.88,SIMULATED_REEM_V2,DEVELOPMENT,TRUE
P0000092,2023-08-12,D0003,S006,137,71.4,9781.8,SIMULATED_REEM_V2,DEVELOPMENT,TRUE
P0000093,2023-08-12,D0018,S006,426,64.47,27464.22,SIMULATED_REEM_V2,DEVELOPMENT,TRUE
P0000094,2023-08-13,D0029,S005,257,10.85,2788.45,SIMULATED_REEM_V2,DEVELOPMENT,TRUE
P0000095,2023-08-19,D0042,S005,455,17.17,7812.35,SIMULATED_REEM_V2,DEVELOPMENT,TRUE
P0000096,2023-08-21,D0016,S007,389,38.64,15030.96,SIMULATED_REEM_V2,DEVELOPMENT,TRUE
P0000097,2023-08-30,D0021,S006,426,44.94,19144.44,SIMULATED_REEM_V2,DEVELOPMENT,TRUE
P0000098,2023-09-02,D0027,S006,449,18.01,8086.49,SIMULATED_REEM_V2,DEVELOPMENT,TRUE
P0000099,2023-09-04,D0009,S002,319,18.02,5748.38,SIMULATED_REEM_V2,DEVELOPMENT,TRUE
P0000100,2023-09-04,D0034,S004,95,28.69,2725.55,SIMULATED_REEM_V2,DEVELOPMENT,TRUE
P0000101,2023-09-04,D0049,S004,88,67.45,5935.6,SIMULATED_REEM_V2,DEVELOPMENT,TRUE
P0000102,2023-09-10,D0001,S005,400,9.06,3624.0,SIMULATED_REEM_V2,DEVELOPMENT,TRUE
P0000103,2023-09-12,D0038,S005,155,2.97,460.35,SIMULATED_REEM_V2,DEVELOPMENT,TRUE
P0000104,2023-09-19,D0024,S005,107,21.32,2281.24,SIMULATED_REEM_V2,DEVELOPMENT,TRUE
P0000105,2023-09-23,D0037,S010,52,37.45,1947.4,SIMULATED_REEM_V2,DEVELOPMENT,TRUE
P0000106,2023-09-23,D0043,S004,455,30.28,13777.4,SIMULATED_REEM_V2,DEVELOPMENT,TRUE
P0000107,2023-09-25,D0007,S002,162,62.48,10121.76,SIMULATED_REEM_V2,DEVELOPMENT,TRUE
P0000108,2023-09-29,D0005,S009,318,40.16,12770.88,SIMULATED_REEM_V2,DEVELOPMENT,TRUE
P0000109,2023-10-03,D0011,S004,279,41.44,11561.76,SIMULATED_REEM_V2,DEVELOPMENT,TRUE
P0000110,2023-10-07,D0048,S005,414,35.18,14564.52,SIMULATED_REEM_V2,DEVELOPMENT,TRUE
P0000111,2023-10-08,D0046,S001,218,39.85,8687.3,SIMULATED_REEM_V2,DEVELOPMENT,TRUE
P0000112,2023-10-11,D0035,S003,296,9.66,2859.36,SIMULATED_REEM_V2,DEVELOPMENT,TRUE
P0000113,2023-10-12,D0032,S008,178,46.34,8248.52,SIMULATED_REEM_V2,DEVELOPMENT,TRUE
P0000114,2023-10-19,D0050,S003,187,18.95,3543.65,SIMULATED_REEM_V2,DEVELOPMENT,TRUE
P0000115,2023-10-25,D0003,S003,137,71.4,9781.8,SIMULATED_REEM_V2,DEVELOPMENT,TRUE
P0000116,2023-10-25,D0006,S008,108,48.96,5287.68,SIMULATED_REEM_V2,DEVELOPMENT,TRUE
P0000117,2023-10-25,D0018,S004,426,64.47,27464.22,SIMULATED_REEM_V2,DEVELOPMENT,TRUE
P0000118,2023-10-26,D0047,S010,52,27.69,1439.88,SIMULATED_REEM_V2,DEVELOPMENT,TRUE
P0000119,2023-10-28,D0029,S004,257,10.85,2788.45,SIMULATED_REEM_V2,DEVELOPMENT,TRUE
P0000120,2023-11-02,D0042,S008,455,17.17,7812.35,SIMULATED_REEM_V2,DEVELOPMENT,TRUE
P0000121,2023-11-03,D0022,S008,50,30.61,1530.5,SIMULATED_REEM_V2,DEVELOPMENT,TRUE
P0000122,2023-11-08,D0016,S002,389,38.64,15030.96,SIMULATED_REEM_V2,DEVELOPMENT,TRUE
P0000123,2023-11-08,D0033,S007,50,50.94,2547.0,SIMULATED_REEM_V2,DEVELOPMENT,TRUE
P0000124,2023-11-13,D0021,S008,426,44.94,19144.44,SIMULATED_REEM_V2,DEVELOPMENT,TRUE
P0000125,2023-11-16,D0009,S007,319,18.02,5748.38,SIMULATED_REEM_V2,DEVELOPMENT,TRUE
P0000126,2023-11-17,D0014,S007,50,17.01,850.5,SIMULATED_REEM_V2,DEVELOPMENT,TRUE
P0000127,2023-11-17,D0027,S008,449,18.01,8086.49,SIMULATED_REEM_V2,DEVELOPMENT,TRUE
P0000128,2023-11-18,D0049,S009,88,67.45,5935.6,SIMULATED_REEM_V2,DEVELOPMENT,TRUE
P0000129,2023-11-20,D0034,S007,95,28.69,2725.55,SIMULATED_REEM_V2,DEVELOPMENT,TRUE
P0000130,2023-11-23,D0001,S001,400,9.06,3624.0,SIMULATED_REEM_V2,DEVELOPMENT,TRUE
P0000131,2023-11-25,D0024,S003,107,21.32,2281.24,SIMULATED_REEM_V2,DEVELOPMENT,TRUE
P0000132,2023-11-25,D0031,S001,50,59.64,2982.0,SIMULATED_REEM_V2,DEVELOPMENT,TRUE
P0000133,2023-11-27,D0038,S002,155,2.97,460.35,SIMULATED_REEM_V2,DEVELOPMENT,TRUE
P0000134,2023-12-04,D0037,S004,52,37.45,1947.4,SIMULATED_REEM_V2,DEVELOPMENT,TRUE
P0000135,2023-12-05,D0010,S007,51,39.17,1997.67,SIMULATED_REEM_V2,DEVELOPMENT,TRUE
P0000136,2023-12-09,D0007,S002,162,62.48,10121.76,SIMULATED_REEM_V2,DEVELOPMENT,TRUE
P0000137,2023-12-11,D0005,S008,318,40.16,12770.88,SIMULATED_REEM_V2,DEVELOPMENT,TRUE
P0000138,2023-12-13,D0043,S009,455,30.28,13777.4,SIMULATED_REEM_V2,DEVELOPMENT,TRUE
P0000139,2023-12-19,D0011,S007,279,41.44,11561.76,SIMULATED_REEM_V2,DEVELOPMENT,TRUE
P0000140,2023-12-20,D0035,S002,296,9.66,2859.36,SIMULATED_REEM_V2,DEVELOPMENT,TRUE
P0000141,2023-12-20,D0046,S002,218,39.85,8687.3,SIMULATED_REEM_V2,DEVELOPMENT,TRUE
P0000142,2023-12-23,D0048,S001,414,35.18,14564.52,SIMULATED_REEM_V2,DEVELOPMENT,TRUE
P0000143,2023-12-25,D0032,S003,178,46.34,8248.52,SIMULATED_REEM_V2,DEVELOPMENT,TRUE
P0000144,2023-12-31,D0003,S003,137,71.4,9781.8,SIMULATED_REEM_V2,DEVELOPMENT,TRUE
P0000145,2023-12-31,D0017,S002,50,38.03,1901.5,SIMULATED_REEM_V2,DEVELOPMENT,TRUE
P0000146,2023-12-31,D0029,S010,257,10.85,2788.45,SIMULATED_REEM_V2,DEVELOPMENT,TRUE
P0000147,2024-01-01,D0006,S009,108,48.96,5287.68,SIMULATED_REEM_V2,DEVELOPMENT,TRUE
P0000148,2024-01-01,D0050,S009,187,18.95,3543.65,SIMULATED_REEM_V2,DEVELOPMENT,TRUE
P0000149,2024-01-02,D0018,S008,426,64.47,27464.22,SIMULATED_REEM_V2,DEVELOPMENT,TRUE
P0000150,2024-01-08,D0042,S005,455,17.17,7812.35,SIMULATED_REEM_V2,DEVELOPMENT,TRUE
P0000151,2024-01-08,D0047,S008,52,27.69,1439.88,SIMULATED_REEM_V2,DEVELOPMENT,TRUE
P0000152,2024-01-09,D0016,S002,389,38.64,15030.96,SIMULATED_REEM_V2,DEVELOPMENT,TRUE
P0000153,2024-01-13,D0009,S002,319,18.02,5748.38,SIMULATED_REEM_V2,DEVELOPMENT,TRUE
P0000154,2024-01-14,D0021,S001,426,44.94,19144.44,SIMULATED_REEM_V2,DEVELOPMENT,TRUE
P0000155,2024-01-18,D0049,S007,88,67.45,5935.6,SIMULATED_REEM_V2,DEVELOPMENT,TRUE
P0000156,2024-01-21,D0027,S010,449,18.01,8086.49,SIMULATED_REEM_V2,DEVELOPMENT,TRUE
P0000157,2024-01-22,D0024,S003,107,21.32,2281.24,SIMULATED_REEM_V2,DEVELOPMENT,TRUE
P0000158,2024-01-22,D0034,S010,95,28.69,2725.55,SIMULATED_REEM_V2,DEVELOPMENT,TRUE
P0000159,2024-01-24,D0001,S003,400,9.06,3624.0,SIMULATED_REEM_V2,DEVELOPMENT,TRUE
P0000160,2024-01-26,D0038,S008,155,2.97,460.35,SIMULATED_REEM_V2,DEVELOPMENT,TRUE
P0000161,2024-01-29,D0043,S010,455,30.28,13777.4,SIMULATED_REEM_V2,DEVELOPMENT,TRUE
P0000162,2024-01-30,D0014,S001,50,17.01,850.5,SIMULATED_REEM_V2,DEVELOPMENT,TRUE
P0000163,2024-02-02,D0037,S008,52,37.45,1947.4,SIMULATED_REEM_V2,DEVELOPMENT,TRUE
P0000164,2024-02-05,D0007,S004,162,62.48,10121.76,SIMULATED_REEM_V2,DEVELOPMENT,TRUE
P0000165,2024-02-05,D0035,S008,296,9.66,2859.36,SIMULATED_REEM_V2,DEVELOPMENT,TRUE
P0000166,2024-02-06,D0005,S009,318,40.16,12770.88,SIMULATED_REEM_V2,DEVELOPMENT,TRUE
P0000167,2024-02-07,D0010,S003,51,39.17,1997.67,SIMULATED_REEM_V2,DEVELOPMENT,TRUE
P0000168,2024-02-09,D0033,S008,50,50.94,2547.0,SIMULATED_REEM_V2,DEVELOPMENT,TRUE
P0000169,2024-02-13,D0022,S009,50,30.61,1530.5,SIMULATED_REEM_V2,DEVELOPMENT,TRUE
P0000170,2024-02-13,D0030,S001,56,24.48,1370.88,SIMULATED_REEM_V2,DEVELOPMENT,TRUE
P0000171,2024-02-15,D0046,S002,218,39.85,8687.3,SIMULATED_REEM_V2,DEVELOPMENT,TRUE
P0000172,2024-02-17,D0011,S009,279,41.44,11561.76,SIMULATED_REEM_V2,DEVELOPMENT,TRUE
P0000173,2024-02-18,D0048,S007,414,35.18,14564.52,SIMULATED_REEM_V2,DEVELOPMENT,TRUE
P0000174,2024-02-21,D0003,S007,137,71.4,9781.8,SIMULATED_REEM_V2,DEVELOPMENT,TRUE
P0000175,2024-02-21,D0039,S007,53,47.42,2513.26,SIMULATED_REEM_V2,DEVELOPMENT,TRUE
P0000176,2024-02-21,D0047,S002,52,27.69,1439.88,SIMULATED_REEM_V2,DEVELOPMENT,TRUE
P0000177,2024-02-22,D0029,S004,257,10.85,2788.45,SIMULATED_REEM_V2,DEVELOPMENT,TRUE
P0000178,2024-02-22,D0032,S003,178,46.34,8248.52,SIMULATED_REEM_V2,DEVELOPMENT,TRUE
P0000179,2024-02-23,D0006,S005,108,48.96,5287.68,SIMULATED_REEM_V2,DEVELOPMENT,TRUE
P0000180,2024-02-23,D0041,S008,53,77.08,4085.24,SIMULATED_REEM_V2,DEVELOPMENT,TRUE
P0000181,2024-02-26,D0016,S003,389,38.64,15030.96,SIMULATED_REEM_V2,DEVELOPMENT,TRUE
P0000182,2024-02-26,D0017,S002,50,38.03,1901.5,SIMULATED_REEM_V2,DEVELOPMENT,TRUE
P0000183,2024-02-26,D0018,S002,426,64.47,27464.22,SIMULATED_REEM_V2,DEVELOPMENT,TRUE
P0000184,2024-02-26,D0042,S008,455,17.17,7812.35,SIMULATED_REEM_V2,DEVELOPMENT,TRUE
P0000185,2024-02-27,D0049,S010,88,67.45,5935.6,SIMULATED_REEM_V2,DEVELOPMENT,TRUE
P0000186,2024-02-27,D0050,S002,187,18.95,3543.65,SIMULATED_REEM_V2,DEVELOPMENT,TRUE
P0000187,2024-02-28,D0008,S003,50,49.74,2487.0,SIMULATED_REEM_V2,DEVELOPMENT,TRUE
P0000188,2024-03-04,D0009,S005,319,18.02,5748.38,SIMULATED_REEM_V2,DEVELOPMENT,TRUE
P0000189,2024-03-05,D0021,S007,426,44.94,19144.44,SIMULATED_REEM_V2,DEVELOPMENT,TRUE
P0000190,2024-03-08,D0027,S006,449,18.01,8086.49,SIMULATED_REEM_V2,DEVELOPMENT,TRUE
P0000191,2024-03-14,D0034,S003,95,28.69,2725.55,SIMULATED_REEM_V2,DEVELOPMENT,TRUE
P0000192,2024-03-15,D0001,S002,400,9.06,3624.0,SIMULATED_REEM_V2,DEVELOPMENT,TRUE
P0000193,2024-03-16,D0024,S007,107,21.32,2281.24,SIMULATED_REEM_V2,DEVELOPMENT,TRUE
P0000194,2024-03-17,D0038,S005,155,2.97,460.35,SIMULATED_REEM_V2,DEVELOPMENT,TRUE
P0000195,2024-03-18,D0043,S008,455,30.28,13777.4,SIMULATED_REEM_V2,DEVELOPMENT,TRUE
P0000196,2024-03-21,D0007,S007,162,62.48,10121.76,SIMULATED_REEM_V2,DEVELOPMENT,TRUE
P0000197,2024-03-26,D0005,S003,318,40.16,12770.88,SIMULATED_REEM_V2,DEVELOPMENT,TRUE
P0000198,2024-03-27,D0014,S008,50,17.01,850.5,SIMULATED_REEM_V2,DEVELOPMENT,TRUE
P0000199,2024-03-27,D0031,S006,50,59.64,2982.0,SIMULATED_REEM_V2,DEVELOPMENT,TRUE
P0000200,2024-03-28,D0035,S007,296,9.66,2859.36,SIMULATED_REEM_V2,DEVELOPMENT,TRUE
P0000201,2024-03-28,D0037,S003,52,37.45,1947.4,SIMULATED_REEM_V2,DEVELOPMENT,TRUE
P0000202,2024-03-29,D0010,S008,51,39.17,1997.67,SIMULATED_REEM_V2,DEVELOPMENT,TRUE
P0000203,2024-04-01,D0030,S003,56,24.48,1370.88,SIMULATED_REEM_V2,DEVELOPMENT,TRUE
P0000204,2024-04-02,D0011,S001,279,41.44,11561.76,SIMULATED_REEM_V2,DEVELOPMENT,TRUE
P0000205,2024-04-03,D0003,S007,137,71.4,9781.8,SIMULATED_REEM_V2,DEVELOPMENT,TRUE
P0000206,2024-04-06,D0046,S005,218,39.85,8687.3,SIMULATED_REEM_V2,DEVELOPMENT,TRUE
P0000207,2024-04-06,D0048,S005,414,35.18,14564.52,SIMULATED_REEM_V2,DEVELOPMENT,TRUE
P0000208,2024-04-08,D0029,S007,257,10.85,2788.45,SIMULATED_REEM_V2,DEVELOPMENT,TRUE
P0000209,2024-04-10,D0006,S004,108,48.96,5287.68,SIMULATED_REEM_V2,DEVELOPMENT,TRUE
P0000210,2024-04-10,D0042,S005,455,17.17,7812.35,SIMULATED_REEM_V2,DEVELOPMENT,TRUE
P0000211,2024-04-10,D0047,S010,52,27.69,1439.88,SIMULATED_REEM_V2,DEVELOPMENT,TRUE
P0000212,2024-04-11,D0009,S008,319,18.02,5748.38,SIMULATED_REEM_V2,DEVELOPMENT,TRUE
P0000213,2024-04-11,D0032,S005,178,46.34,8248.52,SIMULATED_REEM_V2,DEVELOPMENT,TRUE
P0000214,2024-04-12,D0039,S002,53,47.42,2513.26,SIMULATED_REEM_V2,DEVELOPMENT,TRUE
P0000215,2024-04-12,D0041,S006,53,77.08,4085.24,SIMULATED_REEM_V2,DEVELOPMENT,TRUE
P0000216,2024-04-13,D0016,S003,389,38.64,15030.96,SIMULATED_REEM_V2,DEVELOPMENT,TRUE
P0000217,2024-04-14,D0049,S003,88,67.45,5935.6,SIMULATED_REEM_V2,DEVELOPMENT,TRUE
P0000218,2024-04-15,D0033,S010,50,50.94,2547.0,SIMULATED_REEM_V2,DEVELOPMENT,TRUE
P0000219,2024-04-17,D0050,S008,187,18.95,3543.65,SIMULATED_REEM_V2,DEVELOPMENT,TRUE
P0000220,2024-04-18,D0017,S010,50,38.03,1901.5,SIMULATED_REEM_V2,DEVELOPMENT,TRUE
P0000221,2024-04-18,D0022,S006,50,30.61,1530.5,SIMULATED_REEM_V2,DEVELOPMENT,TRUE
P0000222,2024-04-20,D0018,S004,426,64.47,27464.22,SIMULATED_REEM_V2,DEVELOPMENT,TRUE
P0000223,2024-04-22,D0021,S010,426,44.94,19144.44,SIMULATED_REEM_V2,DEVELOPMENT,TRUE
P0000224,2024-04-22,D0027,S003,449,18.01,8086.49,SIMULATED_REEM_V2,DEVELOPMENT,TRUE
P0000225,2024-04-26,D0008,S010,50,49.74,2487.0,SIMULATED_REEM_V2,DEVELOPMENT,TRUE
P0000226,2024-04-27,D0001,S001,400,9.06,3624.0,SIMULATED_REEM_V2,DEVELOPMENT,TRUE
P0000227,2024-05-03,D0038,S009,155,2.97,460.35,SIMULATED_REEM_V2,DEVELOPMENT,TRUE
P0000228,2024-05-04,D0043,S005,455,30.28,13777.4,SIMULATED_REEM_V2,DEVELOPMENT,TRUE
P0000229,2024-05-05,D0034,S004,95,28.69,2725.55,SIMULATED_REEM_V2,DEVELOPMENT,TRUE
P0000230,2024-05-06,D0024,S006,107,21.32,2281.24,SIMULATED_REEM_V2,DEVELOPMENT,TRUE
P0000231,2024-05-07,D0037,S010,52,37.45,1947.4,SIMULATED_REEM_V2,DEVELOPMENT,TRUE
P0000232,2024-05-10,D0007,S001,162,62.48,10121.76,SIMULATED_REEM_V2,DEVELOPMENT,TRUE
P0000233,2024-05-13,D0030,S005,56,24.48,1370.88,SIMULATED_REEM_V2,DEVELOPMENT,TRUE
P0000234,2024-05-15,D0005,S010,318,40.16,12770.88,SIMULATED_REEM_V2,DEVELOPMENT,TRUE
P0000235,2024-05-15,D0010,S008,51,39.17,1997.67,SIMULATED_REEM_V2,DEVELOPMENT,TRUE
P0000236,2024-05-17,D0003,S003,137,71.4,9781.8,SIMULATED_REEM_V2,DEVELOPMENT,TRUE
P0000237,2024-05-18,D0035,S001,296,9.66,2859.36,SIMULATED_REEM_V2,DEVELOPMENT,TRUE
P0000238,2024-05-19,D0041,S007,53,77.08,4085.24,SIMULATED_REEM_V2,DEVELOPMENT,TRUE
P0000239,2024-05-22,D0011,S001,279,41.44,11561.76,SIMULATED_REEM_V2,DEVELOPMENT,TRUE
P0000240,2024-05-25,D0014,S004,50,17.01,850.5,SIMULATED_REEM_V2,DEVELOPMENT,TRUE
P0000241,2024-05-26,D0006,S004,108,48.96,5287.68,SIMULATED_REEM_V2,DEVELOPMENT,TRUE
P0000242,2024-05-26,D0029,S007,257,10.85,2788.45,SIMULATED_REEM_V2,DEVELOPMENT,TRUE
P0000243,2024-05-26,D0048,S009,414,35.18,14564.52,SIMULATED_REEM_V2,DEVELOPMENT,TRUE
P0000244,2024-05-27,D0042,S001,455,17.17,7812.35,SIMULATED_REEM_V2,DEVELOPMENT,TRUE
P0000245,2024-05-27,D0046,S006,218,39.85,8687.3,SIMULATED_REEM_V2,DEVELOPMENT,TRUE
P0000246,2024-05-31,D0009,S007,319,18.02,5748.38,SIMULATED_REEM_V2,DEVELOPMENT,TRUE
P0000247,2024-06-02,D0047,S008,52,27.69,1439.88,SIMULATED_REEM_V2,DEVELOPMENT,TRUE
P0000248,2024-06-03,D0016,S003,389,38.64,15030.96,SIMULATED_REEM_V2,DEVELOPMENT,TRUE
P0000249,2024-06-03,D0032,S010,178,46.34,8248.52,SIMULATED_REEM_V2,DEVELOPMENT,TRUE
P0000250,2024-06-05,D0049,S008,88,67.45,5935.6,SIMULATED_REEM_V2,DEVELOPMENT,TRUE
P0000251,2024-06-06,D0018,S002,426,64.47,27464.22,SIMULATED_REEM_V2,DEVELOPMENT,TRUE
P0000252,2024-06-06,D0039,S002,53,47.42,2513.26,SIMULATED_REEM_V2,DEVELOPMENT,TRUE
P0000253,2024-06-08,D0017,S010,50,38.03,1901.5,SIMULATED_REEM_V2,DEVELOPMENT,TRUE
P0000254,2024-06-09,D0001,S005,400,9.06,3624.0,SIMULATED_REEM_V2,DEVELOPMENT,TRUE
P0000255,2024-06-09,D0021,S006,426,44.94,19144.44,SIMULATED_REEM_V2,DEVELOPMENT,TRUE
P0000256,2024-06-11,D0050,S006,187,18.95,3543.65,SIMULATED_REEM_V2,DEVELOPMENT,TRUE
P0000257,2024-06-13,D0027,S005,449,18.01,8086.49,SIMULATED_REEM_V2,DEVELOPMENT,TRUE
P0000258,2024-06-14,D0034,S005,95,28.69,2725.55,SIMULATED_REEM_V2,DEVELOPMENT,TRUE
P0000259,2024-06-25,D0008,S006,50,49.74,2487.0,SIMULATED_REEM_V2,DEVELOPMENT,TRUE
P0000260,2024-06-25,D0038,S005,155,2.97,460.35,SIMULATED_REEM_V2,DEVELOPMENT,TRUE
P0000261,2024-06-25,D0043,S004,455,30.28,13777.4,SIMULATED_REEM_V2,DEVELOPMENT,TRUE
P0000262,2024-06-26,D0007,S009,162,62.48,10121.76,SIMULATED_REEM_V2,DEVELOPMENT,TRUE
P0000263,2024-06-27,D0024,S010,107,21.32,2281.24,SIMULATED_REEM_V2,DEVELOPMENT,TRUE
P0000264,2024-07-04,D0041,S002,53,77.08,4085.24,SIMULATED_REEM_V2,DEVELOPMENT,TRUE
P0000265,2024-07-06,D0037,S003,52,37.45,1947.4,SIMULATED_REEM_V2,DEVELOPMENT,TRUE
P0000266,2024-07-07,D0033,S006,50,50.94,2547.0,SIMULATED_REEM_V2,DEVELOPMENT,TRUE
P0000267,2024-07-08,D0042,S003,455,17.17,7812.35,SIMULATED_REEM_V2,DEVELOPMENT,TRUE
P0000268,2024-07-09,D0003,S004,137,71.4,9781.8,SIMULATED_REEM_V2,DEVELOPMENT,TRUE
P0000269,2024-07-10,D0030,S007,56,24.48,1370.88,SIMULATED_REEM_V2,DEVELOPMENT,TRUE
P0000270,2024-07-11,D0005,S010,318,40.16,12770.88,SIMULATED_REEM_V2,DEVELOPMENT,TRUE
P0000271,2024-07-11,D0022,S006,50,30.61,1530.5,SIMULATED_REEM_V2,DEVELOPMENT,TRUE
P0000272,2024-07-12,D0035,S008,296,9.66,2859.36,SIMULATED_REEM_V2,DEVELOPMENT,TRUE
P0000273,2024-07-14,D0006,S004,108,48.96,5287.68,SIMULATED_REEM_V2,DEVELOPMENT,TRUE
P0000274,2024-07-16,D0010,S002,51,39.17,1997.67,SIMULATED_REEM_V2,DEVELOPMENT,TRUE
P0000275,2024-07-18,D0011,S006,279,41.44,11561.76,SIMULATED_REEM_V2,DEVELOPMENT,TRUE
P0000276,2024-07-18,D0046,S007,218,39.85,8687.3,SIMULATED_REEM_V2,DEVELOPMENT,TRUE
P0000277,2024-07-19,D0029,S001,257,10.85,2788.45,SIMULATED_REEM_V2,DEVELOPMENT,TRUE
P0000278,2024-07-19,D0048,S007,414,35.18,14564.52,SIMULATED_REEM_V2,DEVELOPMENT,TRUE
P0000279,2024-07-21,D0045,S009,50,45.28,2264.0,SIMULATED_REEM_V2,DEVELOPMENT,TRUE
P0000280,2024-07-24,D0009,S001,319,18.02,5748.38,SIMULATED_REEM_V2,DEVELOPMENT,TRUE
P0000281,2024-07-31,D0016,S004,389,38.64,15030.96,SIMULATED_REEM_V2,DEVELOPMENT,TRUE
P0000282,2024-07-31,D0017,S002,50,38.03,1901.5,SIMULATED_REEM_V2,DEVELOPMENT,TRUE
P0000283,2024-08-03,D0001,S003,400,9.06,3624.0,SIMULATED_REEM_V2,DEVELOPMENT,TRUE
P0000284,2024-08-05,D0032,S001,178,46.34,8248.52,SIMULATED_REEM_V2,DEVELOPMENT,TRUE
P0000285,2024-08-07,D0018,S009,426,64.47,27464.22,SIMULATED_REEM_V2,DEVELOPMENT,TRUE
P0000286,2024-08-07,D0050,S004,187,18.95,3543.65,SIMULATED_REEM_V2,DEVELOPMENT,TRUE
P0000287,2024-08-08,D0021,S007,426,44.94,19144.44,SIMULATED_REEM_V2,DEVELOPMENT,TRUE
P0000288,2024-08-09,D0039,S005,53,47.42,2513.26,SIMULATED_REEM_V2,DEVELOPMENT,TRUE
P0000289,2024-08-09,D0047,S008,52,27.69,1439.88,SIMULATED_REEM_V2,DEVELOPMENT,TRUE
P0000290,2024-08-10,D0049,S009,88,67.45,5935.6,SIMULATED_REEM_V2,DEVELOPMENT,TRUE
P0000291,2024-08-13,D0027,S001,449,18.01,8086.49,SIMULATED_REEM_V2,DEVELOPMENT,TRUE
P0000292,2024-08-16,D0031,S005,50,59.64,2982.0,SIMULATED_REEM_V2,DEVELOPMENT,TRUE
P0000293,2024-08-18,D0034,S007,95,28.69,2725.55,SIMULATED_REEM_V2,DEVELOPMENT,TRUE
P0000294,2024-08-19,D0043,S010,455,30.28,13777.4,SIMULATED_REEM_V2,DEVELOPMENT,TRUE
P0000295,2024-08-27,D0014,S007,50,17.01,850.5,SIMULATED_REEM_V2,DEVELOPMENT,TRUE
P0000296,2024-08-29,D0024,S004,107,21.32,2281.24,SIMULATED_REEM_V2,DEVELOPMENT,TRUE
P0000297,2024-08-31,D0038,S003,155,2.97,460.35,SIMULATED_REEM_V2,DEVELOPMENT,TRUE
P0000298,2024-09-02,D0007,S007,162,62.48,10121.76,SIMULATED_REEM_V2,DEVELOPMENT,TRUE
P0000299,2024-09-03,D0041,S005,53,77.08,4085.24,SIMULATED_REEM_V2,DEVELOPMENT,TRUE
P0000300,2024-09-06,D0044,S004,50,44.28,2214.0,SIMULATED_REEM_V2,DEVELOPMENT,TRUE
P0000301,2024-09-12,D0008,S009,50,49.74,2487.0,SIMULATED_REEM_V2,DEVELOPMENT,TRUE
P0000302,2024-09-12,D0048,S003,414,35.18,14564.52,SIMULATED_REEM_V2,DEVELOPMENT,TRUE
P0000303,2024-09-14,D0003,S005,137,71.4,9781.8,SIMULATED_REEM_V2,DEVELOPMENT,TRUE
P0000304,2024-09-14,D0042,S001,455,17.17,7812.35,SIMULATED_REEM_V2,DEVELOPMENT,TRUE
P0000305,2024-09-17,D0030,S008,56,24.48,1370.88,SIMULATED_REEM_V2,DEVELOPMENT,TRUE
P0000306,2024-09-18,D0035,S003,296,9.66,2859.36,SIMULATED_REEM_V2,DEVELOPMENT,TRUE
P0000307,2024-09-19,D0005,S003,318,40.16,12770.88,SIMULATED_REEM_V2,DEVELOPMENT,TRUE
P0000308,2024-09-23,D0006,S005,108,48.96,5287.68,SIMULATED_REEM_V2,DEVELOPMENT,TRUE
P0000309,2024-09-26,D0029,S003,257,10.85,2788.45,SIMULATED_REEM_V2,DEVELOPMENT,TRUE
P0000310,2024-09-29,D0046,S007,218,39.85,8687.3,SIMULATED_REEM_V2,DEVELOPMENT,TRUE
P0000311,2024-10-03,D0010,S004,51,39.17,1997.67,SIMULATED_REEM_V2,DEVELOPMENT,TRUE
P0000312,2024-10-04,D0009,S007,319,18.02,5748.38,SIMULATED_REEM_V2,DEVELOPMENT,TRUE
P0000313,2024-10-04,D0011,S003,279,41.44,11561.76,SIMULATED_REEM_V2,DEVELOPMENT,TRUE
P0000314,2024-10-04,D0037,S006,52,37.45,1947.4,SIMULATED_REEM_V2,DEVELOPMENT,TRUE
P0000315,2024-10-09,D0001,S003,400,9.06,3624.0,SIMULATED_REEM_V2,DEVELOPMENT,TRUE
P0000316,2024-10-13,D0021,S010,426,44.94,19144.44,SIMULATED_REEM_V2,DEVELOPMENT,TRUE
P0000317,2024-10-15,D0016,S001,389,38.64,15030.96,SIMULATED_REEM_V2,DEVELOPMENT,TRUE
P0000318,2024-10-20,D0049,S009,88,67.45,5935.6,SIMULATED_REEM_V2,DEVELOPMENT,TRUE
P0000319,2024-10-23,D0039,S004,53,47.42,2513.26,SIMULATED_REEM_V2,DEVELOPMENT,TRUE
P0000320,2024-10-24,D0017,S003,50,38.03,1901.5,SIMULATED_REEM_V2,DEVELOPMENT,TRUE
P0000321,2024-10-25,D0027,S003,449,18.01,8086.49,SIMULATED_REEM_V2,DEVELOPMENT,TRUE
P0000322,2024-10-26,D0050,S005,187,18.95,3543.65,SIMULATED_REEM_V2,DEVELOPMENT,TRUE
P0000323,2024-10-27,D0018,S009,426,64.47,27464.22,SIMULATED_REEM_V2,DEVELOPMENT,TRUE
P0000324,2024-10-28,D0033,S008,50,50.94,2547.0,SIMULATED_REEM_V2,DEVELOPMENT,TRUE
P0000325,2024-11-02,D0032,S004,178,46.34,8248.52,SIMULATED_REEM_V2,DEVELOPMENT,TRUE
P0000326,2024-11-02,D0043,S007,455,30.28,13777.4,SIMULATED_REEM_V2,DEVELOPMENT,TRUE
P0000327,2024-11-02,D0047,S003,52,27.69,1439.88,SIMULATED_REEM_V2,DEVELOPMENT,TRUE
P0000328,2024-11-04,D0034,S010,95,28.69,2725.55,SIMULATED_REEM_V2,DEVELOPMENT,TRUE
P0000329,2024-11-11,D0014,S006,50,17.01,850.5,SIMULATED_REEM_V2,DEVELOPMENT,TRUE
P0000330,2024-11-12,D0024,S010,107,21.32,2281.24,SIMULATED_REEM_V2,DEVELOPMENT,TRUE
P0000331,2024-11-12,D0041,S009,53,77.08,4085.24,SIMULATED_REEM_V2,DEVELOPMENT,TRUE
P0000332,2024-11-13,D0022,S009,50,30.61,1530.5,SIMULATED_REEM_V2,DEVELOPMENT,TRUE
P0000333,2024-11-14,D0038,S008,155,2.97,460.35,SIMULATED_REEM_V2,DEVELOPMENT,TRUE
P0000334,2024-11-19,D0042,S007,455,17.17,7812.35,SIMULATED_REEM_V2,DEVELOPMENT,TRUE
P0000335,2024-11-23,D0007,S003,162,62.48,10121.76,SIMULATED_REEM_V2,DEVELOPMENT,TRUE
P0000336,2024-11-25,D0003,S008,137,71.4,9781.8,SIMULATED_REEM_V2,DEVELOPMENT,TRUE
P0000337,2024-11-28,D0035,S006,296,9.66,2859.36,SIMULATED_REEM_V2,DEVELOPMENT,TRUE
P0000338,2024-11-28,D0048,S003,414,35.18,14564.52,SIMULATED_REEM_V2,DEVELOPMENT,TRUE
P0000339,2024-12-01,D0030,S006,56,24.48,1370.88,SIMULATED_REEM_V2,DEVELOPMENT,TRUE
P0000340,2024-12-02,D0006,S002,108,48.96,5287.68,SIMULATED_REEM_V2,DEVELOPMENT,TRUE
P0000341,2024-12-05,D0005,S001,318,40.16,12770.88,SIMULATED_REEM_V2,DEVELOPMENT,TRUE
P0000342,2024-12-08,D0029,S005,257,10.85,2788.45,SIMULATED_REEM_V2,DEVELOPMENT,TRUE
P0000343,2024-12-09,D0008,S002,50,49.74,2487.0,SIMULATED_REEM_V2,DEVELOPMENT,TRUE
P0000344,2024-12-09,D0009,S006,319,18.02,5748.38,SIMULATED_REEM_V2,DEVELOPMENT,TRUE
P0000345,2024-12-10,D0001,S010,400,9.06,3624.0,SIMULATED_REEM_V2,DEVELOPMENT,TRUE
P0000346,2024-12-11,D0010,S003,51,39.17,1997.67,SIMULATED_REEM_V2,DEVELOPMENT,TRUE
P0000347,2024-12-13,D0046,S006,218,39.85,8687.3,SIMULATED_REEM_V2,DEVELOPMENT,TRUE
P0000348,2024-12-15,D0011,S010,279,41.44,11561.76,SIMULATED_REEM_V2,DEVELOPMENT,TRUE
P0000349,2024-12-18,D0037,S010,52,37.45,1947.4,SIMULATED_REEM_V2,DEVELOPMENT,TRUE
P0000350,2024-12-19,D0021,S006,426,44.94,19144.44,SIMULATED_REEM_V2,DEVELOPMENT,TRUE
P0000351,2024-12-24,D0016,S002,389,38.64,15030.96,SIMULATED_REEM_V2,DEVELOPMENT,TRUE
P0000352,2024-12-24,D0049,S006,88,67.45,5935.6,SIMULATED_REEM_V2,DEVELOPMENT,TRUE
P0000353,2024-12-28,D0027,S004,449,18.01,8086.49,SIMULATED_REEM_V2,DEVELOPMENT,TRUE
P0000354,2025-01-04,D0039,S004,53,47.42,2513.26,SIMULATED_REEM_V2,DEVELOPMENT,TRUE
P0000355,2025-01-06,D0018,S007,426,64.47,27464.22,SIMULATED_REEM_V2,DEVELOPMENT,TRUE
P0000356,2025-01-06,D0043,S005,455,30.28,13777.4,SIMULATED_REEM_V2,DEVELOPMENT,TRUE
P0000357,2025-01-07,D0031,S006,50,59.64,2982.0,SIMULATED_REEM_V2,DEVELOPMENT,TRUE
P0000358,2025-01-07,D0050,S007,187,18.95,3543.65,SIMULATED_REEM_V2,DEVELOPMENT,TRUE
P0000359,2025-01-09,D0024,S003,107,21.32,2281.24,SIMULATED_REEM_V2,DEVELOPMENT,TRUE
P0000360,2025-01-10,D0017,S005,50,38.03,1901.5,SIMULATED_REEM_V2,DEVELOPMENT,TRUE
P0000361,2025-01-12,D0041,S001,53,77.08,4085.24,SIMULATED_REEM_V2,DEVELOPMENT,TRUE
P0000362,2025-01-13,D0032,S010,178,46.34,8248.52,SIMULATED_REEM_V2,DEVELOPMENT,TRUE
P0000363,2025-01-14,D0038,S005,155,2.97,460.35,SIMULATED_REEM_V2,DEVELOPMENT,TRUE
P0000364,2025-01-14,D0042,S005,455,17.17,7812.35,SIMULATED_REEM_V2,DEVELOPMENT,TRUE
P0000365,2025-01-17,D0034,S010,95,28.69,2725.55,SIMULATED_REEM_V2,DEVELOPMENT,TRUE
P0000366,2025-01-17,D0047,S010,52,27.69,1439.88,SIMULATED_REEM_V2,DEVELOPMENT,TRUE
P0000367,2025-01-21,D0007,S008,162,62.48,10121.76,SIMULATED_REEM_V2,DEVELOPMENT,TRUE
P0000368,2025-01-23,D0003,S002,137,71.4,9781.8,SIMULATED_REEM_V2,DEVELOPMENT,TRUE
P0000369,2025-01-24,D0009,S005,319,18.02,5748.38,SIMULATED_REEM_V2,DEVELOPMENT,TRUE
P0000370,2025-01-24,D0033,S010,50,50.94,2547.0,SIMULATED_REEM_V2,DEVELOPMENT,TRUE
P0000371,2025-01-25,D0048,S003,414,35.18,14564.52,SIMULATED_REEM_V2,DEVELOPMENT,TRUE
P0000372,2025-01-26,D0030,S009,56,24.48,1370.88,SIMULATED_REEM_V2,DEVELOPMENT,TRUE
P0000373,2025-01-28,D0006,S007,108,48.96,5287.68,SIMULATED_REEM_V2,DEVELOPMENT,TRUE
P0000374,2025-01-31,D0029,S009,257,10.85,2788.45,SIMULATED_REEM_V2,DEVELOPMENT,TRUE
P0000375,2025-02-01,D0001,S004,400,9.06,3624.0,SIMULATED_REEM_V2,DEVELOPMENT,TRUE
P0000376,2025-02-01,D0035,S004,296,9.66,2859.36,SIMULATED_REEM_V2,DEVELOPMENT,TRUE
P0000377,2025-02-05,D0005,S002,318,40.16,12770.88,SIMULATED_REEM_V2,DEVELOPMENT,TRUE
P0000378,2025-02-07,D0011,S004,279,41.44,11561.76,SIMULATED_REEM_V2,DEVELOPMENT,TRUE
P0000379,2025-02-08,D0021,S005,426,44.94,19144.44,SIMULATED_REEM_V2,DEVELOPMENT,TRUE
P0000380,2025-02-08,D0026,S006,50,69.33,3466.5,SIMULATED_REEM_V2,DEVELOPMENT,TRUE
P0000381,2025-02-08,D0046,S004,218,39.85,8687.3,SIMULATED_REEM_V2,DEVELOPMENT,TRUE
P0000382,2025-02-11,D0010,S009,51,39.17,1997.67,SIMULATED_REEM_V2,DEVELOPMENT,TRUE
P0000383,2025-02-12,D0049,S001,88,67.45,5935.6,SIMULATED_REEM_V2,DEVELOPMENT,TRUE
P0000384,2025-02-13,D0014,S010,50,17.01,850.5,SIMULATED_REEM_V2,DEVELOPMENT,TRUE
P0000385,2025-02-15,D0037,S007,52,37.45,1947.4,SIMULATED_REEM_V2,DEVELOPMENT,TRUE
P0000386,2025-02-16,D0016,S003,389,38.64,15030.96,SIMULATED_REEM_V2,DEVELOPMENT,TRUE
P0000387,2025-02-16,D0022,S010,50,30.61,1530.5,SIMULATED_REEM_V2,DEVELOPMENT,TRUE
P0000388,2025-02-16,D0027,S009,449,18.01,8086.49,SIMULATED_REEM_V2,DEVELOPMENT,TRUE
P0000389,2025-02-17,D0008,S007,50,49.74,2487.0,SIMULATED_REEM_V2,DEVELOPMENT,TRUE
P0000390,2025-02-23,D0017,S005,50,38.03,1901.5,SIMULATED_REEM_V2,DEVELOPMENT,TRUE
P0000391,2025-02-27,D0018,S009,426,64.47,27464.22,SIMULATED_REEM_V2,DEVELOPMENT,TRUE
P0000392,2025-02-27,D0039,S008,53,47.42,2513.26,SIMULATED_REEM_V2,DEVELOPMENT,TRUE
P0000393,2025-02-27,D0043,S004,455,30.28,13777.4,SIMULATED_REEM_V2,DEVELOPMENT,TRUE
P0000394,2025-02-28,D0024,S010,107,21.32,2281.24,SIMULATED_REEM_V2,DEVELOPMENT,TRUE
P0000395,2025-02-28,D0042,S004,455,17.17,7812.35,SIMULATED_REEM_V2,DEVELOPMENT,TRUE
P0000396,2025-03-01,D0050,S006,187,18.95,3543.65,SIMULATED_REEM_V2,DEVELOPMENT,TRUE
P0000397,2025-03-02,D0009,S001,319,18.02,5748.38,SIMULATED_REEM_V2,DEVELOPMENT,TRUE
P0000398,2025-03-04,D0041,S008,53,77.08,4085.24,SIMULATED_REEM_V2,DEVELOPMENT,TRUE
P0000399,2025-03-06,D0038,S002,155,2.97,460.35,SIMULATED_REEM_V2,DEVELOPMENT,TRUE
P0000400,2025-03-08,D0032,S006,178,46.34,8248.52,SIMULATED_REEM_V2,DEVELOPMENT,TRUE
P0000401,2025-03-09,D0034,S010,95,28.69,2725.55,SIMULATED_REEM_V2,DEVELOPMENT,TRUE
P0000402,2025-03-11,D0007,S003,162,62.48,10121.76,SIMULATED_REEM_V2,DEVELOPMENT,TRUE
P0000403,2025-03-14,D0003,S009,137,71.4,9781.8,SIMULATED_REEM_V2,DEVELOPMENT,TRUE
P0000404,2025-03-14,D0047,S007,52,27.69,1439.88,SIMULATED_REEM_V2,DEVELOPMENT,TRUE
P0000405,2025-03-16,D0048,S008,414,35.18,14564.52,SIMULATED_REEM_V2,DEVELOPMENT,TRUE
P0000406,2025-03-18,D0001,S008,400,9.06,3624.0,SIMULATED_REEM_V2,DEVELOPMENT,TRUE
P0000407,2025-03-18,D0006,S004,108,48.96,5287.68,SIMULATED_REEM_V2,DEVELOPMENT,TRUE
P0000408,2025-03-20,D0049,S008,88,67.45,5935.6,SIMULATED_REEM_V2,DEVELOPMENT,TRUE
P0000409,2025-03-21,D0029,S009,257,10.85,2788.45,SIMULATED_REEM_V2,DEVELOPMENT,TRUE
P0000410,2025-03-23,D0035,S010,296,9.66,2859.36,SIMULATED_REEM_V2,DEVELOPMENT,TRUE
P0000411,2025-03-24,D0030,S001,56,24.48,1370.88,SIMULATED_REEM_V2,DEVELOPMENT,TRUE
P0000412,2025-03-27,D0005,S008,318,40.16,12770.88,SIMULATED_REEM_V2,DEVELOPMENT,TRUE
P0000413,2025-03-27,D0021,S001,426,44.94,19144.44,SIMULATED_REEM_V2,DEVELOPMENT,TRUE
P0000414,2025-03-29,D0046,S003,218,39.85,8687.3,SIMULATED_REEM_V2,DEVELOPMENT,TRUE
P0000415,2025-03-30,D0011,S001,279,41.44,11561.76,SIMULATED_REEM_V2,DEVELOPMENT,TRUE
P0000416,2025-03-30,D0016,S010,389,38.64,15030.96,SIMULATED_REEM_V2,DEVELOPMENT,TRUE
P0000417,2025-04-03,D0044,S002,50,44.28,2214.0,SIMULATED_REEM_V2,DEVELOPMENT,TRUE
P0000418,2025-04-04,D0024,S003,107,21.32,2281.24,SIMULATED_REEM_V2,DEVELOPMENT,TRUE
P0000419,2025-04-05,D0010,S003,51,39.17,1997.67,SIMULATED_REEM_V2,DEVELOPMENT,TRUE
P0000420,2025-04-05,D0027,S005,449,18.01,8086.49,SIMULATED_REEM_V2,DEVELOPMENT,TRUE
P0000421,2025-04-08,D0040,S003,50,39.04,1952.0,SIMULATED_REEM_V2,DEVELOPMENT,TRUE
P0000422,2025-04-10,D0037,S009,52,37.45,1947.4,SIMULATED_REEM_V2,DEVELOPMENT,TRUE
P0000423,2025-04-13,D0009,S001,319,18.02,5748.38,SIMULATED_REEM_V2,DEVELOPMENT,TRUE
P0000424,2025-04-14,D0008,S003,50,49.74,2487.0,SIMULATED_REEM_V2,DEVELOPMENT,TRUE
P0000425,2025-04-14,D0042,S010,455,17.17,7812.35,SIMULATED_REEM_V2,DEVELOPMENT,TRUE
P0000426,2025-04-15,D0014,S007,50,17.01,850.5,SIMULATED_REEM_V2,DEVELOPMENT,TRUE
P0000427,2025-04-15,D0017,S003,50,38.03,1901.5,SIMULATED_REEM_V2,DEVELOPMENT,TRUE
P0000428,2025-04-16,D0018,S001,426,64.47,27464.22,SIMULATED_REEM_V2,DEVELOPMENT,TRUE
P0000429,2025-04-16,D0033,S004,50,50.94,2547.0,SIMULATED_REEM_V2,DEVELOPMENT,TRUE
P0000430,2025-04-16,D0043,S007,455,30.28,13777.4,SIMULATED_REEM_V2,DEVELOPMENT,TRUE
P0000431,2025-04-18,D0039,S008,53,47.42,2513.26,SIMULATED_REEM_V2,DEVELOPMENT,TRUE
P0000432,2025-04-21,D0003,S006,137,71.4,9781.8,SIMULATED_REEM_V2,DEVELOPMENT,TRUE
P0000433,2025-04-22,D0041,S009,53,77.08,4085.24,SIMULATED_REEM_V2,DEVELOPMENT,TRUE
P0000434,2025-04-23,D0038,S010,155,2.97,460.35,SIMULATED_REEM_V2,DEVELOPMENT,TRUE
P0000435,2025-04-23,D0050,S008,187,18.95,3543.65,SIMULATED_REEM_V2,DEVELOPMENT,TRUE
P0000436,2025-04-24,D0045,S010,50,45.28,2264.0,SIMULATED_REEM_V2,DEVELOPMENT,TRUE
P0000437,2025-04-25,D0019,S003,50,69.43,3471.5,SIMULATED_REEM_V2,DEVELOPMENT,TRUE
P0000438,2025-04-25,D0022,S006,50,30.61,1530.5,SIMULATED_REEM_V2,DEVELOPMENT,TRUE
P0000439,2025-04-27,D0031,S008,50,59.64,2982.0,SIMULATED_REEM_V2,DEVELOPMENT,TRUE
P0000440,2025-04-28,D0007,S005,162,62.48,10121.76,SIMULATED_REEM_V2,DEVELOPMENT,TRUE
P0000441,2025-04-30,D0001,S006,400,9.06,3624.0,SIMULATED_REEM_V2,DEVELOPMENT,TRUE
P0000442,2025-04-30,D0026,S009,50,69.33,3466.5,SIMULATED_REEM_V2,DEVELOPMENT,TRUE
P0000443,2025-05-02,D0032,S004,178,46.34,8248.52,SIMULATED_REEM_V2,DEVELOPMENT,TRUE
P0000444,2025-05-02,D0034,S001,95,28.69,2725.55,SIMULATED_REEM_V2,DEVELOPMENT,TRUE
P0000445,2025-05-03,D0048,S010,414,35.18,14564.52,SIMULATED_REEM_V2,DEVELOPMENT,TRUE
P0000446,2025-05-04,D0029,S003,257,10.85,2788.45,SIMULATED_REEM_V2,DEVELOPMENT,TRUE
P0000447,2025-05-04,D0047,S004,52,27.69,1439.88,SIMULATED_REEM_V2,DEVELOPMENT,TRUE
P0000448,2025-05-05,D0006,S003,108,48.96,5287.68,SIMULATED_REEM_V2,DEVELOPMENT,TRUE
P0000449,2025-05-05,D0049,S005,88,67.45,5935.6,SIMULATED_REEM_V2,DEVELOPMENT,TRUE
P0000450,2025-05-09,D0021,S006,426,44.94,19144.44,SIMULATED_REEM_V2,DEVELOPMENT,TRUE
P0000451,2025-05-13,D0035,S004,296,9.66,2859.36,SIMULATED_REEM_V2,DEVELOPMENT,TRUE
P0000452,2025-05-16,D0005,S006,318,40.16,12770.88,SIMULATED_REEM_V2,DEVELOPMENT,TRUE
P0000453,2025-05-18,D0046,S006,218,39.85,8687.3,SIMULATED_REEM_V2,DEVELOPMENT,TRUE
P0000454,2025-05-19,D0016,S002,389,38.64,15030.96,SIMULATED_REEM_V2,DEVELOPMENT,TRUE
P0000455,2025-05-19,D0027,S006,449,18.01,8086.49,SIMULATED_REEM_V2,DEVELOPMENT,TRUE
P0000456,2025-05-20,D0011,S005,279,41.44,11561.76,SIMULATED_REEM_V2,DEVELOPMENT,TRUE
P0000457,2025-05-20,D0030,S006,56,24.48,1370.88,SIMULATED_REEM_V2,DEVELOPMENT,TRUE
P0000458,2025-05-21,D0010,S003,51,39.17,1997.67,SIMULATED_REEM_V2,DEVELOPMENT,TRUE
P0000459,2025-05-23,D0024,S007,107,21.32,2281.24,SIMULATED_REEM_V2,DEVELOPMENT,TRUE
P0000460,2025-05-29,D0009,S001,319,18.02,5748.38,SIMULATED_REEM_V2,DEVELOPMENT,TRUE
P0000461,2025-05-29,D0042,S003,455,17.17,7812.35,SIMULATED_REEM_V2,DEVELOPMENT,TRUE
P0000462,2025-06-01,D0017,S008,50,38.03,1901.5,SIMULATED_REEM_V2,DEVELOPMENT,TRUE
P0000463,2025-06-02,D0037,S006,52,37.45,1947.4,SIMULATED_REEM_V2,DEVELOPMENT,TRUE
P0000464,2025-06-04,D0003,S007,137,71.4,9781.8,SIMULATED_REEM_V2,DEVELOPMENT,TRUE
P0000465,2025-06-05,D0041,S004,53,77.08,4085.24,SIMULATED_REEM_V2,DEVELOPMENT,TRUE
P0000466,2025-06-05,D0043,S003,455,30.28,13777.4,SIMULATED_REEM_V2,DEVELOPMENT,TRUE
P0000467,2025-06-06,D0014,S002,50,17.01,850.5,SIMULATED_REEM_V2,DEVELOPMENT,TRUE
P0000468,2025-06-09,D0039,S007,53,47.42,2513.26,SIMULATED_REEM_V2,DEVELOPMENT,TRUE
P0000469,2025-06-12,D0018,S005,426,64.47,27464.22,SIMULATED_REEM_V2,DEVELOPMENT,TRUE
P0000470,2025-06-12,D0038,S004,155,2.97,460.35,SIMULATED_REEM_V2,DEVELOPMENT,TRUE
P0000471,2025-06-15,D0001,S002,400,9.06,3624.0,SIMULATED_REEM_V2,DEVELOPMENT,TRUE
P0000472,2025-06-18,D0048,S010,414,35.18,14564.52,SIMULATED_REEM_V2,DEVELOPMENT,TRUE
P0000473,2025-06-19,D0007,S008,162,62.48,10121.76,SIMULATED_REEM_V2,DEVELOPMENT,TRUE
P0000474,2025-06-19,D0050,S005,187,18.95,3543.65,SIMULATED_REEM_V2,DEVELOPMENT,TRUE
P0000475,2025-06-20,D0049,S003,88,67.45,5935.6,SIMULATED_REEM_V2,DEVELOPMENT,TRUE
P0000476,2025-06-21,D0021,S006,426,44.94,19144.44,SIMULATED_REEM_V2,DEVELOPMENT,TRUE
P0000477,2025-06-21,D0047,S003,52,27.69,1439.88,SIMULATED_REEM_V2,DEVELOPMENT,TRUE
P0000478,2025-06-23,D0008,S010,50,49.74,2487.0,SIMULATED_REEM_V2,DEVELOPMENT,TRUE
P0000479,2025-06-24,D0029,S009,257,10.85,2788.45,SIMULATED_REEM_V2,DEVELOPMENT,TRUE
P0000480,2025-06-25,D0006,S005,108,48.96,5287.68,SIMULATED_REEM_V2,DEVELOPMENT,TRUE
P0000481,2025-06-27,D0034,S005,95,28.69,2725.55,SIMULATED_REEM_V2,DEVELOPMENT,TRUE
P0000482,2025-07-01,D0032,S004,178,46.34,8248.52,SIMULATED_REEM_V2,DEVELOPMENT,TRUE
P0000483,2025-07-02,D0033,S010,50,50.94,2547.0,SIMULATED_REEM_V2,DEVELOPMENT,TRUE
P0000484,2025-07-08,D0027,S004,449,18.01,8086.49,SIMULATED_REEM_V2,DEVELOPMENT,TRUE
P0000485,2025-07-09,D0005,S008,318,40.16,12770.88,SIMULATED_REEM_V2,DEVELOPMENT,TRUE
P0000486,2025-07-10,D0022,S001,50,30.61,1530.5,SIMULATED_REEM_V2,DEVELOPMENT,TRUE
P0000487,2025-07-10,D0035,S004,296,9.66,2859.36,SIMULATED_REEM_V2,DEVELOPMENT,TRUE
P0000488,2025-07-11,D0011,S007,279,41.44,11561.76,SIMULATED_REEM_V2,DEVELOPMENT,TRUE
P0000489,2025-07-11,D0016,S009,389,38.64,15030.96,SIMULATED_REEM_V2,DEVELOPMENT,TRUE
P0000490,2025-07-13,D0024,S005,107,21.32,2281.24,SIMULATED_REEM_V2,DEVELOPMENT,TRUE
P0000491,2025-07-14,D0046,S010,218,39.85,8687.3,SIMULATED_REEM_V2,DEVELOPMENT,TRUE
P0000492,2025-07-19,D0010,S007,51,39.17,1997.67,SIMULATED_REEM_V2,DEVELOPMENT,TRUE
P0000493,2025-07-21,D0009,S009,319,18.02,5748.38,SIMULATED_REEM_V2,DEVELOPMENT,TRUE
P0000494,2025-07-21,D0030,S005,56,24.48,1370.88,SIMULATED_REEM_V2,DEVELOPMENT,TRUE
P0000495,2025-07-22,D0012,S007,50,22.78,1139.0,SIMULATED_REEM_V2,DEVELOPMENT,TRUE
P0000496,2025-07-22,D0042,S006,455,17.17,7812.35,SIMULATED_REEM_V2,DEVELOPMENT,TRUE
P0000497,2025-07-25,D0003,S004,137,71.4,9781.8,SIMULATED_REEM_V2,DEVELOPMENT,TRUE
P0000498,2025-07-26,D0041,S002,53,77.08,4085.24,SIMULATED_REEM_V2,DEVELOPMENT,TRUE
P0000499,2025-08-05,D0043,S003,455,30.28,13777.4,SIMULATED_REEM_V2,DEVELOPMENT,TRUE
P0000500,2025-08-08,D0017,S004,50,38.03,1901.5,SIMULATED_REEM_V2,DEVELOPMENT,TRUE
P0000501,2025-08-11,D0038,S001,155,2.97,460.35,SIMULATED_REEM_V2,DEVELOPMENT,TRUE
P0000502,2025-08-14,D0037,S007,52,37.45,1947.4,SIMULATED_REEM_V2,DEVELOPMENT,TRUE
P0000503,2025-08-16,D0001,S009,400,9.06,3624.0,SIMULATED_REEM_V2,DEVELOPMENT,TRUE
P0000504,2025-08-16,D0049,S008,88,67.45,5935.6,SIMULATED_REEM_V2,DEVELOPMENT,TRUE
P0000505,2025-08-17,D0018,S006,426,64.47,27464.22,SIMULATED_REEM_V2,DEVELOPMENT,TRUE
P0000506,2025-08-19,D0021,S005,426,44.94,19144.44,SIMULATED_REEM_V2,DEVELOPMENT,TRUE
P0000507,2025-08-19,D0039,S003,53,47.42,2513.26,SIMULATED_REEM_V2,DEVELOPMENT,TRUE
P0000508,2025-08-20,D0040,S004,50,39.04,1952.0,SIMULATED_REEM_V2,DEVELOPMENT,TRUE
P0000509,2025-08-20,D0048,S005,414,35.18,14564.52,SIMULATED_REEM_V2,DEVELOPMENT,TRUE
P0000510,2025-08-23,D0007,S005,162,62.48,10121.76,SIMULATED_REEM_V2,DEVELOPMENT,TRUE
P0000511,2025-08-24,D0020,S010,50,78.31,3915.5,SIMULATED_REEM_V2,DEVELOPMENT,TRUE
P0000512,2025-08-25,D0029,S006,257,10.85,2788.45,SIMULATED_REEM_V2,DEVELOPMENT,TRUE
P0000513,2025-08-27,D0050,S010,187,18.95,3543.65,SIMULATED_REEM_V2,DEVELOPMENT,TRUE
P0000514,2025-08-29,D0027,S010,449,18.01,8086.49,SIMULATED_REEM_V2,DEVELOPMENT,TRUE
P0000515,2025-08-29,D0047,S007,52,27.69,1439.88,SIMULATED_REEM_V2,DEVELOPMENT,TRUE
P0000516,2025-08-31,D0006,S009,108,48.96,5287.68,SIMULATED_REEM_V2,DEVELOPMENT,TRUE
P0000517,2025-09-01,D0026,S001,50,69.33,3466.5,SIMULATED_REEM_V2,DEVELOPMENT,TRUE
P0000518,2025-09-03,D0016,S008,389,38.64,15030.96,SIMULATED_REEM_V2,DEVELOPMENT,TRUE
P0000519,2025-09-05,D0014,S010,50,17.01,850.5,SIMULATED_REEM_V2,DEVELOPMENT,TRUE
P0000520,2025-09-06,D0032,S009,178,46.34,8248.52,SIMULATED_REEM_V2,DEVELOPMENT,TRUE
P0000521,2025-09-07,D0034,S009,95,28.69,2725.55,SIMULATED_REEM_V2,DEVELOPMENT,TRUE
P0000522,2025-09-14,D0024,S004,107,21.32,2281.24,SIMULATED_REEM_V2,DEVELOPMENT,TRUE
P0000523,2025-09-23,D0005,S008,318,40.16,12770.88,SIMULATED_REEM_V2,DEVELOPMENT,TRUE
P0000524,2025-09-25,D0008,S001,50,49.74,2487.0,SIMULATED_REEM_V2,DEVELOPMENT,TRUE
P0000525,2025-09-25,D0031,S008,50,59.64,2982.0,SIMULATED_REEM_V2,DEVELOPMENT,TRUE
P0000526,2025-09-25,D0046,S002,218,39.85,8687.3,SIMULATED_REEM_V2,DEVELOPMENT,TRUE
P0000527,2025-09-26,D0011,S002,279,41.44,11561.76,SIMULATED_REEM_V2,DEVELOPMENT,TRUE
P0000528,2025-09-26,D0042,S005,455,17.17,7812.35,SIMULATED_REEM_V2,DEVELOPMENT,TRUE
P0000529,2025-09-27,D0035,S002,296,9.66,2859.36,SIMULATED_REEM_V2,DEVELOPMENT,TRUE
P0000530,2025-09-28,D0009,S006,319,18.02,5748.38,SIMULATED_REEM_V2,DEVELOPMENT,TRUE
P0000531,2025-10-01,D0010,S001,51,39.17,1997.67,SIMULATED_REEM_V2,DEVELOPMENT,TRUE
P0000532,2025-10-02,D0019,S002,50,69.43,3471.5,SIMULATED_REEM_V2,DEVELOPMENT,TRUE
P0000533,2025-10-03,D0003,S010,137,71.4,9781.8,SIMULATED_REEM_V2,DEVELOPMENT,TRUE
P0000534,2025-10-06,D0030,S001,56,24.48,1370.88,SIMULATED_REEM_V2,DEVELOPMENT,TRUE
P0000535,2025-10-13,D0041,S008,53,77.08,4085.24,SIMULATED_REEM_V2,DEVELOPMENT,TRUE
P0000536,2025-10-14,D0017,S001,50,38.03,1901.5,SIMULATED_REEM_V2,DEVELOPMENT,TRUE
P0000537,2025-10-14,D0043,S010,455,30.28,13777.4,SIMULATED_REEM_V2,DEVELOPMENT,TRUE
P0000538,2025-10-21,D0044,S004,50,44.28,2214.0,SIMULATED_REEM_V2,DEVELOPMENT,TRUE
P0000539,2025-10-25,D0033,S002,50,50.94,2547.0,SIMULATED_REEM_V2,DEVELOPMENT,TRUE
P0000540,2025-10-25,D0049,S009,88,67.45,5935.6,SIMULATED_REEM_V2,DEVELOPMENT,TRUE
P0000541,2025-10-27,D0001,S005,400,9.06,3624.0,SIMULATED_REEM_V2,DEVELOPMENT,TRUE
P0000542,2025-10-28,D0038,S009,155,2.97,460.35,SIMULATED_REEM_V2,DEVELOPMENT,TRUE
P0000543,2025-10-31,D0021,S009,426,44.94,19144.44,SIMULATED_REEM_V2,DEVELOPMENT,TRUE
P0000544,2025-11-02,D0048,S003,414,35.18,14564.52,SIMULATED_REEM_V2,DEVELOPMENT,TRUE
P0000545,2025-11-04,D0018,S004,426,64.47,27464.22,SIMULATED_REEM_V2,DEVELOPMENT,TRUE
P0000546,2025-11-05,D0037,S002,52,37.45,1947.4,SIMULATED_REEM_V2,DEVELOPMENT,TRUE
P0000547,2025-11-06,D0029,S004,257,10.85,2788.45,SIMULATED_REEM_V2,DEVELOPMENT,TRUE
P0000548,2025-11-08,D0027,S009,449,18.01,8086.49,SIMULATED_REEM_V2,DEVELOPMENT,TRUE
P0000549,2025-11-09,D0007,S010,162,62.48,10121.76,SIMULATED_REEM_V2,DEVELOPMENT,TRUE
P0000550,2025-11-13,D0034,S001,95,28.69,2725.55,SIMULATED_REEM_V2,DEVELOPMENT,TRUE
P0000551,2025-11-13,D0039,S007,53,47.42,2513.26,SIMULATED_REEM_V2,DEVELOPMENT,TRUE
P0000552,2025-11-14,D0006,S005,108,48.96,5287.68,SIMULATED_REEM_V2,DEVELOPMENT,TRUE
P0000553,2025-11-14,D0050,S002,187,18.95,3543.65,SIMULATED_REEM_V2,DEVELOPMENT,TRUE
P0000554,2025-11-16,D0016,S009,389,38.64,15030.96,SIMULATED_REEM_V2,DEVELOPMENT,TRUE
P0000555,2025-11-23,D0047,S002,52,27.69,1439.88,SIMULATED_REEM_V2,DEVELOPMENT,TRUE
P0000556,2025-11-24,D0022,S006,50,30.61,1530.5,SIMULATED_REEM_V2,DEVELOPMENT,TRUE
P0000557,2025-11-27,D0014,S007,50,17.01,850.5,SIMULATED_REEM_V2,DEVELOPMENT,TRUE
P0000558,2025-12-01,D0024,S008,107,21.32,2281.24,SIMULATED_REEM_V2,DEVELOPMENT,TRUE
P0000559,2025-12-01,D0032,S004,178,46.34,8248.52,SIMULATED_REEM_V2,DEVELOPMENT,TRUE
P0000560,2025-12-04,D0009,S005,319,18.02,5748.38,SIMULATED_REEM_V2,DEVELOPMENT,TRUE
P0000561,2025-12-04,D0042,S007,455,17.17,7812.35,SIMULATED_REEM_V2,DEVELOPMENT,TRUE
P0000562,2025-12-07,D0041,S005,53,77.08,4085.24,SIMULATED_REEM_V2,DEVELOPMENT,TRUE
P0000563,2025-12-09,D0005,S009,318,40.16,12770.88,SIMULATED_REEM_V2,DEVELOPMENT,TRUE
P0000564,2025-12-10,D0003,S002,137,71.4,9781.8,SIMULATED_REEM_V2,DEVELOPMENT,TRUE
P0000565,2025-12-10,D0011,S003,279,41.44,11561.76,SIMULATED_REEM_V2,DEVELOPMENT,TRUE
P0000566,2025-12-13,D0046,S001,218,39.85,8687.3,SIMULATED_REEM_V2,DEVELOPMENT,TRUE
P0000567,2025-12-16,D0010,S006,51,39.17,1997.67,SIMULATED_REEM_V2,DEVELOPMENT,TRUE
P0000568,2025-12-16,D0035,S003,296,9.66,2859.36,SIMULATED_REEM_V2,DEVELOPMENT,TRUE
P0000569,2025-12-18,D0043,S007,455,30.28,13777.4,SIMULATED_REEM_V2,DEVELOPMENT,TRUE
P0000570,2025-12-21,D0030,S003,56,24.48,1370.88,SIMULATED_REEM_V2,DEVELOPMENT,TRUE
P0000571,2025-12-22,D0001,S004,400,9.06,3624.0,SIMULATED_REEM_V2,DEVELOPMENT,TRUE
P0000572,2025-12-24,D0021,S005,426,44.94,19144.44,SIMULATED_REEM_V2,DEVELOPMENT,TRUE
P0000573,2025-12-24,D0045,S001,50,45.28,2264.0,SIMULATED_REEM_V2,DEVELOPMENT,TRUE
P0000574,2025-12-25,D0017,S006,50,38.03,1901.5,SIMULATED_REEM_V2,DEVELOPMENT,TRUE
P0000575,2026-01-01,D0008,S005,50,49.74,2487.0,SIMULATED_REEM_V2,DEVELOPMENT,TRUE
P0000576,2026-01-01,D0049,S001,88,67.45,5935.6,SIMULATED_REEM_V2,DEVELOPMENT,TRUE
P0000577,2026-01-03,D0038,S003,155,2.97,460.35,SIMULATED_REEM_V2,DEVELOPMENT,TRUE
P0000578,2026-01-05,D0029,S004,257,10.85,2788.45,SIMULATED_REEM_V2,DEVELOPMENT,TRUE
P0000579,2026-01-05,D0048,S004,414,35.18,14564.52,SIMULATED_REEM_V2,DEVELOPMENT,TRUE
P0000580,2026-01-07,D0027,S001,449,18.01,8086.49,SIMULATED_REEM_V2,DEVELOPMENT,TRUE
P0000581,2026-01-09,D0026,S004,50,69.33,3466.5,SIMULATED_REEM_V2,DEVELOPMENT,TRUE
P0000582,2026-01-10,D0018,S009,426,64.47,27464.22,SIMULATED_REEM_V2,DEVELOPMENT,TRUE
P0000583,2026-01-12,D0006,S001,108,48.96,5287.68,SIMULATED_REEM_V2,DEVELOPMENT,TRUE
P0000584,2026-01-14,D0037,S008,52,37.45,1947.4,SIMULATED_REEM_V2,DEVELOPMENT,TRUE
P0000585,2026-01-16,D0016,S009,389,38.64,15030.96,SIMULATED_REEM_V2,DEVELOPMENT,TRUE
P0000586,2026-01-18,D0007,S007,162,62.48,10121.76,SIMULATED_REEM_V2,DEVELOPMENT,TRUE
P0000587,2026-01-19,D0039,S004,53,47.42,2513.26,SIMULATED_REEM_V2,DEVELOPMENT,TRUE
P0000588,2026-01-19,D0050,S005,187,18.95,3543.65,SIMULATED_REEM_V2,DEVELOPMENT,TRUE
P0000589,2026-01-20,D0034,S002,95,28.69,2725.55,SIMULATED_REEM_V2,DEVELOPMENT,TRUE
P0000590,2026-01-24,D0047,S004,52,27.69,1439.88,SIMULATED_REEM_V2,DEVELOPMENT,TRUE
P0000591,2026-01-26,D0042,S004,455,17.17,7812.35,SIMULATED_REEM_V2,DEVELOPMENT,TRUE
P0000592,2026-01-27,D0024,S002,107,21.32,2281.24,SIMULATED_REEM_V2,DEVELOPMENT,TRUE
P0000593,2026-01-27,D0041,S005,53,77.08,4085.24,SIMULATED_REEM_V2,DEVELOPMENT,TRUE
P0000594,2026-01-28,D0009,S005,319,18.02,5748.38,SIMULATED_REEM_V2,DEVELOPMENT,TRUE
P0000595,2026-02-01,D0031,S010,50,59.64,2982.0,SIMULATED_REEM_V2,DEVELOPMENT,TRUE
P0000596,2026-02-02,D0033,S010,50,50.94,2547.0,SIMULATED_REEM_V2,DEVELOPMENT,TRUE
P0000597,2026-02-02,D0040,S004,50,39.04,1952.0,SIMULATED_REEM_V2,DEVELOPMENT,TRUE
P0000598,2026-02-03,D0014,S003,50,17.01,850.5,SIMULATED_REEM_V2,DEVELOPMENT,TRUE
P0000599,2026-02-04,D0032,S009,178,46.34,8248.52,SIMULATED_REEM_V2,DEVELOPMENT,TRUE
P0000600,2026-02-05,D0005,S007,318,40.16,12770.88,SIMULATED_REEM_V2,DEVELOPMENT,TRUE
P0000601,2026-02-06,D0003,S010,137,71.4,9781.8,SIMULATED_REEM_V2,DEVELOPMENT,TRUE
P0000602,2026-02-07,D0011,S001,279,41.44,11561.76,SIMULATED_REEM_V2,DEVELOPMENT,TRUE
P0000603,2026-02-07,D0043,S010,455,30.28,13777.4,SIMULATED_REEM_V2,DEVELOPMENT,TRUE
P0000604,2026-02-08,D0022,S007,50,30.61,1530.5,SIMULATED_REEM_V2,DEVELOPMENT,TRUE
P0000605,2026-02-09,D0046,S007,218,39.85,8687.3,SIMULATED_REEM_V2,DEVELOPMENT,TRUE
P0000606,2026-02-10,D0002,S009,50,56.96,2848.0,SIMULATED_REEM_V2,DEVELOPMENT,TRUE
P0000607,2026-02-11,D0001,S002,400,9.06,3624.0,SIMULATED_REEM_V2,DEVELOPMENT,TRUE
P0000608,2026-02-13,D0021,S010,426,44.94,19144.44,SIMULATED_REEM_V2,DEVELOPMENT,TRUE
P0000609,2026-02-14,D0030,S001,56,24.48,1370.88,SIMULATED_REEM_V2,DEVELOPMENT,TRUE
P0000610,2026-02-15,D0010,S009,51,39.17,1997.67,SIMULATED_REEM_V2,DEVELOPMENT,TRUE
P0000611,2026-02-16,D0035,S010,296,9.66,2859.36,SIMULATED_REEM_V2,DEVELOPMENT,TRUE
P0000612,2026-02-18,D0017,S002,50,38.03,1901.5,SIMULATED_REEM_V2,DEVELOPMENT,TRUE
P0000613,2026-02-21,D0029,S004,257,10.85,2788.45,SIMULATED_REEM_V2,DEVELOPMENT,TRUE
P0000614,2026-02-22,D0049,S005,88,67.45,5935.6,SIMULATED_REEM_V2,DEVELOPMENT,TRUE
P0000615,2026-02-23,D0038,S001,155,2.97,460.35,SIMULATED_REEM_V2,DEVELOPMENT,TRUE
P0000616,2026-02-24,D0027,S002,449,18.01,8086.49,SIMULATED_REEM_V2,DEVELOPMENT,TRUE
P0000617,2026-02-24,D0048,S010,414,35.18,14564.52,SIMULATED_REEM_V2,DEVELOPMENT,TRUE
P0000618,2026-03-03,D0018,S010,426,64.47,27464.22,SIMULATED_REEM_V2,DEVELOPMENT,TRUE
P0000619,2026-03-05,D0012,S006,50,22.78,1139.0,SIMULATED_REEM_V2,DEVELOPMENT,TRUE
P0000620,2026-03-06,D0016,S001,389,38.64,15030.96,SIMULATED_REEM_V2,DEVELOPMENT,TRUE
P0000621,2026-03-07,D0024,S007,107,21.32,2281.24,SIMULATED_REEM_V2,DEVELOPMENT,TRUE
P0000622,2026-03-08,D0006,S001,108,48.96,5287.68,SIMULATED_REEM_V2,DEVELOPMENT,TRUE
P0000623,2026-03-08,D0007,S006,162,62.48,10121.76,SIMULATED_REEM_V2,DEVELOPMENT,TRUE
P0000624,2026-03-08,D0041,S004,53,77.08,4085.24,SIMULATED_REEM_V2,DEVELOPMENT,TRUE
P0000625,2026-03-11,D0047,S004,52,27.69,1439.88,SIMULATED_REEM_V2,DEVELOPMENT,TRUE
P0000626,2026-03-12,D0025,S004,50,2.68,134.0,SIMULATED_REEM_V2,DEVELOPMENT,TRUE
P0000627,2026-03-12,D0037,S008,52,37.45,1947.4,SIMULATED_REEM_V2,DEVELOPMENT,TRUE
P0000628,2026-03-13,D0050,S006,187,18.95,3543.65,SIMULATED_REEM_V2,DEVELOPMENT,TRUE
P0000629,2026-03-14,D0008,S004,50,49.74,2487.0,SIMULATED_REEM_V2,DEVELOPMENT,TRUE
P0000630,2026-03-14,D0009,S001,319,18.02,5748.38,SIMULATED_REEM_V2,DEVELOPMENT,TRUE
P0000631,2026-03-16,D0034,S001,95,28.69,2725.55,SIMULATED_REEM_V2,DEVELOPMENT,TRUE
P0000632,2026-03-16,D0039,S007,53,47.42,2513.26,SIMULATED_REEM_V2,DEVELOPMENT,TRUE
P0000633,2026-03-18,D0042,S010,455,17.17,7812.35,SIMULATED_REEM_V2,DEVELOPMENT,TRUE
P0000634,2026-03-22,D0003,S003,137,71.4,9781.8,SIMULATED_REEM_V2,DEVELOPMENT,TRUE
P0000635,2026-03-23,D0001,S003,400,9.06,3624.0,SIMULATED_REEM_V2,DEVELOPMENT,TRUE
P0000636,2026-03-23,D0019,S005,50,69.43,3471.5,SIMULATED_REEM_V2,DEVELOPMENT,TRUE
P0000637,2026-03-23,D0043,S005,455,30.28,13777.4,SIMULATED_REEM_V2,DEVELOPMENT,TRUE
P0000638,2026-03-25,D0005,S009,318,40.16,12770.88,SIMULATED_REEM_V2,DEVELOPMENT,TRUE
P0000639,2026-03-25,D0032,S010,178,46.34,8248.52,SIMULATED_REEM_V2,DEVELOPMENT,TRUE
P0000640,2026-03-27,D0021,S007,426,44.94,19144.44,SIMULATED_REEM_V2,DEVELOPMENT,TRUE
P0000641,2026-03-28,D0011,S001,279,41.44,11561.76,SIMULATED_REEM_V2,DEVELOPMENT,TRUE
P0000642,2026-03-31,D0046,S003,218,39.85,8687.3,SIMULATED_REEM_V2,DEVELOPMENT,TRUE
P0000643,2026-04-01,D0035,S009,296,9.66,2859.36,SIMULATED_REEM_V2,DEVELOPMENT,TRUE
P0000644,2026-04-02,D0029,S002,257,10.85,2788.45,SIMULATED_REEM_V2,DEVELOPMENT,TRUE
P0000645,2026-04-05,D0049,S005,88,67.45,5935.6,SIMULATED_REEM_V2,DEVELOPMENT,TRUE
P0000646,2026-04-06,D0017,S006,50,38.03,1901.5,SIMULATED_REEM_V2,DEVELOPMENT,TRUE
P0000647,2026-04-10,D0014,S007,50,17.01,850.5,SIMULATED_REEM_V2,DEVELOPMENT,TRUE
P0000648,2026-04-10,D0026,S008,50,69.33,3466.5,SIMULATED_REEM_V2,DEVELOPMENT,TRUE
P0000649,2026-04-10,D0027,S001,449,18.01,8086.49,SIMULATED_REEM_V2,DEVELOPMENT,TRUE
P0000650,2026-04-12,D0038,S006,155,2.97,460.35,SIMULATED_REEM_V2,DEVELOPMENT,TRUE
P0000651,2026-04-14,D0030,S004,56,24.48,1370.88,SIMULATED_REEM_V2,DEVELOPMENT,TRUE
P0000652,2026-04-14,D0048,S009,414,35.18,14564.52,SIMULATED_REEM_V2,DEVELOPMENT,TRUE
P0000653,2026-04-15,D0010,S004,51,39.17,1997.67,SIMULATED_REEM_V2,DEVELOPMENT,TRUE
P0000654,2026-04-17,D0041,S002,53,77.08,4085.24,SIMULATED_REEM_V2,DEVELOPMENT,TRUE
P0000655,2026-04-19,D0024,S001,107,21.32,2281.24,SIMULATED_REEM_V2,DEVELOPMENT,TRUE
P0000656,2026-04-20,D0028,S003,50,38.95,1947.5,SIMULATED_REEM_V2,DEVELOPMENT,TRUE
P0000657,2026-04-22,D0033,S008,50,50.94,2547.0,SIMULATED_REEM_V2,DEVELOPMENT,TRUE
P0000658,2026-04-23,D0016,S003,389,38.64,15030.96,SIMULATED_REEM_V2,DEVELOPMENT,TRUE
P0000659,2026-04-24,D0006,S005,108,48.96,5287.68,SIMULATED_REEM_V2,DEVELOPMENT,TRUE
P0000660,2026-04-26,D0007,S003,162,62.48,10121.76,SIMULATED_REEM_V2,DEVELOPMENT,TRUE
P0000661,2026-04-26,D0009,S004,319,18.02,5748.38,SIMULATED_REEM_V2,DEVELOPMENT,TRUE
P0000662,2026-04-26,D0022,S006,50,30.61,1530.5,SIMULATED_REEM_V2,DEVELOPMENT,TRUE
P0000663,2026-04-26,D0042,S008,455,17.17,7812.35,SIMULATED_REEM_V2,DEVELOPMENT,TRUE
P0000664,2026-04-26,D0050,S003,187,18.95,3543.65,SIMULATED_REEM_V2,DEVELOPMENT,TRUE
P0000665,2026-04-29,D0018,S008,426,64.47,27464.22,SIMULATED_REEM_V2,DEVELOPMENT,TRUE
P0000666,2026-04-29,D0037,S001,52,37.45,1947.4,SIMULATED_REEM_V2,DEVELOPMENT,TRUE
P0000667,2026-04-30,D0001,S010,400,9.06,3624.0,SIMULATED_REEM_V2,DEVELOPMENT,TRUE
P0000668,2026-05-02,D0034,S002,95,28.69,2725.55,SIMULATED_REEM_V2,DEVELOPMENT,TRUE
P0000669,2026-05-02,D0039,S008,53,47.42,2513.26,SIMULATED_REEM_V2,DEVELOPMENT,TRUE
P0000670,2026-05-02,D0044,S004,50,44.28,2214.0,SIMULATED_REEM_V2,DEVELOPMENT,TRUE
P0000671,2026-05-02,D0047,S002,52,27.69,1439.88,SIMULATED_REEM_V2,DEVELOPMENT,TRUE
P0000672,2026-05-06,D0003,S007,137,71.4,9781.8,SIMULATED_REEM_V2,DEVELOPMENT,TRUE
P0000673,2026-05-08,D0021,S010,426,44.94,19144.44,SIMULATED_REEM_V2,DEVELOPMENT,TRUE
P0000674,2026-05-08,D0043,S008,455,30.28,13777.4,SIMULATED_REEM_V2,DEVELOPMENT,TRUE
P0000675,2026-05-09,D0008,S009,50,49.74,2487.0,SIMULATED_REEM_V2,DEVELOPMENT,TRUE
P0000676,2026-05-15,D0005,S006,318,40.16,12770.88,SIMULATED_REEM_V2,DEVELOPMENT,TRUE
P0000677,2026-05-15,D0029,S003,257,10.85,2788.45,SIMULATED_REEM_V2,DEVELOPMENT,TRUE
P0000678,2026-05-15,D0032,S001,178,46.34,8248.52,SIMULATED_REEM_V2,DEVELOPMENT,TRUE
P0000679,2026-05-16,D0011,S007,279,41.44,11561.76,SIMULATED_REEM_V2,DEVELOPMENT,TRUE
P0000680,2026-05-16,D0046,S004,218,39.85,8687.3,SIMULATED_REEM_V2,DEVELOPMENT,TRUE
P0000681,2026-05-19,D0049,S005,88,67.45,5935.6,SIMULATED_REEM_V2,DEVELOPMENT,TRUE
P0000682,2026-05-21,D0035,S006,296,9.66,2859.36,SIMULATED_REEM_V2,DEVELOPMENT,TRUE
P0000683,2026-05-21,D0038,S008,155,2.97,460.35,SIMULATED_REEM_V2,DEVELOPMENT,TRUE
P0000684,2026-05-24,D0040,S002,50,39.04,1952.0,SIMULATED_REEM_V2,DEVELOPMENT,TRUE
P0000685,2026-05-27,D0017,S002,50,38.03,1901.5,SIMULATED_REEM_V2,DEVELOPMENT,TRUE
P0000686,2026-05-28,D0027,S010,449,18.01,8086.49,SIMULATED_REEM_V2,DEVELOPMENT,TRUE
P0000687,2026-05-31,D0031,S010,50,59.64,2982.0,SIMULATED_REEM_V2,DEVELOPMENT,TRUE
P0000688,2026-06-02,D0014,S004,50,17.01,850.5,SIMULATED_REEM_V2,DEVELOPMENT,TRUE
P0000689,2026-06-03,D0010,S003,51,39.17,1997.67,SIMULATED_REEM_V2,DEVELOPMENT,TRUE
P0000690,2026-06-03,D0024,S003,107,21.32,2281.24,SIMULATED_REEM_V2,DEVELOPMENT,TRUE
P0000691,2026-06-03,D0048,S007,414,35.18,14564.52,SIMULATED_REEM_V2,DEVELOPMENT,TRUE
P0000692,2026-06-05,D0030,S006,56,24.48,1370.88,SIMULATED_REEM_V2,DEVELOPMENT,TRUE
P0000693,2026-06-06,D0041,S009,53,77.08,4085.24,SIMULATED_REEM_V2,DEVELOPMENT,TRUE
P0000694,2026-06-10,D0001,S005,400,9.06,3624.0,SIMULATED_REEM_V2,DEVELOPMENT,TRUE
P0000695,2026-06-10,D0016,S004,389,38.64,15030.96,SIMULATED_REEM_V2,DEVELOPMENT,TRUE
P0000696,2026-06-10,D0042,S007,455,17.17,7812.35,SIMULATED_REEM_V2,DEVELOPMENT,TRUE
P0000697,2026-06-14,D0006,S010,108,48.96,5287.68,SIMULATED_REEM_V2,DEVELOPMENT,TRUE
P0000698,2026-06-14,D0007,S007,162,62.48,10121.76,SIMULATED_REEM_V2,DEVELOPMENT,TRUE
P0000699,2026-06-17,D0009,S007,319,18.02,5748.38,SIMULATED_REEM_V2,DEVELOPMENT,TRUE
P0000700,2026-06-19,D0050,S003,187,18.95,3543.65,SIMULATED_REEM_V2,DEVELOPMENT,TRUE
P0000701,2026-06-23,D0003,S005,137,71.4,9781.8,SIMULATED_REEM_V2,DEVELOPMENT,TRUE
P0000702,2026-06-26,D0021,S002,426,44.94,19144.44,SIMULATED_REEM_V2,DEVELOPMENT,TRUE
P0000703,2026-06-27,D0018,S005,426,64.47,27464.22,SIMULATED_REEM_V2,DEVELOPMENT,TRUE
P0000704,2026-06-28,D0034,S004,95,28.69,2725.55,SIMULATED_REEM_V2,DEVELOPMENT,TRUE
P0000705,2026-06-28,D0039,S010,53,47.42,2513.26,SIMULATED_REEM_V2,DEVELOPMENT,TRUE
P0000706,2026-07-01,D0043,S005,455,30.28,13777.4,SIMULATED_REEM_V2,DEVELOPMENT,TRUE
P0000707,2026-07-01,D0047,S004,52,27.69,1439.88,SIMULATED_REEM_V2,DEVELOPMENT,TRUE
P0000708,2026-07-02,D0045,S005,50,45.28,2264.0,SIMULATED_REEM_V2,DEVELOPMENT,TRUE
P0000709,2026-07-05,D0029,S008,257,10.85,2788.45,SIMULATED_REEM_V2,DEVELOPMENT,TRUE
P0000710,2026-07-08,D0027,S008,449,18.01,8086.49,SIMULATED_REEM_V2,DEVELOPMENT,TRUE
P0000711,2026-07-08,D0037,S005,52,37.45,1947.4,SIMULATED_REEM_V2,DEVELOPMENT,TRUE
P0000712,2026-07-09,D0049,S009,88,67.45,5935.6,SIMULATED_REEM_V2,DEVELOPMENT,TRUE
P0000713,2026-07-10,D0033,S002,50,50.94,2547.0,SIMULATED_REEM_V2,DEVELOPMENT,TRUE
P0000714,2026-07-10,D0046,S002,218,39.85,8687.3,SIMULATED_REEM_V2,DEVELOPMENT,TRUE
P0000715,2026-07-11,D0022,S008,50,30.61,1530.5,SIMULATED_REEM_V2,DEVELOPMENT,TRUE
P0000716,2026-07-11,D0026,S007,50,69.33,3466.5,SIMULATED_REEM_V2,DEVELOPMENT,TRUE
P0000717,2026-07-13,D0011,S001,279,41.44,11561.76,SIMULATED_REEM_V2,DEVELOPMENT,TRUE
P0000718,2026-07-15,D0005,S002,318,40.16,12770.88,SIMULATED_REEM_V2,DEVELOPMENT,TRUE
P0000719,2026-07-15,D0032,S004,178,46.34,8248.52,SIMULATED_REEM_V2,DEVELOPMENT,TRUE
P0000720,2026-07-16,D0008,S003,50,49.74,2487.0,SIMULATED_REEM_V2,DEVELOPMENT,TRUE
P0000721,2026-07-20,D0038,S008,155,2.97,460.35,SIMULATED_REEM_V2,DEVELOPMENT,TRUE
P0000722,2026-07-25,D0035,S008,296,9.66,2859.36,SIMULATED_REEM_V2,DEVELOPMENT,TRUE
P0000723,2026-07-28,D0024,S005,107,21.32,2281.24,SIMULATED_REEM_V2,DEVELOPMENT,TRUE
P0000724,2026-07-29,D0017,S004,50,38.03,1901.5,SIMULATED_REEM_V2,DEVELOPMENT,TRUE
P0000725,2026-07-29,D0041,S005,53,77.08,4085.24,SIMULATED_REEM_V2,DEVELOPMENT,TRUE
P0000726,2026-07-29,D0048,S002,414,35.18,14564.52,SIMULATED_REEM_V2,DEVELOPMENT,TRUE
P0000727,2026-07-31,D0001,S004,400,9.06,3624.0,SIMULATED_REEM_V2,DEVELOPMENT,TRUE
P0000728,2026-08-03,D0010,S008,51,39.17,1997.67,SIMULATED_REEM_V2,DEVELOPMENT,TRUE
P0000729,2026-08-04,D0030,S006,56,24.48,1370.88,SIMULATED_REEM_V2,DEVELOPMENT,TRUE
P0000730,2026-08-05,D0042,S003,455,17.17,7812.35,SIMULATED_REEM_V2,DEVELOPMENT,TRUE
P0000731,2026-08-07,D0016,S005,389,38.64,15030.96,SIMULATED_REEM_V2,DEVELOPMENT,TRUE
P0000732,2026-08-10,D0013,S008,50,23.69,1184.5,SIMULATED_REEM_V2,DEVELOPMENT,TRUE
P0000733,2026-08-12,D0006,S002,108,48.96,5287.68,SIMULATED_REEM_V2,DEVELOPMENT,TRUE
P0000734,2026-08-14,D0007,S005,162,62.48,10121.76,SIMULATED_REEM_V2,DEVELOPMENT,TRUE
P0000735,2026-08-16,D0009,S003,319,18.02,5748.38,SIMULATED_REEM_V2,DEVELOPMENT,TRUE
P0000736,2026-08-19,D0014,S003,50,17.01,850.5,SIMULATED_REEM_V2,DEVELOPMENT,TRUE
P0000737,2026-08-20,D0003,S001,137,71.4,9781.8,SIMULATED_REEM_V2,DEVELOPMENT,TRUE
P0000738,2026-08-24,D0021,S002,426,44.94,19144.44,SIMULATED_REEM_V2,DEVELOPMENT,TRUE
P0000739,2026-08-26,D0043,S004,455,30.28,13777.4,SIMULATED_REEM_V2,DEVELOPMENT,TRUE
P0000740,2026-08-29,D0050,S009,187,18.95,3543.65,SIMULATED_REEM_V2,DEVELOPMENT,TRUE
P0000741,2026-09-02,D0029,S007,257,10.85,2788.45,SIMULATED_REEM_V2,DEVELOPMENT,TRUE
P0000742,2026-09-02,D0039,S008,53,47.42,2513.26,SIMULATED_REEM_V2,DEVELOPMENT,TRUE
P0000743,2026-09-04,D0027,S003,449,18.01,8086.49,SIMULATED_REEM_V2,DEVELOPMENT,TRUE
P0000744,2026-09-08,D0018,S009,426,64.47,27464.22,SIMULATED_REEM_V2,DEVELOPMENT,TRUE
P0000745,2026-09-08,D0034,S007,95,28.69,2725.55,SIMULATED_REEM_V2,DEVELOPMENT,TRUE
