ReturnID,Timestamp,SaleID,DrugID,Quantity,Reason,DataSource,DataStatus,NotOperationalEvidence
RET0000001,2023-01-02T14:19:00,SALE00000066,D0047,1,WrongItem,SIMULATED_REEM_V2,DEVELOPMENT,TRUE
RET0000002,2023-01-06T12:34:00,SALE00000214,D0049,1,DamagedPackage,SIMULATED_REEM_V2,DEVELOPMENT,TRUE
RET0000003,2023-01-08T10:22:00,SALE00000269,D0035,1,DamagedPackage,SIMULATED_REEM_V2,DEVELOPMENT,TRUE
RET0000004,2023-01-09T16:35:00,SALE00000295,D0018,1,CustomerReturn,SIMULATED_REEM_V2,DEVELOPMENT,TRUE
RET0000005,2023-01-09T12:55:00,SALE00000296,D0019,1,CustomerReturn,SIMULATED_REEM_V2,DEVELOPMENT,TRUE
RET0000006,2023-01-10T20:14:00,SALE00000344,D0034,1,WrongItem,SIMULATED_REEM_V2,DEVELOPMENT,TRUE
RET0000007,2023-01-13T12:14:00,SALE00000461,D0050,1,CustomerReturn,SIMULATED_REEM_V2,DEVELOPMENT,TRUE
RET0000008,2023-01-14T16:18:00,SALE00000464,D0005,1,DamagedPackage,SIMULATED_REEM_V2,DEVELOPMENT,TRUE
RET0000009,2023-01-14T15:52:00,SALE00000467,D0008,1,CustomerReturn,SIMULATED_REEM_V2,DEVELOPMENT,TRUE
RET0000010,2023-01-15T20:00:00,SALE00000503,D0016,1,WrongItem,SIMULATED_REEM_V2,DEVELOPMENT,TRUE
RET0000011,2023-01-20T20:00:00,SALE00000706,D0049,1,DamagedPackage,SIMULATED_REEM_V2,DEVELOPMENT,TRUE
RET0000012,2023-01-24T09:12:00,SALE00000855,D0049,1,CustomerReturn,SIMULATED_REEM_V2,DEVELOPMENT,TRUE
RET0000013,2023-01-25T08:03:00,SALE00000882,D0040,1,WrongItem,SIMULATED_REEM_V2,DEVELOPMENT,TRUE
RET0000014,2023-01-28T14:12:00,SALE00000963,D0010,1,WrongItem,SIMULATED_REEM_V2,DEVELOPMENT,TRUE
RET0000015,2023-01-28T08:52:00,SALE00000975,D0030,1,CustomerReturn,SIMULATED_REEM_V2,DEVELOPMENT,TRUE
RET0000016,2023-01-29T08:01:00,SALE00001008,D0030,1,WrongItem,SIMULATED_REEM_V2,DEVELOPMENT,TRUE
RET0000017,2023-02-01T11:46:00,SALE00001129,D0041,1,WrongItem,SIMULATED_REEM_V2,DEVELOPMENT,TRUE
RET0000018,2023-02-02T16:18:00,SALE00001145,D0016,1,DamagedPackage,SIMULATED_REEM_V2,DEVELOPMENT,TRUE
RET0000019,2023-02-03T16:04:00,SALE00001192,D0031,1,CustomerReturn,SIMULATED_REEM_V2,DEVELOPMENT,TRUE
RET0000020,2023-02-04T09:58:00,SALE00001229,D0029,1,WrongItem,SIMULATED_REEM_V2,DEVELOPMENT,TRUE
RET0000021,2023-02-06T21:57:00,SALE00001299,D0018,1,DamagedPackage,SIMULATED_REEM_V2,DEVELOPMENT,TRUE
RET0000022,2023-02-07T19:06:00,SALE00001346,D0029,1,CustomerReturn,SIMULATED_REEM_V2,DEVELOPMENT,TRUE
RET0000023,2023-02-11T16:01:00,SALE00001482,D0018,1,CustomerReturn,SIMULATED_REEM_V2,DEVELOPMENT,TRUE
RET0000024,2023-02-12T21:34:00,SALE00001538,D0049,1,DamagedPackage,SIMULATED_REEM_V2,DEVELOPMENT,TRUE
RET0000025,2023-02-18T11:36:00,SALE00001736,D0007,1,CustomerReturn,SIMULATED_REEM_V2,DEVELOPMENT,TRUE
RET0000026,2023-02-24T11:21:00,SALE00001964,D0011,1,WrongItem,SIMULATED_REEM_V2,DEVELOPMENT,TRUE
RET0000027,2023-02-26T11:35:00,SALE00002063,D0042,1,WrongItem,SIMULATED_REEM_V2,DEVELOPMENT,TRUE
RET0000028,2023-02-27T19:16:00,SALE00002071,D0001,1,DamagedPackage,SIMULATED_REEM_V2,DEVELOPMENT,TRUE
RET0000029,2023-02-27T08:03:00,SALE00002073,D0005,1,WrongItem,SIMULATED_REEM_V2,DEVELOPMENT,TRUE
RET0000030,2023-02-27T11:58:00,SALE00002093,D0033,1,CustomerReturn,SIMULATED_REEM_V2,DEVELOPMENT,TRUE
RET0000031,2023-02-28T13:47:00,SALE00002107,D0001,1,DamagedPackage,SIMULATED_REEM_V2,DEVELOPMENT,TRUE
RET0000032,2023-02-28T11:10:00,SALE00002145,D0049,1,DamagedPackage,SIMULATED_REEM_V2,DEVELOPMENT,TRUE
RET0000033,2023-03-05T17:38:00,SALE00002321,D0026,1,DamagedPackage,SIMULATED_REEM_V2,DEVELOPMENT,TRUE
RET0000034,2023-03-06T16:23:00,SALE00002353,D0023,1,CustomerReturn,SIMULATED_REEM_V2,DEVELOPMENT,TRUE
RET0000035,2023-03-08T17:17:00,SALE00002413,D0007,1,DamagedPackage,SIMULATED_REEM_V2,DEVELOPMENT,TRUE
RET0000036,2023-03-09T11:02:00,SALE00002482,D0048,1,WrongItem,SIMULATED_REEM_V2,DEVELOPMENT,TRUE
RET0000037,2023-03-11T20:59:00,SALE00002539,D0024,1,WrongItem,SIMULATED_REEM_V2,DEVELOPMENT,TRUE
RET0000038,2023-03-11T13:02:00,SALE00002541,D0027,1,CustomerReturn,SIMULATED_REEM_V2,DEVELOPMENT,TRUE
RET0000039,2023-03-14T16:47:00,SALE00002670,D0046,1,DamagedPackage,SIMULATED_REEM_V2,DEVELOPMENT,TRUE
RET0000040,2023-03-16T14:55:00,SALE00002735,D0032,1,CustomerReturn,SIMULATED_REEM_V2,DEVELOPMENT,TRUE
RET0000041,2023-03-21T15:37:00,SALE00002923,D0035,1,DamagedPackage,SIMULATED_REEM_V2,DEVELOPMENT,TRUE
RET0000042,2023-03-22T15:18:00,SALE00002957,D0029,1,CustomerReturn,SIMULATED_REEM_V2,DEVELOPMENT,TRUE
RET0000043,2023-03-24T20:56:00,SALE00003030,D0029,1,CustomerReturn,SIMULATED_REEM_V2,DEVELOPMENT,TRUE
RET0000044,2023-03-25T15:22:00,SALE00003062,D0018,1,DamagedPackage,SIMULATED_REEM_V2,DEVELOPMENT,TRUE
RET0000045,2023-03-25T20:44:00,SALE00003079,D0042,1,WrongItem,SIMULATED_REEM_V2,DEVELOPMENT,TRUE
RET0000046,2023-03-26T11:13:00,SALE00003113,D0040,1,DamagedPackage,SIMULATED_REEM_V2,DEVELOPMENT,TRUE
RET0000047,2023-03-28T13:50:00,SALE00003166,D0008,1,CustomerReturn,SIMULATED_REEM_V2,DEVELOPMENT,TRUE
RET0000048,2023-03-29T17:43:00,SALE00003202,D0005,1,WrongItem,SIMULATED_REEM_V2,DEVELOPMENT,TRUE
RET0000049,2023-03-30T20:15:00,SALE00003248,D0022,1,DamagedPackage,SIMULATED_REEM_V2,DEVELOPMENT,TRUE
RET0000050,2023-03-31T17:20:00,SALE00003294,D0029,1,DamagedPackage,SIMULATED_REEM_V2,DEVELOPMENT,TRUE
RET0000051,2023-04-01T21:06:00,SALE00003328,D0029,1,CustomerReturn,SIMULATED_REEM_V2,DEVELOPMENT,TRUE
RET0000052,2023-04-02T08:51:00,SALE00003351,D0013,1,WrongItem,SIMULATED_REEM_V2,DEVELOPMENT,TRUE
RET0000053,2023-04-04T20:40:00,SALE00003443,D0037,1,WrongItem,SIMULATED_REEM_V2,DEVELOPMENT,TRUE
RET0000054,2023-04-05T14:43:00,SALE00003467,D0020,1,CustomerReturn,SIMULATED_REEM_V2,DEVELOPMENT,TRUE
RET0000055,2023-04-08T14:59:00,SALE00003570,D0006,1,WrongItem,SIMULATED_REEM_V2,DEVELOPMENT,TRUE
RET0000056,2023-04-08T14:06:00,SALE00003601,D0047,1,CustomerReturn,SIMULATED_REEM_V2,DEVELOPMENT,TRUE
RET0000057,2023-04-09T14:14:00,SALE00003612,D0011,1,DamagedPackage,SIMULATED_REEM_V2,DEVELOPMENT,TRUE
RET0000058,2023-04-12T20:55:00,SALE00003724,D0006,1,WrongItem,SIMULATED_REEM_V2,DEVELOPMENT,TRUE
RET0000059,2023-04-13T14:50:00,SALE00003787,D0041,1,DamagedPackage,SIMULATED_REEM_V2,DEVELOPMENT,TRUE
RET0000060,2023-04-16T15:32:00,SALE00003868,D0005,1,WrongItem,SIMULATED_REEM_V2,DEVELOPMENT,TRUE
RET0000061,2023-04-17T15:06:00,SALE00003917,D0018,1,WrongItem,SIMULATED_REEM_V2,DEVELOPMENT,TRUE
RET0000062,2023-04-21T15:06:00,SALE00004078,D0033,1,DamagedPackage,SIMULATED_REEM_V2,DEVELOPMENT,TRUE
RET0000063,2023-04-23T20:26:00,SALE00004161,D0043,1,WrongItem,SIMULATED_REEM_V2,DEVELOPMENT,TRUE
RET0000064,2023-04-25T16:36:00,SALE00004242,D0049,1,WrongItem,SIMULATED_REEM_V2,DEVELOPMENT,TRUE
RET0000065,2023-04-27T16:47:00,SALE00004296,D0022,1,DamagedPackage,SIMULATED_REEM_V2,DEVELOPMENT,TRUE
RET0000066,2023-04-30T08:24:00,SALE00004420,D0039,1,DamagedPackage,SIMULATED_REEM_V2,DEVELOPMENT,TRUE
RET0000067,2023-05-01T09:48:00,SALE00004438,D0012,1,WrongItem,SIMULATED_REEM_V2,DEVELOPMENT,TRUE
RET0000068,2023-05-01T20:25:00,SALE00004448,D0027,1,DamagedPackage,SIMULATED_REEM_V2,DEVELOPMENT,TRUE
RET0000069,2023-05-03T21:43:00,SALE00004535,D0047,1,WrongItem,SIMULATED_REEM_V2,DEVELOPMENT,TRUE
RET0000070,2023-05-04T13:52:00,SALE00004572,D0046,1,CustomerReturn,SIMULATED_REEM_V2,DEVELOPMENT,TRUE
RET0000071,2023-05-05T16:04:00,SALE00004600,D0035,1,WrongItem,SIMULATED_REEM_V2,DEVELOPMENT,TRUE
RET0000072,2023-05-06T17:45:00,SALE00004634,D0034,1,CustomerReturn,SIMULATED_REEM_V2,DEVELOPMENT,TRUE
RET0000073,2023-05-06T14:48:00,SALE00004638,D0040,1,CustomerReturn,SIMULATED_REEM_V2,DEVELOPMENT,TRUE
RET0000074,2023-05-11T12:27:00,SALE00004803,D0016,1,WrongItem,SIMULATED_REEM_V2,DEVELOPMENT,TRUE
RET0000075,2023-05-11T14:30:00,SALE00004820,D0038,1,WrongItem,SIMULATED_REEM_V2,DEVELOPMENT,TRUE
RET0000076,2023-05-13T13:24:00,SALE00004885,D0023,1,DamagedPackage,SIMULATED_REEM_V2,DEVELOPMENT,TRUE
RET0000077,2023-05-13T13:04:00,SALE00004891,D0032,1,WrongItem,SIMULATED_REEM_V2,DEVELOPMENT,TRUE
RET0000078,2023-05-17T08:19:00,SALE00005028,D0016,1,DamagedPackage,SIMULATED_REEM_V2,DEVELOPMENT,TRUE
RET0000079,2023-05-17T15:37:00,SALE00005034,D0027,1,CustomerReturn,SIMULATED_REEM_V2,DEVELOPMENT,TRUE
RET0000080,2023-05-18T18:50:00,SALE00005072,D0022,1,DamagedPackage,SIMULATED_REEM_V2,DEVELOPMENT,TRUE
RET0000081,2023-05-19T14:01:00,SALE00005118,D0043,1,DamagedPackage,SIMULATED_REEM_V2,DEVELOPMENT,TRUE
RET0000082,2023-05-19T15:47:00,SALE00005121,D0048,1,DamagedPackage,SIMULATED_REEM_V2,DEVELOPMENT,TRUE
RET0000083,2023-05-21T12:57:00,SALE00005194,D0050,1,DamagedPackage,SIMULATED_REEM_V2,DEVELOPMENT,TRUE
RET0000084,2023-05-23T13:08:00,SALE00005233,D0001,1,WrongItem,SIMULATED_REEM_V2,DEVELOPMENT,TRUE
RET0000085,2023-05-23T17:47:00,SALE00005272,D0049,1,DamagedPackage,SIMULATED_REEM_V2,DEVELOPMENT,TRUE
RET0000086,2023-05-27T10:20:00,SALE00005401,D0018,1,WrongItem,SIMULATED_REEM_V2,DEVELOPMENT,TRUE
RET0000087,2023-05-28T14:37:00,SALE00005462,D0049,1,CustomerReturn,SIMULATED_REEM_V2,DEVELOPMENT,TRUE
RET0000088,2023-05-30T08:27:00,SALE00005533,D0043,1,WrongItem,SIMULATED_REEM_V2,DEVELOPMENT,TRUE
RET0000089,2023-06-01T21:33:00,SALE00005604,D0039,1,WrongItem,SIMULATED_REEM_V2,DEVELOPMENT,TRUE
RET0000090,2023-06-02T11:09:00,SALE00005639,D0042,1,WrongItem,SIMULATED_REEM_V2,DEVELOPMENT,TRUE
RET0000091,2023-06-03T20:38:00,SALE00005674,D0046,1,WrongItem,SIMULATED_REEM_V2,DEVELOPMENT,TRUE
RET0000092,2023-06-05T09:27:00,SALE00005738,D0035,1,CustomerReturn,SIMULATED_REEM_V2,DEVELOPMENT,TRUE
RET0000093,2023-06-07T15:09:00,SALE00005798,D0019,1,DamagedPackage,SIMULATED_REEM_V2,DEVELOPMENT,TRUE
RET0000094,2023-06-08T19:44:00,SALE00005850,D0041,1,CustomerReturn,SIMULATED_REEM_V2,DEVELOPMENT,TRUE
RET0000095,2023-06-09T11:12:00,SALE00005886,D0039,1,CustomerReturn,SIMULATED_REEM_V2,DEVELOPMENT,TRUE
RET0000096,2023-06-12T13:11:00,SALE00005969,D0011,1,CustomerReturn,SIMULATED_REEM_V2,DEVELOPMENT,TRUE
RET0000097,2023-06-16T15:03:00,SALE00006137,D0043,1,CustomerReturn,SIMULATED_REEM_V2,DEVELOPMENT,TRUE
RET0000098,2023-06-17T09:00:00,SALE00006161,D0027,1,WrongItem,SIMULATED_REEM_V2,DEVELOPMENT,TRUE
RET0000099,2023-06-24T08:44:00,SALE00006399,D0022,1,CustomerReturn,SIMULATED_REEM_V2,DEVELOPMENT,TRUE
RET0000100,2023-06-24T14:08:00,SALE00006415,D0049,1,DamagedPackage,SIMULATED_REEM_V2,DEVELOPMENT,TRUE
RET0000101,2023-06-30T13:39:00,SALE00006604,D0001,1,CustomerReturn,SIMULATED_REEM_V2,DEVELOPMENT,TRUE
RET0000102,2023-07-02T14:22:00,SALE00006695,D0024,1,DamagedPackage,SIMULATED_REEM_V2,DEVELOPMENT,TRUE
RET0000103,2023-07-03T13:12:00,SALE00006737,D0034,1,WrongItem,SIMULATED_REEM_V2,DEVELOPMENT,TRUE
RET0000104,2023-07-05T09:54:00,SALE00006793,D0014,1,DamagedPackage,SIMULATED_REEM_V2,DEVELOPMENT,TRUE
RET0000105,2023-07-07T08:38:00,SALE00006859,D0009,1,WrongItem,SIMULATED_REEM_V2,DEVELOPMENT,TRUE
RET0000106,2023-07-08T14:29:00,SALE00006910,D0038,1,DamagedPackage,SIMULATED_REEM_V2,DEVELOPMENT,TRUE
RET0000107,2023-07-14T19:18:00,SALE00007116,D0042,1,DamagedPackage,SIMULATED_REEM_V2,DEVELOPMENT,TRUE
RET0000108,2023-07-16T15:59:00,SALE00007161,D0009,1,WrongItem,SIMULATED_REEM_V2,DEVELOPMENT,TRUE
RET0000109,2023-07-18T20:36:00,SALE00007245,D0042,1,WrongItem,SIMULATED_REEM_V2,DEVELOPMENT,TRUE
RET0000110,2023-07-26T08:54:00,SALE00007503,D0022,1,WrongItem,SIMULATED_REEM_V2,DEVELOPMENT,TRUE
RET0000111,2023-07-27T08:13:00,SALE00007534,D0018,1,WrongItem,SIMULATED_REEM_V2,DEVELOPMENT,TRUE
RET0000112,2023-07-30T20:40:00,SALE00007641,D0038,1,DamagedPackage,SIMULATED_REEM_V2,DEVELOPMENT,TRUE
RET0000113,2023-07-30T17:22:00,SALE00007651,D0050,1,CustomerReturn,SIMULATED_REEM_V2,DEVELOPMENT,TRUE
RET0000114,2023-07-31T10:38:00,SALE00007652,D0001,1,CustomerReturn,SIMULATED_REEM_V2,DEVELOPMENT,TRUE
RET0000115,2023-07-31T10:39:00,SALE00007655,D0006,1,DamagedPackage,SIMULATED_REEM_V2,DEVELOPMENT,TRUE
RET0000116,2023-08-02T15:16:00,SALE00007733,D0032,1,DamagedPackage,SIMULATED_REEM_V2,DEVELOPMENT,TRUE
RET0000117,2023-08-03T09:36:00,SALE00007752,D0008,1,CustomerReturn,SIMULATED_REEM_V2,DEVELOPMENT,TRUE
RET0000118,2023-08-07T10:57:00,SALE00007889,D0008,1,WrongItem,SIMULATED_REEM_V2,DEVELOPMENT,TRUE
RET0000119,2023-08-07T09:34:00,SALE00007913,D0046,1,CustomerReturn,SIMULATED_REEM_V2,DEVELOPMENT,TRUE
RET0000120,2023-08-09T17:42:00,SALE00007984,D0043,1,CustomerReturn,SIMULATED_REEM_V2,DEVELOPMENT,TRUE
RET0000121,2023-08-10T17:51:00,SALE00008002,D0021,1,WrongItem,SIMULATED_REEM_V2,DEVELOPMENT,TRUE
RET0000122,2023-08-13T20:04:00,SALE00008089,D0005,1,WrongItem,SIMULATED_REEM_V2,DEVELOPMENT,TRUE
RET0000123,2023-08-13T16:22:00,SALE00008091,D0007,1,WrongItem,SIMULATED_REEM_V2,DEVELOPMENT,TRUE
RET0000124,2023-08-15T11:40:00,SALE00008177,D0043,1,WrongItem,SIMULATED_REEM_V2,DEVELOPMENT,TRUE
RET0000125,2023-08-17T19:25:00,SALE00008253,D0050,1,WrongItem,SIMULATED_REEM_V2,DEVELOPMENT,TRUE
RET0000126,2023-08-18T10:31:00,SALE00008257,D0006,1,WrongItem,SIMULATED_REEM_V2,DEVELOPMENT,TRUE
RET0000127,2023-08-21T18:56:00,SALE00008360,D0013,1,DamagedPackage,SIMULATED_REEM_V2,DEVELOPMENT,TRUE
RET0000128,2023-08-22T21:29:00,SALE00008405,D0032,1,DamagedPackage,SIMULATED_REEM_V2,DEVELOPMENT,TRUE
RET0000129,2023-08-23T14:11:00,SALE00008428,D0016,1,CustomerReturn,SIMULATED_REEM_V2,DEVELOPMENT,TRUE
RET0000130,2023-08-25T18:39:00,SALE00008512,D0041,1,WrongItem,SIMULATED_REEM_V2,DEVELOPMENT,TRUE
RET0000131,2023-08-28T21:15:00,SALE00008594,D0014,1,DamagedPackage,SIMULATED_REEM_V2,DEVELOPMENT,TRUE
RET0000132,2023-08-29T16:50:00,SALE00008622,D0005,1,WrongItem,SIMULATED_REEM_V2,DEVELOPMENT,TRUE
RET0000133,2023-08-30T13:02:00,SALE00008665,D0026,1,DamagedPackage,SIMULATED_REEM_V2,DEVELOPMENT,TRUE
RET0000134,2023-09-04T09:19:00,SALE00008813,D0001,1,CustomerReturn,SIMULATED_REEM_V2,DEVELOPMENT,TRUE
RET0000135,2023-09-05T10:25:00,SALE00008855,D0007,1,WrongItem,SIMULATED_REEM_V2,DEVELOPMENT,TRUE
RET0000136,2023-09-07T19:44:00,SALE00008919,D0006,1,WrongItem,SIMULATED_REEM_V2,DEVELOPMENT,TRUE
RET0000137,2023-09-09T16:11:00,SALE00008990,D0009,1,DamagedPackage,SIMULATED_REEM_V2,DEVELOPMENT,TRUE
RET0000138,2023-09-10T15:06:00,SALE00009027,D0018,1,CustomerReturn,SIMULATED_REEM_V2,DEVELOPMENT,TRUE
RET0000139,2023-09-11T15:49:00,SALE00009047,D0002,1,WrongItem,SIMULATED_REEM_V2,DEVELOPMENT,TRUE
RET0000140,2023-09-14T18:53:00,SALE00009157,D0023,1,DamagedPackage,SIMULATED_REEM_V2,DEVELOPMENT,TRUE
RET0000141,2023-09-16T16:14:00,SALE00009228,D0025,1,CustomerReturn,SIMULATED_REEM_V2,DEVELOPMENT,TRUE
RET0000142,2023-09-18T17:07:00,SALE00009290,D0022,1,CustomerReturn,SIMULATED_REEM_V2,DEVELOPMENT,TRUE
RET0000143,2023-09-19T17:54:00,SALE00009315,D0010,1,WrongItem,SIMULATED_REEM_V2,DEVELOPMENT,TRUE
RET0000144,2023-09-20T11:23:00,SALE00009353,D0034,1,DamagedPackage,SIMULATED_REEM_V2,DEVELOPMENT,TRUE
RET0000145,2023-09-20T13:20:00,SALE00009361,D0048,1,WrongItem,SIMULATED_REEM_V2,DEVELOPMENT,TRUE
RET0000146,2023-09-22T08:02:00,SALE00009404,D0007,1,CustomerReturn,SIMULATED_REEM_V2,DEVELOPMENT,TRUE
RET0000147,2023-09-24T08:27:00,SALE00009489,D0042,1,WrongItem,SIMULATED_REEM_V2,DEVELOPMENT,TRUE
RET0000148,2023-09-30T20:42:00,SALE00009673,D0021,1,WrongItem,SIMULATED_REEM_V2,DEVELOPMENT,TRUE
RET0000149,2023-10-02T11:08:00,SALE00009733,D0021,1,CustomerReturn,SIMULATED_REEM_V2,DEVELOPMENT,TRUE
RET0000150,2023-10-06T11:20:00,SALE00009878,D0048,1,DamagedPackage,SIMULATED_REEM_V2,DEVELOPMENT,TRUE
RET0000151,2023-10-09T10:14:00,SALE00009958,D0016,1,WrongItem,SIMULATED_REEM_V2,DEVELOPMENT,TRUE
RET0000152,2023-10-13T21:43:00,SALE00010099,D0035,1,WrongItem,SIMULATED_REEM_V2,DEVELOPMENT,TRUE
RET0000153,2023-10-15T20:07:00,SALE00010159,D0038,1,DamagedPackage,SIMULATED_REEM_V2,DEVELOPMENT,TRUE
RET0000154,2023-10-15T08:35:00,SALE00010162,D0042,1,WrongItem,SIMULATED_REEM_V2,DEVELOPMENT,TRUE
RET0000155,2023-10-17T15:19:00,SALE00010204,D0005,1,WrongItem,SIMULATED_REEM_V2,DEVELOPMENT,TRUE
RET0000156,2023-10-18T10:41:00,SALE00010259,D0046,1,DamagedPackage,SIMULATED_REEM_V2,DEVELOPMENT,TRUE
RET0000157,2023-10-21T14:05:00,SALE00010339,D0013,1,CustomerReturn,SIMULATED_REEM_V2,DEVELOPMENT,TRUE
RET0000158,2023-10-24T21:36:00,SALE00010431,D0001,1,CustomerReturn,SIMULATED_REEM_V2,DEVELOPMENT,TRUE
RET0000159,2023-10-24T08:34:00,SALE00010463,D0042,1,WrongItem,SIMULATED_REEM_V2,DEVELOPMENT,TRUE
RET0000160,2023-10-25T09:43:00,SALE00010491,D0034,1,CustomerReturn,SIMULATED_REEM_V2,DEVELOPMENT,TRUE
RET0000161,2023-10-30T08:14:00,SALE00010636,D0010,1,DamagedPackage,SIMULATED_REEM_V2,DEVELOPMENT,TRUE
RET0000162,2023-11-01T09:47:00,SALE00010716,D0026,1,DamagedPackage,SIMULATED_REEM_V2,DEVELOPMENT,TRUE
RET0000163,2023-11-01T08:44:00,SALE00010721,D0034,1,WrongItem,SIMULATED_REEM_V2,DEVELOPMENT,TRUE
RET0000164,2023-11-01T09:19:00,SALE00010731,D0047,1,WrongItem,SIMULATED_REEM_V2,DEVELOPMENT,TRUE
RET0000165,2023-11-02T20:05:00,SALE00010752,D0032,1,WrongItem,SIMULATED_REEM_V2,DEVELOPMENT,TRUE
RET0000166,2023-11-02T09:24:00,SALE00010755,D0035,1,CustomerReturn,SIMULATED_REEM_V2,DEVELOPMENT,TRUE
RET0000167,2023-11-02T08:33:00,SALE00010760,D0042,1,DamagedPackage,SIMULATED_REEM_V2,DEVELOPMENT,TRUE
RET0000168,2023-11-05T21:08:00,SALE00010841,D0006,1,DamagedPackage,SIMULATED_REEM_V2,DEVELOPMENT,TRUE
RET0000169,2023-11-05T14:07:00,SALE00010851,D0029,1,DamagedPackage,SIMULATED_REEM_V2,DEVELOPMENT,TRUE
RET0000170,2023-11-07T09:31:00,SALE00010897,D0001,1,CustomerReturn,SIMULATED_REEM_V2,DEVELOPMENT,TRUE
RET0000171,2023-11-07T14:52:00,SALE00010923,D0034,1,CustomerReturn,SIMULATED_REEM_V2,DEVELOPMENT,TRUE
RET0000172,2023-11-08T15:26:00,SALE00010953,D0030,1,CustomerReturn,SIMULATED_REEM_V2,DEVELOPMENT,TRUE
RET0000173,2023-11-09T11:38:00,SALE00010993,D0035,1,WrongItem,SIMULATED_REEM_V2,DEVELOPMENT,TRUE
RET0000174,2023-11-10T16:56:00,SALE00011027,D0037,1,DamagedPackage,SIMULATED_REEM_V2,DEVELOPMENT,TRUE
RET0000175,2023-11-11T19:04:00,SALE00011041,D0006,1,WrongItem,SIMULATED_REEM_V2,DEVELOPMENT,TRUE
RET0000176,2023-11-11T16:24:00,SALE00011043,D0009,1,DamagedPackage,SIMULATED_REEM_V2,DEVELOPMENT,TRUE
RET0000177,2023-11-11T13:32:00,SALE00011066,D0042,1,DamagedPackage,SIMULATED_REEM_V2,DEVELOPMENT,TRUE
RET0000178,2023-11-13T10:53:00,SALE00011120,D0027,1,CustomerReturn,SIMULATED_REEM_V2,DEVELOPMENT,TRUE
RET0000179,2023-11-14T10:28:00,SALE00011151,D0021,1,CustomerReturn,SIMULATED_REEM_V2,DEVELOPMENT,TRUE
RET0000180,2023-11-15T21:24:00,SALE00011189,D0028,1,DamagedPackage,SIMULATED_REEM_V2,DEVELOPMENT,TRUE
RET0000181,2023-11-18T15:03:00,SALE00011281,D0015,1,DamagedPackage,SIMULATED_REEM_V2,DEVELOPMENT,TRUE
RET0000182,2023-11-19T16:14:00,SALE00011327,D0037,1,WrongItem,SIMULATED_REEM_V2,DEVELOPMENT,TRUE
RET0000183,2023-11-21T11:08:00,SALE00011384,D0022,1,WrongItem,SIMULATED_REEM_V2,DEVELOPMENT,TRUE
RET0000184,2023-11-23T10:07:00,SALE00011460,D0042,1,CustomerReturn,SIMULATED_REEM_V2,DEVELOPMENT,TRUE
RET0000185,2023-11-24T19:04:00,SALE00011485,D0029,1,CustomerReturn,SIMULATED_REEM_V2,DEVELOPMENT,TRUE
RET0000186,2023-12-01T17:01:00,SALE00011727,D0028,1,CustomerReturn,SIMULATED_REEM_V2,DEVELOPMENT,TRUE
RET0000187,2023-12-04T10:39:00,SALE00011828,D0047,1,DamagedPackage,SIMULATED_REEM_V2,DEVELOPMENT,TRUE
RET0000188,2023-12-06T08:22:00,SALE00011871,D0007,1,WrongItem,SIMULATED_REEM_V2,DEVELOPMENT,TRUE
RET0000189,2023-12-06T20:46:00,SALE00011876,D0013,1,WrongItem,SIMULATED_REEM_V2,DEVELOPMENT,TRUE
RET0000190,2023-12-07T15:03:00,SALE00011933,D0050,1,CustomerReturn,SIMULATED_REEM_V2,DEVELOPMENT,TRUE
RET0000191,2023-12-10T18:41:00,SALE00012003,D0003,1,CustomerReturn,SIMULATED_REEM_V2,DEVELOPMENT,TRUE
RET0000192,2023-12-10T18:58:00,SALE00012009,D0010,1,WrongItem,SIMULATED_REEM_V2,DEVELOPMENT,TRUE
RET0000193,2023-12-11T19:21:00,SALE00012049,D0030,1,CustomerReturn,SIMULATED_REEM_V2,DEVELOPMENT,TRUE
RET0000194,2023-12-14T16:49:00,SALE00012146,D0014,1,DamagedPackage,SIMULATED_REEM_V2,DEVELOPMENT,TRUE
RET0000195,2023-12-17T13:10:00,SALE00012277,D0050,1,CustomerReturn,SIMULATED_REEM_V2,DEVELOPMENT,TRUE
RET0000196,2023-12-18T21:38:00,SALE00012285,D0011,1,CustomerReturn,SIMULATED_REEM_V2,DEVELOPMENT,TRUE
RET0000197,2023-12-22T20:09:00,SALE00012438,D0035,1,DamagedPackage,SIMULATED_REEM_V2,DEVELOPMENT,TRUE
RET0000198,2023-12-23T21:38:00,SALE00012474,D0038,1,WrongItem,SIMULATED_REEM_V2,DEVELOPMENT,TRUE
RET0000199,2023-12-25T12:46:00,SALE00012528,D0014,1,CustomerReturn,SIMULATED_REEM_V2,DEVELOPMENT,TRUE
RET0000200,2023-12-27T15:47:00,SALE00012596,D0003,1,DamagedPackage,SIMULATED_REEM_V2,DEVELOPMENT,TRUE
RET0000201,2023-12-30T13:16:00,SALE00012709,D0018,1,DamagedPackage,SIMULATED_REEM_V2,DEVELOPMENT,TRUE
RET0000202,2023-12-30T21:06:00,SALE00012735,D0050,1,DamagedPackage,SIMULATED_REEM_V2,DEVELOPMENT,TRUE
RET0000203,2023-12-31T18:20:00,SALE00012755,D0030,1,CustomerReturn,SIMULATED_REEM_V2,DEVELOPMENT,TRUE
RET0000204,2024-01-01T11:55:00,SALE00012790,D0026,1,WrongItem,SIMULATED_REEM_V2,DEVELOPMENT,TRUE
RET0000205,2024-01-04T12:57:00,SALE00012890,D0016,1,DamagedPackage,SIMULATED_REEM_V2,DEVELOPMENT,TRUE
RET0000206,2024-01-04T20:37:00,SALE00012899,D0030,1,DamagedPackage,SIMULATED_REEM_V2,DEVELOPMENT,TRUE
RET0000207,2024-01-06T11:18:00,SALE00012966,D0024,1,WrongItem,SIMULATED_REEM_V2,DEVELOPMENT,TRUE
RET0000208,2024-01-06T21:50:00,SALE00012978,D0038,1,WrongItem,SIMULATED_REEM_V2,DEVELOPMENT,TRUE
RET0000209,2024-01-08T18:15:00,SALE00013030,D0016,1,WrongItem,SIMULATED_REEM_V2,DEVELOPMENT,TRUE
RET0000210,2024-01-10T11:13:00,SALE00013121,D0043,1,CustomerReturn,SIMULATED_REEM_V2,DEVELOPMENT,TRUE
RET0000211,2024-01-13T11:18:00,SALE00013209,D0011,1,DamagedPackage,SIMULATED_REEM_V2,DEVELOPMENT,TRUE
RET0000212,2024-01-15T21:16:00,SALE00013293,D0033,1,DamagedPackage,SIMULATED_REEM_V2,DEVELOPMENT,TRUE
RET0000213,2024-01-15T18:57:00,SALE00013301,D0043,1,DamagedPackage,SIMULATED_REEM_V2,DEVELOPMENT,TRUE
RET0000214,2024-01-15T18:46:00,SALE00013304,D0047,1,CustomerReturn,SIMULATED_REEM_V2,DEVELOPMENT,TRUE
RET0000215,2024-01-16T17:01:00,SALE00013346,D0050,1,WrongItem,SIMULATED_REEM_V2,DEVELOPMENT,TRUE
RET0000216,2024-01-18T21:58:00,SALE00013403,D0026,1,WrongItem,SIMULATED_REEM_V2,DEVELOPMENT,TRUE
RET0000217,2024-01-19T20:01:00,SALE00013439,D0020,1,DamagedPackage,SIMULATED_REEM_V2,DEVELOPMENT,TRUE
RET0000218,2024-01-20T17:28:00,SALE00013496,D0046,1,DamagedPackage,SIMULATED_REEM_V2,DEVELOPMENT,TRUE
RET0000219,2024-01-23T08:50:00,SALE00013574,D0001,1,WrongItem,SIMULATED_REEM_V2,DEVELOPMENT,TRUE
RET0000220,2024-01-23T14:32:00,SALE00013584,D0014,1,WrongItem,SIMULATED_REEM_V2,DEVELOPMENT,TRUE
RET0000221,2024-01-24T13:46:00,SALE00013626,D0022,1,DamagedPackage,SIMULATED_REEM_V2,DEVELOPMENT,TRUE
RET0000222,2024-01-27T16:08:00,SALE00013758,D0050,1,WrongItem,SIMULATED_REEM_V2,DEVELOPMENT,TRUE
RET0000223,2024-01-28T08:41:00,SALE00013773,D0020,1,WrongItem,SIMULATED_REEM_V2,DEVELOPMENT,TRUE
RET0000224,2024-01-29T19:55:00,SALE00013807,D0017,1,CustomerReturn,SIMULATED_REEM_V2,DEVELOPMENT,TRUE
RET0000225,2024-01-30T11:05:00,SALE00013846,D0021,1,WrongItem,SIMULATED_REEM_V2,DEVELOPMENT,TRUE
RET0000226,2024-02-04T19:16:00,SALE00014035,D0039,1,CustomerReturn,SIMULATED_REEM_V2,DEVELOPMENT,TRUE
RET0000227,2024-02-06T16:26:00,SALE00014082,D0001,1,WrongItem,SIMULATED_REEM_V2,DEVELOPMENT,TRUE
RET0000228,2024-02-06T21:05:00,SALE00014091,D0013,1,DamagedPackage,SIMULATED_REEM_V2,DEVELOPMENT,TRUE
RET0000229,2024-02-09T14:21:00,SALE00014212,D0029,1,CustomerReturn,SIMULATED_REEM_V2,DEVELOPMENT,TRUE
RET0000230,2024-02-11T16:14:00,SALE00014278,D0016,1,WrongItem,SIMULATED_REEM_V2,DEVELOPMENT,TRUE
RET0000231,2024-02-11T09:17:00,SALE00014293,D0038,1,CustomerReturn,SIMULATED_REEM_V2,DEVELOPMENT,TRUE
RET0000232,2024-02-13T16:08:00,SALE00014370,D0043,1,WrongItem,SIMULATED_REEM_V2,DEVELOPMENT,TRUE
RET0000233,2024-02-15T13:24:00,SALE00014416,D0006,1,DamagedPackage,SIMULATED_REEM_V2,DEVELOPMENT,TRUE
RET0000234,2024-02-18T11:11:00,SALE00014547,D0033,1,CustomerReturn,SIMULATED_REEM_V2,DEVELOPMENT,TRUE
RET0000235,2024-02-24T19:00:00,SALE00014769,D0032,1,WrongItem,SIMULATED_REEM_V2,DEVELOPMENT,TRUE
RET0000236,2024-02-27T20:00:00,SALE00014880,D0034,1,CustomerReturn,SIMULATED_REEM_V2,DEVELOPMENT,TRUE
RET0000237,2024-02-28T20:45:00,SALE00014898,D0007,1,CustomerReturn,SIMULATED_REEM_V2,DEVELOPMENT,TRUE
RET0000238,2024-02-28T12:42:00,SALE00014932,D0050,1,CustomerReturn,SIMULATED_REEM_V2,DEVELOPMENT,TRUE
RET0000239,2024-02-29T21:29:00,SALE00014948,D0022,1,CustomerReturn,SIMULATED_REEM_V2,DEVELOPMENT,TRUE
RET0000240,2024-03-01T11:02:00,SALE00014972,D0006,1,CustomerReturn,SIMULATED_REEM_V2,DEVELOPMENT,TRUE
RET0000241,2024-03-06T09:36:00,SALE00015156,D0009,1,WrongItem,SIMULATED_REEM_V2,DEVELOPMENT,TRUE
RET0000242,2024-03-09T13:32:00,SALE00015293,D0042,1,CustomerReturn,SIMULATED_REEM_V2,DEVELOPMENT,TRUE
RET0000243,2024-03-11T17:02:00,SALE00015341,D0007,1,WrongItem,SIMULATED_REEM_V2,DEVELOPMENT,TRUE
RET0000244,2024-03-13T16:29:00,SALE00015444,D0050,1,CustomerReturn,SIMULATED_REEM_V2,DEVELOPMENT,TRUE
RET0000245,2024-03-14T15:42:00,SALE00015457,D0015,1,WrongItem,SIMULATED_REEM_V2,DEVELOPMENT,TRUE
RET0000246,2024-03-14T13:32:00,SALE00015471,D0033,1,DamagedPackage,SIMULATED_REEM_V2,DEVELOPMENT,TRUE
RET0000247,2024-03-14T18:27:00,SALE00015479,D0043,1,CustomerReturn,SIMULATED_REEM_V2,DEVELOPMENT,TRUE
RET0000248,2024-03-14T19:39:00,SALE00015482,D0048,1,CustomerReturn,SIMULATED_REEM_V2,DEVELOPMENT,TRUE
RET0000249,2024-03-19T13:03:00,SALE00015651,D0015,1,CustomerReturn,SIMULATED_REEM_V2,DEVELOPMENT,TRUE
RET0000250,2024-03-19T12:14:00,SALE00015659,D0027,1,DamagedPackage,SIMULATED_REEM_V2,DEVELOPMENT,TRUE
RET0000251,2024-03-24T17:28:00,SALE00015835,D0011,1,CustomerReturn,SIMULATED_REEM_V2,DEVELOPMENT,TRUE
RET0000252,2024-03-24T13:07:00,SALE00015840,D0021,1,WrongItem,SIMULATED_REEM_V2,DEVELOPMENT,TRUE
RET0000253,2024-03-26T18:37:00,SALE00015905,D0007,1,DamagedPackage,SIMULATED_REEM_V2,DEVELOPMENT,TRUE
RET0000254,2024-03-26T09:21:00,SALE00015911,D0016,1,CustomerReturn,SIMULATED_REEM_V2,DEVELOPMENT,TRUE
RET0000255,2024-03-30T21:29:00,SALE00016058,D0001,1,WrongItem,SIMULATED_REEM_V2,DEVELOPMENT,TRUE
RET0000256,2024-04-01T16:55:00,SALE00016140,D0011,1,WrongItem,SIMULATED_REEM_V2,DEVELOPMENT,TRUE
RET0000257,2024-04-04T13:17:00,SALE00016267,D0032,1,CustomerReturn,SIMULATED_REEM_V2,DEVELOPMENT,TRUE
RET0000258,2024-04-05T15:04:00,SALE00016292,D0012,1,WrongItem,SIMULATED_REEM_V2,DEVELOPMENT,TRUE
RET0000259,2024-04-05T18:13:00,SALE00016320,D0049,1,CustomerReturn,SIMULATED_REEM_V2,DEVELOPMENT,TRUE
RET0000260,2024-04-07T17:51:00,SALE00016363,D0008,1,CustomerReturn,SIMULATED_REEM_V2,DEVELOPMENT,TRUE
RET0000261,2024-04-08T08:44:00,SALE00016429,D0045,1,WrongItem,SIMULATED_REEM_V2,DEVELOPMENT,TRUE
RET0000262,2024-04-09T17:21:00,SALE00016455,D0029,1,DamagedPackage,SIMULATED_REEM_V2,DEVELOPMENT,TRUE
RET0000263,2024-04-11T08:15:00,SALE00016518,D0006,1,CustomerReturn,SIMULATED_REEM_V2,DEVELOPMENT,TRUE
RET0000264,2024-04-15T08:27:00,SALE00016672,D0014,1,WrongItem,SIMULATED_REEM_V2,DEVELOPMENT,TRUE
RET0000265,2024-04-18T09:21:00,SALE00016799,D0039,1,WrongItem,SIMULATED_REEM_V2,DEVELOPMENT,TRUE
RET0000266,2024-04-21T19:15:00,SALE00016902,D0026,1,WrongItem,SIMULATED_REEM_V2,DEVELOPMENT,TRUE
RET0000267,2024-04-24T14:00:00,SALE00017003,D0005,1,DamagedPackage,SIMULATED_REEM_V2,DEVELOPMENT,TRUE
RET0000268,2024-04-24T13:28:00,SALE00017022,D0033,1,WrongItem,SIMULATED_REEM_V2,DEVELOPMENT,TRUE
RET0000269,2024-04-25T13:35:00,SALE00017041,D0004,1,CustomerReturn,SIMULATED_REEM_V2,DEVELOPMENT,TRUE
RET0000270,2024-04-26T09:12:00,SALE00017088,D0014,1,CustomerReturn,SIMULATED_REEM_V2,DEVELOPMENT,TRUE
RET0000271,2024-04-26T18:37:00,SALE00017089,D0016,1,WrongItem,SIMULATED_REEM_V2,DEVELOPMENT,TRUE
RET0000272,2024-04-28T17:03:00,SALE00017167,D0019,1,WrongItem,SIMULATED_REEM_V2,DEVELOPMENT,TRUE
RET0000273,2024-04-29T08:23:00,SALE00017219,D0040,1,WrongItem,SIMULATED_REEM_V2,DEVELOPMENT,TRUE
RET0000274,2024-05-01T16:50:00,SALE00017306,D0050,1,WrongItem,SIMULATED_REEM_V2,DEVELOPMENT,TRUE
RET0000275,2024-05-03T16:18:00,SALE00017358,D0021,1,DamagedPackage,SIMULATED_REEM_V2,DEVELOPMENT,TRUE
RET0000276,2024-05-05T09:55:00,SALE00017430,D0018,1,CustomerReturn,SIMULATED_REEM_V2,DEVELOPMENT,TRUE
RET0000277,2024-05-06T13:01:00,SALE00017487,D0040,1,DamagedPackage,SIMULATED_REEM_V2,DEVELOPMENT,TRUE
RET0000278,2024-05-07T20:56:00,SALE00017514,D0026,1,WrongItem,SIMULATED_REEM_V2,DEVELOPMENT,TRUE
RET0000279,2024-05-07T21:34:00,SALE00017522,D0035,1,WrongItem,SIMULATED_REEM_V2,DEVELOPMENT,TRUE
RET0000280,2024-05-12T19:34:00,SALE00017680,D0001,1,WrongItem,SIMULATED_REEM_V2,DEVELOPMENT,TRUE
RET0000281,2024-05-13T21:43:00,SALE00017736,D0028,1,CustomerReturn,SIMULATED_REEM_V2,DEVELOPMENT,TRUE
RET0000282,2024-05-13T11:42:00,SALE00017738,D0030,1,CustomerReturn,SIMULATED_REEM_V2,DEVELOPMENT,TRUE
RET0000283,2024-05-17T20:51:00,SALE00017886,D0032,1,CustomerReturn,SIMULATED_REEM_V2,DEVELOPMENT,TRUE
RET0000284,2024-05-21T14:22:00,SALE00018031,D0034,1,DamagedPackage,SIMULATED_REEM_V2,DEVELOPMENT,TRUE
RET0000285,2024-05-21T09:50:00,SALE00018040,D0046,1,CustomerReturn,SIMULATED_REEM_V2,DEVELOPMENT,TRUE
RET0000286,2024-05-23T17:42:00,SALE00018093,D0017,1,DamagedPackage,SIMULATED_REEM_V2,DEVELOPMENT,TRUE
RET0000287,2024-05-23T13:59:00,SALE00018099,D0027,1,WrongItem,SIMULATED_REEM_V2,DEVELOPMENT,TRUE
RET0000288,2024-05-25T16:29:00,SALE00018167,D0015,1,CustomerReturn,SIMULATED_REEM_V2,DEVELOPMENT,TRUE
RET0000289,2024-05-26T20:55:00,SALE00018218,D0041,1,WrongItem,SIMULATED_REEM_V2,DEVELOPMENT,TRUE
RET0000290,2024-06-04T19:04:00,SALE00018537,D0038,1,WrongItem,SIMULATED_REEM_V2,DEVELOPMENT,TRUE
RET0000291,2024-06-06T19:33:00,SALE00018606,D0030,1,DamagedPackage,SIMULATED_REEM_V2,DEVELOPMENT,TRUE
RET0000292,2024-06-06T21:20:00,SALE00018614,D0041,1,DamagedPackage,SIMULATED_REEM_V2,DEVELOPMENT,TRUE
RET0000293,2024-06-09T15:38:00,SALE00018700,D0008,1,DamagedPackage,SIMULATED_REEM_V2,DEVELOPMENT,TRUE
RET0000294,2024-06-12T10:16:00,SALE00018807,D0009,1,CustomerReturn,SIMULATED_REEM_V2,DEVELOPMENT,TRUE
RET0000295,2024-06-13T15:47:00,SALE00018864,D0047,1,DamagedPackage,SIMULATED_REEM_V2,DEVELOPMENT,TRUE
RET0000296,2024-06-14T19:03:00,SALE00018869,D0003,1,WrongItem,SIMULATED_REEM_V2,DEVELOPMENT,TRUE
RET0000297,2024-06-15T11:58:00,SALE00018937,D0042,1,WrongItem,SIMULATED_REEM_V2,DEVELOPMENT,TRUE
RET0000298,2024-06-16T10:07:00,SALE00018960,D0019,1,DamagedPackage,SIMULATED_REEM_V2,DEVELOPMENT,TRUE
RET0000299,2024-06-17T19:21:00,SALE00018995,D0021,1,DamagedPackage,SIMULATED_REEM_V2,DEVELOPMENT,TRUE
RET0000300,2024-06-24T13:54:00,SALE00019227,D0005,1,DamagedPackage,SIMULATED_REEM_V2,DEVELOPMENT,TRUE
RET0000301,2024-06-26T17:46:00,SALE00019332,D0045,1,CustomerReturn,SIMULATED_REEM_V2,DEVELOPMENT,TRUE
RET0000302,2024-06-27T13:46:00,SALE00019360,D0034,1,CustomerReturn,SIMULATED_REEM_V2,DEVELOPMENT,TRUE
RET0000303,2024-07-01T21:38:00,SALE00019491,D0027,1,WrongItem,SIMULATED_REEM_V2,DEVELOPMENT,TRUE
RET0000304,2024-07-06T21:04:00,SALE00019645,D0001,1,CustomerReturn,SIMULATED_REEM_V2,DEVELOPMENT,TRUE
RET0000305,2024-07-06T12:15:00,SALE00019672,D0043,1,DamagedPackage,SIMULATED_REEM_V2,DEVELOPMENT,TRUE
RET0000306,2024-07-10T08:55:00,SALE00019796,D0018,1,DamagedPackage,SIMULATED_REEM_V2,DEVELOPMENT,TRUE
RET0000307,2024-07-13T08:08:00,SALE00019902,D0027,1,WrongItem,SIMULATED_REEM_V2,DEVELOPMENT,TRUE
RET0000308,2024-07-15T16:32:00,SALE00019982,D0046,1,DamagedPackage,SIMULATED_REEM_V2,DEVELOPMENT,TRUE
RET0000309,2024-07-17T10:50:00,SALE00020039,D0021,1,CustomerReturn,SIMULATED_REEM_V2,DEVELOPMENT,TRUE
RET0000310,2024-07-17T15:35:00,SALE00020054,D0040,1,CustomerReturn,SIMULATED_REEM_V2,DEVELOPMENT,TRUE
RET0000311,2024-07-17T20:32:00,SALE00020062,D0050,1,CustomerReturn,SIMULATED_REEM_V2,DEVELOPMENT,TRUE
RET0000312,2024-07-20T10:42:00,SALE00020153,D0035,1,DamagedPackage,SIMULATED_REEM_V2,DEVELOPMENT,TRUE
RET0000313,2024-07-26T10:38:00,SALE00020363,D0040,1,CustomerReturn,SIMULATED_REEM_V2,DEVELOPMENT,TRUE
RET0000314,2024-07-30T10:50:00,SALE00020491,D0035,1,WrongItem,SIMULATED_REEM_V2,DEVELOPMENT,TRUE
RET0000315,2024-08-01T20:48:00,SALE00020535,D0001,1,DamagedPackage,SIMULATED_REEM_V2,DEVELOPMENT,TRUE
RET0000316,2024-08-03T08:02:00,SALE00020612,D0006,1,WrongItem,SIMULATED_REEM_V2,DEVELOPMENT,TRUE
RET0000317,2024-08-07T12:12:00,SALE00020745,D0008,1,WrongItem,SIMULATED_REEM_V2,DEVELOPMENT,TRUE
RET0000318,2024-08-09T08:42:00,SALE00020812,D0010,1,DamagedPackage,SIMULATED_REEM_V2,DEVELOPMENT,TRUE
RET0000319,2024-08-14T11:20:00,SALE00020995,D0032,1,WrongItem,SIMULATED_REEM_V2,DEVELOPMENT,TRUE
RET0000320,2024-08-17T21:20:00,SALE00021084,D0011,1,DamagedPackage,SIMULATED_REEM_V2,DEVELOPMENT,TRUE
RET0000321,2024-08-17T08:41:00,SALE00021109,D0046,1,DamagedPackage,SIMULATED_REEM_V2,DEVELOPMENT,TRUE
RET0000322,2024-08-21T16:01:00,SALE00021231,D0038,1,DamagedPackage,SIMULATED_REEM_V2,DEVELOPMENT,TRUE
RET0000323,2024-08-24T16:24:00,SALE00021329,D0042,1,CustomerReturn,SIMULATED_REEM_V2,DEVELOPMENT,TRUE
RET0000324,2024-08-24T18:46:00,SALE00021332,D0048,1,WrongItem,SIMULATED_REEM_V2,DEVELOPMENT,TRUE
RET0000325,2024-08-28T20:22:00,SALE00021434,D0007,1,DamagedPackage,SIMULATED_REEM_V2,DEVELOPMENT,TRUE
RET0000326,2024-08-29T12:39:00,SALE00021485,D0038,1,DamagedPackage,SIMULATED_REEM_V2,DEVELOPMENT,TRUE
RET0000327,2024-09-01T17:32:00,SALE00021573,D0026,1,WrongItem,SIMULATED_REEM_V2,DEVELOPMENT,TRUE
RET0000328,2024-09-01T08:54:00,SALE00021581,D0038,1,WrongItem,SIMULATED_REEM_V2,DEVELOPMENT,TRUE
RET0000329,2024-09-05T09:16:00,SALE00021713,D0037,1,DamagedPackage,SIMULATED_REEM_V2,DEVELOPMENT,TRUE
RET0000330,2024-09-06T08:51:00,SALE00021755,D0046,1,WrongItem,SIMULATED_REEM_V2,DEVELOPMENT,TRUE
RET0000331,2024-09-08T11:03:00,SALE00021814,D0048,1,WrongItem,SIMULATED_REEM_V2,DEVELOPMENT,TRUE
RET0000332,2024-09-10T12:31:00,SALE00021850,D0001,1,CustomerReturn,SIMULATED_REEM_V2,DEVELOPMENT,TRUE
RET0000333,2024-09-10T12:30:00,SALE00021872,D0031,1,WrongItem,SIMULATED_REEM_V2,DEVELOPMENT,TRUE
RET0000334,2024-09-11T14:08:00,SALE00021898,D0017,1,WrongItem,SIMULATED_REEM_V2,DEVELOPMENT,TRUE
RET0000335,2024-09-13T17:22:00,SALE00021962,D0027,1,DamagedPackage,SIMULATED_REEM_V2,DEVELOPMENT,TRUE
RET0000336,2024-09-14T18:13:00,SALE00021994,D0027,1,WrongItem,SIMULATED_REEM_V2,DEVELOPMENT,TRUE
RET0000337,2024-09-15T15:51:00,SALE00022017,D0011,1,WrongItem,SIMULATED_REEM_V2,DEVELOPMENT,TRUE
RET0000338,2024-09-15T13:16:00,SALE00022035,D0042,1,WrongItem,SIMULATED_REEM_V2,DEVELOPMENT,TRUE
RET0000339,2024-09-16T09:14:00,SALE00022073,D0045,1,DamagedPackage,SIMULATED_REEM_V2,DEVELOPMENT,TRUE
RET0000340,2024-09-17T15:43:00,SALE00022099,D0037,1,WrongItem,SIMULATED_REEM_V2,DEVELOPMENT,TRUE
RET0000341,2024-09-22T13:37:00,SALE00022268,D0050,1,CustomerReturn,SIMULATED_REEM_V2,DEVELOPMENT,TRUE
RET0000342,2024-09-23T14:58:00,SALE00022294,D0039,1,DamagedPackage,SIMULATED_REEM_V2,DEVELOPMENT,TRUE
RET0000343,2024-09-24T19:16:00,SALE00022312,D0017,1,WrongItem,SIMULATED_REEM_V2,DEVELOPMENT,TRUE
RET0000344,2024-09-27T08:19:00,SALE00022400,D0001,1,CustomerReturn,SIMULATED_REEM_V2,DEVELOPMENT,TRUE
RET0000345,2024-10-01T14:23:00,SALE00022532,D0016,1,DamagedPackage,SIMULATED_REEM_V2,DEVELOPMENT,TRUE
RET0000346,2024-10-02T10:48:00,SALE00022561,D0007,1,CustomerReturn,SIMULATED_REEM_V2,DEVELOPMENT,TRUE
RET0000347,2024-10-02T15:55:00,SALE00022566,D0016,1,DamagedPackage,SIMULATED_REEM_V2,DEVELOPMENT,TRUE
RET0000348,2024-10-02T11:55:00,SALE00022577,D0035,1,WrongItem,SIMULATED_REEM_V2,DEVELOPMENT,TRUE
RET0000349,2024-10-02T21:57:00,SALE00022584,D0046,1,CustomerReturn,SIMULATED_REEM_V2,DEVELOPMENT,TRUE
RET0000350,2024-10-03T08:08:00,SALE00022600,D0021,1,DamagedPackage,SIMULATED_REEM_V2,DEVELOPMENT,TRUE
RET0000351,2024-10-03T16:34:00,SALE00022605,D0028,1,WrongItem,SIMULATED_REEM_V2,DEVELOPMENT,TRUE
RET0000352,2024-10-10T15:08:00,SALE00022810,D0001,1,WrongItem,SIMULATED_REEM_V2,DEVELOPMENT,TRUE
RET0000353,2024-10-11T17:29:00,SALE00022860,D0035,1,DamagedPackage,SIMULATED_REEM_V2,DEVELOPMENT,TRUE
RET0000354,2024-10-16T10:51:00,SALE00023008,D0005,1,WrongItem,SIMULATED_REEM_V2,DEVELOPMENT,TRUE
RET0000355,2024-10-16T19:16:00,SALE00023011,D0008,1,CustomerReturn,SIMULATED_REEM_V2,DEVELOPMENT,TRUE
RET0000356,2024-10-17T11:37:00,SALE00023054,D0026,1,WrongItem,SIMULATED_REEM_V2,DEVELOPMENT,TRUE
RET0000357,2024-10-17T17:16:00,SALE00023055,D0027,1,WrongItem,SIMULATED_REEM_V2,DEVELOPMENT,TRUE
RET0000358,2024-10-19T12:30:00,SALE00023117,D0024,1,CustomerReturn,SIMULATED_REEM_V2,DEVELOPMENT,TRUE
RET0000359,2024-10-20T21:29:00,SALE00023148,D0028,1,CustomerReturn,SIMULATED_REEM_V2,DEVELOPMENT,TRUE
RET0000360,2024-10-22T21:00:00,SALE00023214,D0021,1,CustomerReturn,SIMULATED_REEM_V2,DEVELOPMENT,TRUE
RET0000361,2024-10-22T14:38:00,SALE00023226,D0041,1,WrongItem,SIMULATED_REEM_V2,DEVELOPMENT,TRUE
RET0000362,2024-10-24T13:32:00,SALE00023293,D0048,1,CustomerReturn,SIMULATED_REEM_V2,DEVELOPMENT,TRUE
RET0000363,2024-10-26T21:01:00,SALE00023336,D0014,1,WrongItem,SIMULATED_REEM_V2,DEVELOPMENT,TRUE
RET0000364,2024-10-29T16:50:00,SALE00023453,D0042,1,DamagedPackage,SIMULATED_REEM_V2,DEVELOPMENT,TRUE
RET0000365,2024-10-30T12:53:00,SALE00023495,D0050,1,DamagedPackage,SIMULATED_REEM_V2,DEVELOPMENT,TRUE
RET0000366,2024-11-09T20:05:00,SALE00023810,D0038,1,CustomerReturn,SIMULATED_REEM_V2,DEVELOPMENT,TRUE
RET0000367,2024-11-10T13:54:00,SALE00023819,D0001,1,CustomerReturn,SIMULATED_REEM_V2,DEVELOPMENT,TRUE
RET0000368,2024-11-14T11:45:00,SALE00023954,D0006,1,WrongItem,SIMULATED_REEM_V2,DEVELOPMENT,TRUE
RET0000369,2024-11-16T09:56:00,SALE00024051,D0050,1,WrongItem,SIMULATED_REEM_V2,DEVELOPMENT,TRUE
RET0000370,2024-11-17T19:21:00,SALE00024054,D0004,1,WrongItem,SIMULATED_REEM_V2,DEVELOPMENT,TRUE
RET0000371,2024-11-18T12:40:00,SALE00024113,D0038,1,WrongItem,SIMULATED_REEM_V2,DEVELOPMENT,TRUE
RET0000372,2024-11-22T12:54:00,SALE00024229,D0012,1,CustomerReturn,SIMULATED_REEM_V2,DEVELOPMENT,TRUE
RET0000373,2024-11-24T14:54:00,SALE00024308,D0037,1,WrongItem,SIMULATED_REEM_V2,DEVELOPMENT,TRUE
RET0000374,2024-11-26T08:41:00,SALE00024353,D0006,1,CustomerReturn,SIMULATED_REEM_V2,DEVELOPMENT,TRUE
RET0000375,2024-12-06T16:41:00,SALE00024701,D0017,1,WrongItem,SIMULATED_REEM_V2,DEVELOPMENT,TRUE
RET0000376,2024-12-06T08:16:00,SALE00024707,D0026,1,CustomerReturn,SIMULATED_REEM_V2,DEVELOPMENT,TRUE
RET0000377,2024-12-08T10:14:00,SALE00024775,D0034,1,CustomerReturn,SIMULATED_REEM_V2,DEVELOPMENT,TRUE
RET0000378,2024-12-09T13:22:00,SALE00024806,D0034,1,DamagedPackage,SIMULATED_REEM_V2,DEVELOPMENT,TRUE
RET0000379,2024-12-16T10:14:00,SALE00025031,D0006,1,CustomerReturn,SIMULATED_REEM_V2,DEVELOPMENT,TRUE
RET0000380,2024-12-18T11:31:00,SALE00025098,D0001,1,DamagedPackage,SIMULATED_REEM_V2,DEVELOPMENT,TRUE
RET0000381,2024-12-18T16:46:00,SALE00025112,D0019,1,DamagedPackage,SIMULATED_REEM_V2,DEVELOPMENT,TRUE
RET0000382,2024-12-19T10:00:00,SALE00025153,D0027,1,WrongItem,SIMULATED_REEM_V2,DEVELOPMENT,TRUE
RET0000383,2024-12-28T12:19:00,SALE00025455,D0003,1,CustomerReturn,SIMULATED_REEM_V2,DEVELOPMENT,TRUE
RET0000384,2024-12-28T13:31:00,SALE00025469,D0021,1,CustomerReturn,SIMULATED_REEM_V2,DEVELOPMENT,TRUE
RET0000385,2024-12-28T18:43:00,SALE00025471,D0026,1,WrongItem,SIMULATED_REEM_V2,DEVELOPMENT,TRUE
RET0000386,2024-12-28T12:13:00,SALE00025481,D0038,1,WrongItem,SIMULATED_REEM_V2,DEVELOPMENT,TRUE
RET0000387,2025-01-02T16:33:00,SALE00025637,D0011,1,DamagedPackage,SIMULATED_REEM_V2,DEVELOPMENT,TRUE
RET0000388,2025-01-02T12:14:00,SALE00025646,D0024,1,CustomerReturn,SIMULATED_REEM_V2,DEVELOPMENT,TRUE
RET0000389,2025-01-02T19:15:00,SALE00025662,D0043,1,DamagedPackage,SIMULATED_REEM_V2,DEVELOPMENT,TRUE
RET0000390,2025-01-02T17:09:00,SALE00025667,D0049,1,WrongItem,SIMULATED_REEM_V2,DEVELOPMENT,TRUE
RET0000391,2025-01-03T14:04:00,SALE00025669,D0001,1,CustomerReturn,SIMULATED_REEM_V2,DEVELOPMENT,TRUE
RET0000392,2025-01-03T13:18:00,SALE00025671,D0005,1,CustomerReturn,SIMULATED_REEM_V2,DEVELOPMENT,TRUE
RET0000393,2025-01-07T15:18:00,SALE00025830,D0033,1,CustomerReturn,SIMULATED_REEM_V2,DEVELOPMENT,TRUE
RET0000394,2025-01-07T12:32:00,SALE00025836,D0041,1,DamagedPackage,SIMULATED_REEM_V2,DEVELOPMENT,TRUE
RET0000395,2025-01-15T20:55:00,SALE00026106,D0013,1,DamagedPackage,SIMULATED_REEM_V2,DEVELOPMENT,TRUE
RET0000396,2025-01-16T12:45:00,SALE00026163,D0042,1,WrongItem,SIMULATED_REEM_V2,DEVELOPMENT,TRUE
RET0000397,2025-01-17T10:39:00,SALE00026199,D0038,1,CustomerReturn,SIMULATED_REEM_V2,DEVELOPMENT,TRUE
RET0000398,2025-01-18T15:53:00,SALE00026220,D0017,1,CustomerReturn,SIMULATED_REEM_V2,DEVELOPMENT,TRUE
RET0000399,2025-01-18T13:59:00,SALE00026234,D0042,1,DamagedPackage,SIMULATED_REEM_V2,DEVELOPMENT,TRUE
RET0000400,2025-02-03T21:19:00,SALE00026822,D0042,1,DamagedPackage,SIMULATED_REEM_V2,DEVELOPMENT,TRUE
RET0000401,2025-02-04T18:12:00,SALE00026850,D0026,1,DamagedPackage,SIMULATED_REEM_V2,DEVELOPMENT,TRUE
RET0000402,2025-02-09T11:50:00,SALE00027025,D0016,1,DamagedPackage,SIMULATED_REEM_V2,DEVELOPMENT,TRUE
RET0000403,2025-02-15T11:51:00,SALE00027238,D0006,1,DamagedPackage,SIMULATED_REEM_V2,DEVELOPMENT,TRUE
RET0000404,2025-02-16T14:21:00,SALE00027303,D0048,1,WrongItem,SIMULATED_REEM_V2,DEVELOPMENT,TRUE
RET0000405,2025-02-17T17:32:00,SALE00027332,D0038,1,CustomerReturn,SIMULATED_REEM_V2,DEVELOPMENT,TRUE
RET0000406,2025-02-19T09:45:00,SALE00027395,D0019,1,DamagedPackage,SIMULATED_REEM_V2,DEVELOPMENT,TRUE
RET0000407,2025-02-20T18:49:00,SALE00027454,D0042,1,WrongItem,SIMULATED_REEM_V2,DEVELOPMENT,TRUE
RET0000408,2025-02-21T18:48:00,SALE00027467,D0006,1,DamagedPackage,SIMULATED_REEM_V2,DEVELOPMENT,TRUE
RET0000409,2025-02-24T18:40:00,SALE00027585,D0021,1,CustomerReturn,SIMULATED_REEM_V2,DEVELOPMENT,TRUE
RET0000410,2025-02-26T13:26:00,SALE00027659,D0020,1,WrongItem,SIMULATED_REEM_V2,DEVELOPMENT,TRUE
RET0000411,2025-02-27T10:24:00,SALE00027718,D0043,1,CustomerReturn,SIMULATED_REEM_V2,DEVELOPMENT,TRUE
RET0000412,2025-03-01T10:22:00,SALE00027783,D0035,1,CustomerReturn,SIMULATED_REEM_V2,DEVELOPMENT,TRUE
RET0000413,2025-03-02T20:11:00,SALE00027796,D0003,1,WrongItem,SIMULATED_REEM_V2,DEVELOPMENT,TRUE
RET0000414,2025-03-07T14:40:00,SALE00028008,D0041,1,WrongItem,SIMULATED_REEM_V2,DEVELOPMENT,TRUE
RET0000415,2025-03-10T13:04:00,SALE00028116,D0038,1,WrongItem,SIMULATED_REEM_V2,DEVELOPMENT,TRUE
RET0000416,2025-03-13T10:44:00,SALE00028207,D0005,1,DamagedPackage,SIMULATED_REEM_V2,DEVELOPMENT,TRUE
RET0000417,2025-03-14T19:51:00,SALE00028245,D0005,1,WrongItem,SIMULATED_REEM_V2,DEVELOPMENT,TRUE
RET0000418,2025-03-14T10:13:00,SALE00028269,D0039,1,WrongItem,SIMULATED_REEM_V2,DEVELOPMENT,TRUE
RET0000419,2025-03-15T20:08:00,SALE00028292,D0019,1,CustomerReturn,SIMULATED_REEM_V2,DEVELOPMENT,TRUE
RET0000420,2025-03-18T15:48:00,SALE00028389,D0008,1,CustomerReturn,SIMULATED_REEM_V2,DEVELOPMENT,TRUE
RET0000421,2025-03-20T11:50:00,SALE00028462,D0009,1,WrongItem,SIMULATED_REEM_V2,DEVELOPMENT,TRUE
RET0000422,2025-03-20T19:20:00,SALE00028475,D0027,1,DamagedPackage,SIMULATED_REEM_V2,DEVELOPMENT,TRUE
RET0000423,2025-03-25T10:26:00,SALE00028649,D0014,1,CustomerReturn,SIMULATED_REEM_V2,DEVELOPMENT,TRUE
RET0000424,2025-04-01T13:07:00,SALE00028910,D0010,1,DamagedPackage,SIMULATED_REEM_V2,DEVELOPMENT,TRUE
RET0000425,2025-04-18T15:51:00,SALE00029586,D0045,1,DamagedPackage,SIMULATED_REEM_V2,DEVELOPMENT,TRUE
RET0000426,2025-04-19T21:38:00,SALE00029618,D0046,1,WrongItem,SIMULATED_REEM_V2,DEVELOPMENT,TRUE
RET0000427,2025-04-20T09:45:00,SALE00029623,D0001,1,DamagedPackage,SIMULATED_REEM_V2,DEVELOPMENT,TRUE
RET0000428,2025-04-21T21:29:00,SALE00029661,D0007,1,DamagedPackage,SIMULATED_REEM_V2,DEVELOPMENT,TRUE
RET0000429,2025-04-24T13:59:00,SALE00029807,D0047,1,WrongItem,SIMULATED_REEM_V2,DEVELOPMENT,TRUE
RET0000430,2025-05-01T10:25:00,SALE00030066,D0035,1,DamagedPackage,SIMULATED_REEM_V2,DEVELOPMENT,TRUE
RET0000431,2025-05-02T12:09:00,SALE00030082,D0006,1,CustomerReturn,SIMULATED_REEM_V2,DEVELOPMENT,TRUE
RET0000432,2025-05-05T13:05:00,SALE00030204,D0022,1,WrongItem,SIMULATED_REEM_V2,DEVELOPMENT,TRUE
RET0000433,2025-05-06T19:09:00,SALE00030225,D0001,1,CustomerReturn,SIMULATED_REEM_V2,DEVELOPMENT,TRUE
RET0000434,2025-05-06T19:50:00,SALE00030254,D0041,1,WrongItem,SIMULATED_REEM_V2,DEVELOPMENT,TRUE
RET0000435,2025-05-09T15:29:00,SALE00030340,D0010,1,DamagedPackage,SIMULATED_REEM_V2,DEVELOPMENT,TRUE
RET0000436,2025-05-09T09:49:00,SALE00030342,D0012,1,WrongItem,SIMULATED_REEM_V2,DEVELOPMENT,TRUE
RET0000437,2025-05-12T20:46:00,SALE00030450,D0015,1,DamagedPackage,SIMULATED_REEM_V2,DEVELOPMENT,TRUE
RET0000438,2025-05-12T18:41:00,SALE00030465,D0035,1,DamagedPackage,SIMULATED_REEM_V2,DEVELOPMENT,TRUE
RET0000439,2025-05-15T11:02:00,SALE00030583,D0038,1,DamagedPackage,SIMULATED_REEM_V2,DEVELOPMENT,TRUE
RET0000440,2025-05-15T13:51:00,SALE00030589,D0046,1,CustomerReturn,SIMULATED_REEM_V2,DEVELOPMENT,TRUE
RET0000441,2025-05-18T20:45:00,SALE00030671,D0009,1,WrongItem,SIMULATED_REEM_V2,DEVELOPMENT,TRUE
RET0000442,2025-05-18T17:33:00,SALE00030697,D0043,1,WrongItem,SIMULATED_REEM_V2,DEVELOPMENT,TRUE
RET0000443,2025-05-23T20:09:00,SALE00030888,D0047,1,DamagedPackage,SIMULATED_REEM_V2,DEVELOPMENT,TRUE
RET0000444,2025-05-23T10:21:00,SALE00030889,D0048,1,DamagedPackage,SIMULATED_REEM_V2,DEVELOPMENT,TRUE
RET0000445,2025-05-24T12:09:00,SALE00030912,D0034,1,DamagedPackage,SIMULATED_REEM_V2,DEVELOPMENT,TRUE
RET0000446,2025-05-26T13:41:00,SALE00030965,D0007,1,DamagedPackage,SIMULATED_REEM_V2,DEVELOPMENT,TRUE
RET0000447,2025-05-26T21:50:00,SALE00030984,D0032,1,WrongItem,SIMULATED_REEM_V2,DEVELOPMENT,TRUE
RET0000448,2025-05-27T16:00:00,SALE00031002,D0006,1,CustomerReturn,SIMULATED_REEM_V2,DEVELOPMENT,TRUE
RET0000449,2025-05-27T17:54:00,SALE00031013,D0022,1,DamagedPackage,SIMULATED_REEM_V2,DEVELOPMENT,TRUE
RET0000450,2025-05-28T21:45:00,SALE00031052,D0023,1,CustomerReturn,SIMULATED_REEM_V2,DEVELOPMENT,TRUE
RET0000451,2025-05-31T14:59:00,SALE00031163,D0027,1,DamagedPackage,SIMULATED_REEM_V2,DEVELOPMENT,TRUE
RET0000452,2025-05-31T20:29:00,SALE00031167,D0033,1,CustomerReturn,SIMULATED_REEM_V2,DEVELOPMENT,TRUE
RET0000453,2025-05-31T18:59:00,SALE00031177,D0048,1,DamagedPackage,SIMULATED_REEM_V2,DEVELOPMENT,TRUE
RET0000454,2025-06-02T21:04:00,SALE00031219,D0006,1,CustomerReturn,SIMULATED_REEM_V2,DEVELOPMENT,TRUE
RET0000455,2025-06-06T17:32:00,SALE00031377,D0010,1,CustomerReturn,SIMULATED_REEM_V2,DEVELOPMENT,TRUE
RET0000456,2025-06-07T11:52:00,SALE00031425,D0021,1,WrongItem,SIMULATED_REEM_V2,DEVELOPMENT,TRUE
RET0000457,2025-06-07T20:50:00,SALE00031428,D0027,1,WrongItem,SIMULATED_REEM_V2,DEVELOPMENT,TRUE
RET0000458,2025-06-08T12:01:00,SALE00031448,D0001,1,CustomerReturn,SIMULATED_REEM_V2,DEVELOPMENT,TRUE
RET0000459,2025-06-10T18:17:00,SALE00031525,D0005,1,WrongItem,SIMULATED_REEM_V2,DEVELOPMENT,TRUE
RET0000460,2025-06-13T13:46:00,SALE00031653,D0034,1,CustomerReturn,SIMULATED_REEM_V2,DEVELOPMENT,TRUE
RET0000461,2025-06-14T20:49:00,SALE00031667,D0001,1,WrongItem,SIMULATED_REEM_V2,DEVELOPMENT,TRUE
RET0000462,2025-06-15T13:45:00,SALE00031717,D0029,1,CustomerReturn,SIMULATED_REEM_V2,DEVELOPMENT,TRUE
RET0000463,2025-06-18T10:50:00,SALE00031819,D0016,1,DamagedPackage,SIMULATED_REEM_V2,DEVELOPMENT,TRUE
RET0000464,2025-06-18T18:49:00,SALE00031826,D0024,1,WrongItem,SIMULATED_REEM_V2,DEVELOPMENT,TRUE
RET0000465,2025-06-22T21:39:00,SALE00031955,D0007,1,WrongItem,SIMULATED_REEM_V2,DEVELOPMENT,TRUE
RET0000466,2025-06-22T19:29:00,SALE00031972,D0041,1,CustomerReturn,SIMULATED_REEM_V2,DEVELOPMENT,TRUE
RET0000467,2025-06-23T12:05:00,SALE00032006,D0035,1,DamagedPackage,SIMULATED_REEM_V2,DEVELOPMENT,TRUE
RET0000468,2025-06-30T10:22:00,SALE00032258,D0039,1,DamagedPackage,SIMULATED_REEM_V2,DEVELOPMENT,TRUE
RET0000469,2025-06-30T20:51:00,SALE00032263,D0046,1,CustomerReturn,SIMULATED_REEM_V2,DEVELOPMENT,TRUE
RET0000470,2025-07-01T18:43:00,SALE00032289,D0033,1,DamagedPackage,SIMULATED_REEM_V2,DEVELOPMENT,TRUE
RET0000471,2025-07-02T20:03:00,SALE00032331,D0040,1,DamagedPackage,SIMULATED_REEM_V2,DEVELOPMENT,TRUE
RET0000472,2025-07-04T08:05:00,SALE00032395,D0038,1,DamagedPackage,SIMULATED_REEM_V2,DEVELOPMENT,TRUE
RET0000473,2025-07-06T19:43:00,SALE00032454,D0029,1,DamagedPackage,SIMULATED_REEM_V2,DEVELOPMENT,TRUE
RET0000474,2025-07-07T12:34:00,SALE00032472,D0007,1,DamagedPackage,SIMULATED_REEM_V2,DEVELOPMENT,TRUE
RET0000475,2025-07-07T17:28:00,SALE00032479,D0021,1,WrongItem,SIMULATED_REEM_V2,DEVELOPMENT,TRUE
RET0000476,2025-07-07T09:25:00,SALE00032483,D0027,1,CustomerReturn,SIMULATED_REEM_V2,DEVELOPMENT,TRUE
RET0000477,2025-07-08T15:14:00,SALE00032517,D0029,1,WrongItem,SIMULATED_REEM_V2,DEVELOPMENT,TRUE
RET0000478,2025-07-09T09:55:00,SALE00032542,D0011,1,WrongItem,SIMULATED_REEM_V2,DEVELOPMENT,TRUE
RET0000479,2025-07-10T19:38:00,SALE00032578,D0012,1,DamagedPackage,SIMULATED_REEM_V2,DEVELOPMENT,TRUE
RET0000480,2025-07-12T10:03:00,SALE00032658,D0029,1,WrongItem,SIMULATED_REEM_V2,DEVELOPMENT,TRUE
RET0000481,2025-07-14T19:39:00,SALE00032726,D0024,1,WrongItem,SIMULATED_REEM_V2,DEVELOPMENT,TRUE
RET0000482,2025-07-14T20:53:00,SALE00032740,D0046,1,CustomerReturn,SIMULATED_REEM_V2,DEVELOPMENT,TRUE
RET0000483,2025-07-22T08:16:00,SALE00033000,D0041,1,WrongItem,SIMULATED_REEM_V2,DEVELOPMENT,TRUE
RET0000484,2025-07-26T11:41:00,SALE00033112,D0005,1,DamagedPackage,SIMULATED_REEM_V2,DEVELOPMENT,TRUE
RET0000485,2025-07-27T16:18:00,SALE00033141,D0003,1,DamagedPackage,SIMULATED_REEM_V2,DEVELOPMENT,TRUE
RET0000486,2025-07-27T21:14:00,SALE00033153,D0024,1,CustomerReturn,SIMULATED_REEM_V2,DEVELOPMENT,TRUE
RET0000487,2025-07-27T17:48:00,SALE00033155,D0029,1,DamagedPackage,SIMULATED_REEM_V2,DEVELOPMENT,TRUE
RET0000488,2025-08-05T20:58:00,SALE00033450,D0028,1,CustomerReturn,SIMULATED_REEM_V2,DEVELOPMENT,TRUE
RET0000489,2025-08-07T09:01:00,SALE00033520,D0038,1,CustomerReturn,SIMULATED_REEM_V2,DEVELOPMENT,TRUE
RET0000490,2025-08-10T13:43:00,SALE00033599,D0017,1,DamagedPackage,SIMULATED_REEM_V2,DEVELOPMENT,TRUE
RET0000491,2025-08-13T09:37:00,SALE00033695,D0009,1,WrongItem,SIMULATED_REEM_V2,DEVELOPMENT,TRUE
RET0000492,2025-08-14T18:36:00,SALE00033746,D0038,1,CustomerReturn,SIMULATED_REEM_V2,DEVELOPMENT,TRUE
RET0000493,2025-08-17T10:22:00,SALE00033823,D0005,1,DamagedPackage,SIMULATED_REEM_V2,DEVELOPMENT,TRUE
RET0000494,2025-08-17T09:18:00,SALE00033826,D0009,1,CustomerReturn,SIMULATED_REEM_V2,DEVELOPMENT,TRUE
RET0000495,2025-08-18T20:06:00,SALE00033865,D0021,1,WrongItem,SIMULATED_REEM_V2,DEVELOPMENT,TRUE
RET0000496,2025-08-21T17:07:00,SALE00033977,D0036,1,CustomerReturn,SIMULATED_REEM_V2,DEVELOPMENT,TRUE
RET0000497,2025-08-24T19:22:00,SALE00034055,D0007,1,DamagedPackage,SIMULATED_REEM_V2,DEVELOPMENT,TRUE
RET0000498,2025-08-24T13:42:00,SALE00034067,D0027,1,WrongItem,SIMULATED_REEM_V2,DEVELOPMENT,TRUE
RET0000499,2025-08-25T19:47:00,SALE00034094,D0021,1,CustomerReturn,SIMULATED_REEM_V2,DEVELOPMENT,TRUE
RET0000500,2025-08-27T12:27:00,SALE00034177,D0043,1,DamagedPackage,SIMULATED_REEM_V2,DEVELOPMENT,TRUE
RET0000501,2025-08-30T09:29:00,SALE00034255,D0009,1,CustomerReturn,SIMULATED_REEM_V2,DEVELOPMENT,TRUE
RET0000502,2025-08-30T08:10:00,SALE00034275,D0048,1,WrongItem,SIMULATED_REEM_V2,DEVELOPMENT,TRUE
RET0000503,2025-09-01T15:47:00,SALE00034313,D0005,1,CustomerReturn,SIMULATED_REEM_V2,DEVELOPMENT,TRUE
RET0000504,2025-09-05T13:04:00,SALE00034465,D0032,1,CustomerReturn,SIMULATED_REEM_V2,DEVELOPMENT,TRUE
RET0000505,2025-09-07T14:39:00,SALE00034539,D0050,1,CustomerReturn,SIMULATED_REEM_V2,DEVELOPMENT,TRUE
RET0000506,2025-09-09T09:47:00,SALE00034597,D0041,1,WrongItem,SIMULATED_REEM_V2,DEVELOPMENT,TRUE
RET0000507,2025-09-12T14:08:00,SALE00034675,D0006,1,WrongItem,SIMULATED_REEM_V2,DEVELOPMENT,TRUE
RET0000508,2025-09-12T20:55:00,SALE00034691,D0032,1,DamagedPackage,SIMULATED_REEM_V2,DEVELOPMENT,TRUE
RET0000509,2025-09-12T09:35:00,SALE00034700,D0043,1,DamagedPackage,SIMULATED_REEM_V2,DEVELOPMENT,TRUE
RET0000510,2025-09-13T08:02:00,SALE00034725,D0035,1,WrongItem,SIMULATED_REEM_V2,DEVELOPMENT,TRUE
RET0000511,2025-09-19T12:08:00,SALE00034936,D0042,1,WrongItem,SIMULATED_REEM_V2,DEVELOPMENT,TRUE
RET0000512,2025-09-20T21:14:00,SALE00034943,D0001,1,CustomerReturn,SIMULATED_REEM_V2,DEVELOPMENT,TRUE
RET0000513,2025-09-20T20:54:00,SALE00034965,D0039,1,CustomerReturn,SIMULATED_REEM_V2,DEVELOPMENT,TRUE
RET0000514,2025-09-22T19:17:00,SALE00035035,D0050,1,WrongItem,SIMULATED_REEM_V2,DEVELOPMENT,TRUE
RET0000515,2025-09-23T19:43:00,SALE00035055,D0030,1,WrongItem,SIMULATED_REEM_V2,DEVELOPMENT,TRUE
RET0000516,2025-09-24T09:52:00,SALE00035072,D0004,1,CustomerReturn,SIMULATED_REEM_V2,DEVELOPMENT,TRUE
RET0000517,2025-09-28T14:26:00,SALE00035222,D0047,1,DamagedPackage,SIMULATED_REEM_V2,DEVELOPMENT,TRUE
RET0000518,2025-09-29T10:29:00,SALE00035226,D0001,1,WrongItem,SIMULATED_REEM_V2,DEVELOPMENT,TRUE
RET0000519,2025-09-29T11:18:00,SALE00035236,D0014,1,DamagedPackage,SIMULATED_REEM_V2,DEVELOPMENT,TRUE
RET0000520,2025-10-02T11:34:00,SALE00035328,D0003,1,CustomerReturn,SIMULATED_REEM_V2,DEVELOPMENT,TRUE
RET0000521,2025-10-02T09:27:00,SALE00035351,D0035,1,DamagedPackage,SIMULATED_REEM_V2,DEVELOPMENT,TRUE
RET0000522,2025-10-07T19:12:00,SALE00035498,D0024,1,WrongItem,SIMULATED_REEM_V2,DEVELOPMENT,TRUE
RET0000523,2025-10-09T20:07:00,SALE00035555,D0009,1,DamagedPackage,SIMULATED_REEM_V2,DEVELOPMENT,TRUE
RET0000524,2025-10-10T21:15:00,SALE00035588,D0007,1,CustomerReturn,SIMULATED_REEM_V2,DEVELOPMENT,TRUE
RET0000525,2025-10-10T20:48:00,SALE00035590,D0010,1,DamagedPackage,SIMULATED_REEM_V2,DEVELOPMENT,TRUE
RET0000526,2025-10-11T11:09:00,SALE00035638,D0038,1,CustomerReturn,SIMULATED_REEM_V2,DEVELOPMENT,TRUE
RET0000527,2025-10-12T11:05:00,SALE00035652,D0010,1,WrongItem,SIMULATED_REEM_V2,DEVELOPMENT,TRUE
RET0000528,2025-10-14T14:58:00,SALE00035738,D0042,1,CustomerReturn,SIMULATED_REEM_V2,DEVELOPMENT,TRUE
RET0000529,2025-10-15T11:40:00,SALE00035751,D0011,1,DamagedPackage,SIMULATED_REEM_V2,DEVELOPMENT,TRUE
RET0000530,2025-10-16T11:54:00,SALE00035781,D0009,1,WrongItem,SIMULATED_REEM_V2,DEVELOPMENT,TRUE
RET0000531,2025-10-16T19:43:00,SALE00035784,D0015,1,DamagedPackage,SIMULATED_REEM_V2,DEVELOPMENT,TRUE
RET0000532,2025-10-18T10:17:00,SALE00035860,D0024,1,CustomerReturn,SIMULATED_REEM_V2,DEVELOPMENT,TRUE
RET0000533,2025-10-18T18:03:00,SALE00035869,D0043,1,CustomerReturn,SIMULATED_REEM_V2,DEVELOPMENT,TRUE
RET0000534,2025-10-27T11:23:00,SALE00036142,D0012,1,DamagedPackage,SIMULATED_REEM_V2,DEVELOPMENT,TRUE
RET0000535,2025-10-29T16:57:00,SALE00036205,D0008,1,CustomerReturn,SIMULATED_REEM_V2,DEVELOPMENT,TRUE
RET0000536,2025-10-29T11:49:00,SALE00036217,D0030,1,DamagedPackage,SIMULATED_REEM_V2,DEVELOPMENT,TRUE
RET0000537,2025-10-30T19:33:00,SALE00036265,D0046,1,CustomerReturn,SIMULATED_REEM_V2,DEVELOPMENT,TRUE
RET0000538,2025-10-31T19:45:00,SALE00036278,D0016,1,DamagedPackage,SIMULATED_REEM_V2,DEVELOPMENT,TRUE
RET0000539,2025-10-31T08:04:00,SALE00036281,D0021,1,WrongItem,SIMULATED_REEM_V2,DEVELOPMENT,TRUE
RET0000540,2025-10-31T20:05:00,SALE00036282,D0023,1,WrongItem,SIMULATED_REEM_V2,DEVELOPMENT,TRUE
RET0000541,2025-11-06T17:27:00,SALE00036478,D0029,1,WrongItem,SIMULATED_REEM_V2,DEVELOPMENT,TRUE
RET0000542,2025-11-08T13:43:00,SALE00036554,D0043,1,CustomerReturn,SIMULATED_REEM_V2,DEVELOPMENT,TRUE
RET0000543,2025-11-09T08:51:00,SALE00036595,D0049,1,WrongItem,SIMULATED_REEM_V2,DEVELOPMENT,TRUE
RET0000544,2025-11-11T21:35:00,SALE00036649,D0037,1,DamagedPackage,SIMULATED_REEM_V2,DEVELOPMENT,TRUE
RET0000545,2025-11-12T20:25:00,SALE00036671,D0021,1,CustomerReturn,SIMULATED_REEM_V2,DEVELOPMENT,TRUE
RET0000546,2025-11-13T15:44:00,SALE00036690,D0001,1,DamagedPackage,SIMULATED_REEM_V2,DEVELOPMENT,TRUE
RET0000547,2025-11-14T09:33:00,SALE00036737,D0027,1,DamagedPackage,SIMULATED_REEM_V2,DEVELOPMENT,TRUE
RET0000548,2025-11-14T19:14:00,SALE00036744,D0035,1,DamagedPackage,SIMULATED_REEM_V2,DEVELOPMENT,TRUE
RET0000549,2025-11-16T20:46:00,SALE00036791,D0009,1,DamagedPackage,SIMULATED_REEM_V2,DEVELOPMENT,TRUE
RET0000550,2025-11-19T09:53:00,SALE00036888,D0005,1,DamagedPackage,SIMULATED_REEM_V2,DEVELOPMENT,TRUE
RET0000551,2025-11-20T18:58:00,SALE00036946,D0043,1,DamagedPackage,SIMULATED_REEM_V2,DEVELOPMENT,TRUE
RET0000552,2025-11-23T17:39:00,SALE00037048,D0047,1,DamagedPackage,SIMULATED_REEM_V2,DEVELOPMENT,TRUE
RET0000553,2025-11-25T18:01:00,SALE00037110,D0045,1,WrongItem,SIMULATED_REEM_V2,DEVELOPMENT,TRUE
RET0000554,2025-11-26T14:00:00,SALE00037136,D0030,1,WrongItem,SIMULATED_REEM_V2,DEVELOPMENT,TRUE
RET0000555,2025-12-01T16:58:00,SALE00037291,D0006,1,WrongItem,SIMULATED_REEM_V2,DEVELOPMENT,TRUE
RET0000556,2025-12-01T13:56:00,SALE00037304,D0030,1,WrongItem,SIMULATED_REEM_V2,DEVELOPMENT,TRUE
RET0000557,2025-12-01T19:38:00,SALE00037314,D0046,1,CustomerReturn,SIMULATED_REEM_V2,DEVELOPMENT,TRUE
RET0000558,2025-12-03T21:44:00,SALE00037372,D0034,1,DamagedPackage,SIMULATED_REEM_V2,DEVELOPMENT,TRUE
RET0000559,2025-12-04T17:50:00,SALE00037411,D0038,1,CustomerReturn,SIMULATED_REEM_V2,DEVELOPMENT,TRUE
RET0000560,2025-12-05T21:28:00,SALE00037434,D0022,1,WrongItem,SIMULATED_REEM_V2,DEVELOPMENT,TRUE
RET0000561,2025-12-07T12:10:00,SALE00037510,D0038,1,WrongItem,SIMULATED_REEM_V2,DEVELOPMENT,TRUE
RET0000562,2025-12-10T12:20:00,SALE00037608,D0018,1,WrongItem,SIMULATED_REEM_V2,DEVELOPMENT,TRUE
RET0000563,2025-12-11T19:37:00,SALE00037658,D0046,1,DamagedPackage,SIMULATED_REEM_V2,DEVELOPMENT,TRUE
RET0000564,2025-12-12T09:42:00,SALE00037687,D0037,1,DamagedPackage,SIMULATED_REEM_V2,DEVELOPMENT,TRUE
RET0000565,2025-12-12T19:29:00,SALE00037694,D0048,1,WrongItem,SIMULATED_REEM_V2,DEVELOPMENT,TRUE
RET0000566,2025-12-13T19:04:00,SALE00037708,D0018,1,CustomerReturn,SIMULATED_REEM_V2,DEVELOPMENT,TRUE
RET0000567,2025-12-15T12:09:00,SALE00037770,D0009,1,WrongItem,SIMULATED_REEM_V2,DEVELOPMENT,TRUE
RET0000568,2025-12-16T08:10:00,SALE00037818,D0028,1,DamagedPackage,SIMULATED_REEM_V2,DEVELOPMENT,TRUE
RET0000569,2025-12-19T12:27:00,SALE00037923,D0015,1,CustomerReturn,SIMULATED_REEM_V2,DEVELOPMENT,TRUE
RET0000570,2025-12-21T08:08:00,SALE00037982,D0003,1,WrongItem,SIMULATED_REEM_V2,DEVELOPMENT,TRUE
RET0000571,2025-12-22T08:03:00,SALE00038038,D0042,1,DamagedPackage,SIMULATED_REEM_V2,DEVELOPMENT,TRUE
RET0000572,2025-12-24T09:15:00,SALE00038115,D0045,1,WrongItem,SIMULATED_REEM_V2,DEVELOPMENT,TRUE
RET0000573,2025-12-31T11:49:00,SALE00038368,D0049,1,WrongItem,SIMULATED_REEM_V2,DEVELOPMENT,TRUE
RET0000574,2026-01-03T16:34:00,SALE00038467,D0039,1,CustomerReturn,SIMULATED_REEM_V2,DEVELOPMENT,TRUE
RET0000575,2026-01-04T13:52:00,SALE00038491,D0021,1,WrongItem,SIMULATED_REEM_V2,DEVELOPMENT,TRUE
RET0000576,2026-01-04T18:36:00,SALE00038498,D0034,1,DamagedPackage,SIMULATED_REEM_V2,DEVELOPMENT,TRUE
RET0000577,2026-01-04T13:13:00,SALE00038501,D0038,1,WrongItem,SIMULATED_REEM_V2,DEVELOPMENT,TRUE
RET0000578,2026-01-05T13:06:00,SALE00038540,D0045,1,WrongItem,SIMULATED_REEM_V2,DEVELOPMENT,TRUE
RET0000579,2026-01-06T19:00:00,SALE00038567,D0031,1,WrongItem,SIMULATED_REEM_V2,DEVELOPMENT,TRUE
RET0000580,2026-01-07T12:47:00,SALE00038608,D0035,1,WrongItem,SIMULATED_REEM_V2,DEVELOPMENT,TRUE
RET0000581,2026-01-08T13:28:00,SALE00038620,D0003,1,WrongItem,SIMULATED_REEM_V2,DEVELOPMENT,TRUE
RET0000582,2026-01-08T19:59:00,SALE00038633,D0021,1,WrongItem,SIMULATED_REEM_V2,DEVELOPMENT,TRUE
RET0000583,2026-01-09T10:12:00,SALE00038656,D0007,1,DamagedPackage,SIMULATED_REEM_V2,DEVELOPMENT,TRUE
RET0000584,2026-01-09T08:42:00,SALE00038680,D0046,1,WrongItem,SIMULATED_REEM_V2,DEVELOPMENT,TRUE
RET0000585,2026-01-10T10:23:00,SALE00038697,D0018,1,DamagedPackage,SIMULATED_REEM_V2,DEVELOPMENT,TRUE
RET0000586,2026-01-11T20:30:00,SALE00038752,D0043,1,WrongItem,SIMULATED_REEM_V2,DEVELOPMENT,TRUE
RET0000587,2026-01-13T14:25:00,SALE00038799,D0005,1,WrongItem,SIMULATED_REEM_V2,DEVELOPMENT,TRUE
RET0000588,2026-01-15T14:04:00,SALE00038892,D0043,1,WrongItem,SIMULATED_REEM_V2,DEVELOPMENT,TRUE
RET0000589,2026-01-17T21:35:00,SALE00038947,D0016,1,WrongItem,SIMULATED_REEM_V2,DEVELOPMENT,TRUE
RET0000590,2026-01-20T13:28:00,SALE00039056,D0015,1,CustomerReturn,SIMULATED_REEM_V2,DEVELOPMENT,TRUE
RET0000591,2026-01-21T16:28:00,SALE00039097,D0024,1,WrongItem,SIMULATED_REEM_V2,DEVELOPMENT,TRUE
RET0000592,2026-01-22T10:27:00,SALE00039124,D0008,1,DamagedPackage,SIMULATED_REEM_V2,DEVELOPMENT,TRUE
RET0000593,2026-01-30T08:56:00,SALE00039400,D0006,1,CustomerReturn,SIMULATED_REEM_V2,DEVELOPMENT,TRUE
RET0000594,2026-01-31T11:27:00,SALE00039454,D0028,1,WrongItem,SIMULATED_REEM_V2,DEVELOPMENT,TRUE
RET0000595,2026-02-01T19:42:00,SALE00039474,D0005,1,CustomerReturn,SIMULATED_REEM_V2,DEVELOPMENT,TRUE
RET0000596,2026-02-01T12:29:00,SALE00039490,D0029,1,DamagedPackage,SIMULATED_REEM_V2,DEVELOPMENT,TRUE
RET0000597,2026-02-05T11:44:00,SALE00039618,D0006,1,DamagedPackage,SIMULATED_REEM_V2,DEVELOPMENT,TRUE
RET0000598,2026-02-05T21:40:00,SALE00039624,D0012,1,WrongItem,SIMULATED_REEM_V2,DEVELOPMENT,TRUE
RET0000599,2026-02-05T19:30:00,SALE00039643,D0038,1,DamagedPackage,SIMULATED_REEM_V2,DEVELOPMENT,TRUE
RET0000600,2026-02-07T21:03:00,SALE00039697,D0007,1,WrongItem,SIMULATED_REEM_V2,DEVELOPMENT,TRUE
RET0000601,2026-02-08T09:41:00,SALE00039747,D0033,1,CustomerReturn,SIMULATED_REEM_V2,DEVELOPMENT,TRUE
RET0000602,2026-02-08T18:26:00,SALE00039758,D0045,1,WrongItem,SIMULATED_REEM_V2,DEVELOPMENT,TRUE
RET0000603,2026-02-09T09:32:00,SALE00039791,D0038,1,CustomerReturn,SIMULATED_REEM_V2,DEVELOPMENT,TRUE
RET0000604,2026-02-11T14:02:00,SALE00039863,D0041,1,DamagedPackage,SIMULATED_REEM_V2,DEVELOPMENT,TRUE
RET0000605,2026-02-12T19:05:00,SALE00039903,D0042,1,WrongItem,SIMULATED_REEM_V2,DEVELOPMENT,TRUE
RET0000606,2026-02-13T10:51:00,SALE00039931,D0034,1,DamagedPackage,SIMULATED_REEM_V2,DEVELOPMENT,TRUE
RET0000607,2026-02-14T11:59:00,SALE00039974,D0038,1,CustomerReturn,SIMULATED_REEM_V2,DEVELOPMENT,TRUE
RET0000608,2026-02-16T17:47:00,SALE00040023,D0005,1,CustomerReturn,SIMULATED_REEM_V2,DEVELOPMENT,TRUE
RET0000609,2026-02-17T16:09:00,SALE00040063,D0010,1,DamagedPackage,SIMULATED_REEM_V2,DEVELOPMENT,TRUE
RET0000610,2026-02-25T15:15:00,SALE00040386,D0041,1,CustomerReturn,SIMULATED_REEM_V2,DEVELOPMENT,TRUE
RET0000611,2026-02-27T14:43:00,SALE00040441,D0010,1,DamagedPackage,SIMULATED_REEM_V2,DEVELOPMENT,TRUE
RET0000612,2026-03-01T11:02:00,SALE00040523,D0027,1,WrongItem,SIMULATED_REEM_V2,DEVELOPMENT,TRUE
RET0000613,2026-03-01T13:16:00,SALE00040540,D0048,1,WrongItem,SIMULATED_REEM_V2,DEVELOPMENT,TRUE
RET0000614,2026-03-07T17:48:00,SALE00040738,D0016,1,WrongItem,SIMULATED_REEM_V2,DEVELOPMENT,TRUE
RET0000615,2026-03-08T15:28:00,SALE00040793,D0046,1,CustomerReturn,SIMULATED_REEM_V2,DEVELOPMENT,TRUE
RET0000616,2026-03-09T10:02:00,SALE00040807,D0011,1,WrongItem,SIMULATED_REEM_V2,DEVELOPMENT,TRUE
RET0000617,2026-03-10T14:06:00,SALE00040866,D0038,1,CustomerReturn,SIMULATED_REEM_V2,DEVELOPMENT,TRUE
RET0000618,2026-03-12T18:53:00,SALE00040918,D0003,1,WrongItem,SIMULATED_REEM_V2,DEVELOPMENT,TRUE
RET0000619,2026-03-13T18:05:00,SALE00040992,D0046,1,DamagedPackage,SIMULATED_REEM_V2,DEVELOPMENT,TRUE
RET0000620,2026-03-14T19:08:00,SALE00040998,D0003,1,DamagedPackage,SIMULATED_REEM_V2,DEVELOPMENT,TRUE
RET0000621,2026-03-14T15:44:00,SALE00041025,D0039,1,CustomerReturn,SIMULATED_REEM_V2,DEVELOPMENT,TRUE
RET0000622,2026-03-17T11:31:00,SALE00041123,D0029,1,CustomerReturn,SIMULATED_REEM_V2,DEVELOPMENT,TRUE
RET0000623,2026-03-21T14:17:00,SALE00041264,D0010,1,CustomerReturn,SIMULATED_REEM_V2,DEVELOPMENT,TRUE
RET0000624,2026-03-22T18:09:00,SALE00041295,D0001,1,WrongItem,SIMULATED_REEM_V2,DEVELOPMENT,TRUE
RET0000625,2026-03-22T09:45:00,SALE00041300,D0008,1,WrongItem,SIMULATED_REEM_V2,DEVELOPMENT,TRUE
RET0000626,2026-03-27T19:17:00,SALE00041514,D0043,1,DamagedPackage,SIMULATED_REEM_V2,DEVELOPMENT,TRUE
RET0000627,2026-03-29T10:23:00,SALE00041569,D0024,1,DamagedPackage,SIMULATED_REEM_V2,DEVELOPMENT,TRUE
RET0000628,2026-03-31T19:00:00,SALE00041657,D0039,1,CustomerReturn,SIMULATED_REEM_V2,DEVELOPMENT,TRUE
RET0000629,2026-04-02T18:19:00,SALE00041712,D0014,1,CustomerReturn,SIMULATED_REEM_V2,DEVELOPMENT,TRUE
RET0000630,2026-04-04T19:15:00,SALE00041785,D0008,1,DamagedPackage,SIMULATED_REEM_V2,DEVELOPMENT,TRUE
RET0000631,2026-04-05T08:54:00,SALE00041834,D0026,1,WrongItem,SIMULATED_REEM_V2,DEVELOPMENT,TRUE
RET0000632,2026-04-09T16:20:00,SALE00041992,D0032,1,CustomerReturn,SIMULATED_REEM_V2,DEVELOPMENT,TRUE
RET0000633,2026-04-09T20:10:00,SALE00041996,D0038,1,WrongItem,SIMULATED_REEM_V2,DEVELOPMENT,TRUE
RET0000634,2026-04-11T09:14:00,SALE00042042,D0001,1,WrongItem,SIMULATED_REEM_V2,DEVELOPMENT,TRUE
RET0000635,2026-04-21T18:24:00,SALE00042425,D0016,1,WrongItem,SIMULATED_REEM_V2,DEVELOPMENT,TRUE
RET0000636,2026-04-25T18:53:00,SALE00042591,D0033,1,DamagedPackage,SIMULATED_REEM_V2,DEVELOPMENT,TRUE
RET0000637,2026-04-25T12:45:00,SALE00042602,D0048,1,CustomerReturn,SIMULATED_REEM_V2,DEVELOPMENT,TRUE
RET0000638,2026-04-26T19:48:00,SALE00042618,D0018,1,DamagedPackage,SIMULATED_REEM_V2,DEVELOPMENT,TRUE
RET0000639,2026-04-27T08:26:00,SALE00042653,D0015,1,WrongItem,SIMULATED_REEM_V2,DEVELOPMENT,TRUE
RET0000640,2026-04-27T21:13:00,SALE00042667,D0034,1,WrongItem,SIMULATED_REEM_V2,DEVELOPMENT,TRUE
RET0000641,2026-05-01T08:49:00,SALE00042817,D0034,1,CustomerReturn,SIMULATED_REEM_V2,DEVELOPMENT,TRUE
RET0000642,2026-05-07T10:33:00,SALE00043032,D0021,1,CustomerReturn,SIMULATED_REEM_V2,DEVELOPMENT,TRUE
RET0000643,2026-05-07T16:50:00,SALE00043047,D0037,1,WrongItem,SIMULATED_REEM_V2,DEVELOPMENT,TRUE
RET0000644,2026-05-08T15:55:00,SALE00043059,D0003,1,CustomerReturn,SIMULATED_REEM_V2,DEVELOPMENT,TRUE
RET0000645,2026-05-08T09:01:00,SALE00043088,D0042,1,CustomerReturn,SIMULATED_REEM_V2,DEVELOPMENT,TRUE
RET0000646,2026-05-10T09:42:00,SALE00043135,D0003,1,WrongItem,SIMULATED_REEM_V2,DEVELOPMENT,TRUE
RET0000647,2026-05-11T19:52:00,SALE00043171,D0003,1,WrongItem,SIMULATED_REEM_V2,DEVELOPMENT,TRUE
RET0000648,2026-05-16T09:45:00,SALE00043357,D0001,1,WrongItem,SIMULATED_REEM_V2,DEVELOPMENT,TRUE
RET0000649,2026-05-20T14:12:00,SALE00043517,D0029,1,WrongItem,SIMULATED_REEM_V2,DEVELOPMENT,TRUE
RET0000650,2026-05-22T12:30:00,SALE00043583,D0021,1,WrongItem,SIMULATED_REEM_V2,DEVELOPMENT,TRUE
RET0000651,2026-05-29T19:05:00,SALE00043835,D0027,1,WrongItem,SIMULATED_REEM_V2,DEVELOPMENT,TRUE
RET0000652,2026-05-29T18:53:00,SALE00043839,D0031,1,CustomerReturn,SIMULATED_REEM_V2,DEVELOPMENT,TRUE
RET0000653,2026-06-01T14:46:00,SALE00043953,D0040,1,WrongItem,SIMULATED_REEM_V2,DEVELOPMENT,TRUE
RET0000654,2026-06-01T09:30:00,SALE00043959,D0047,1,CustomerReturn,SIMULATED_REEM_V2,DEVELOPMENT,TRUE
RET0000655,2026-06-04T08:33:00,SALE00044057,D0026,1,WrongItem,SIMULATED_REEM_V2,DEVELOPMENT,TRUE
RET0000656,2026-06-04T21:06:00,SALE00044067,D0041,1,CustomerReturn,SIMULATED_REEM_V2,DEVELOPMENT,TRUE
RET0000657,2026-06-05T12:13:00,SALE00044082,D0010,1,DamagedPackage,SIMULATED_REEM_V2,DEVELOPMENT,TRUE
RET0000658,2026-06-08T10:46:00,SALE00044185,D0007,1,CustomerReturn,SIMULATED_REEM_V2,DEVELOPMENT,TRUE
RET0000659,2026-06-11T18:26:00,SALE00044308,D0030,1,DamagedPackage,SIMULATED_REEM_V2,DEVELOPMENT,TRUE
RET0000660,2026-06-12T14:17:00,SALE00044345,D0033,1,CustomerReturn,SIMULATED_REEM_V2,DEVELOPMENT,TRUE
RET0000661,2026-06-13T09:31:00,SALE00044369,D0016,1,WrongItem,SIMULATED_REEM_V2,DEVELOPMENT,TRUE
RET0000662,2026-06-14T13:49:00,SALE00044408,D0024,1,WrongItem,SIMULATED_REEM_V2,DEVELOPMENT,TRUE
RET0000663,2026-06-15T15:54:00,SALE00044431,D0005,1,WrongItem,SIMULATED_REEM_V2,DEVELOPMENT,TRUE
RET0000664,2026-06-16T16:25:00,SALE00044481,D0024,1,WrongItem,SIMULATED_REEM_V2,DEVELOPMENT,TRUE
RET0000665,2026-06-16T09:49:00,SALE00044499,D0048,1,WrongItem,SIMULATED_REEM_V2,DEVELOPMENT,TRUE
RET0000666,2026-06-18T17:19:00,SALE00044559,D0032,1,CustomerReturn,SIMULATED_REEM_V2,DEVELOPMENT,TRUE
RET0000667,2026-06-22T11:20:00,SALE00044687,D0021,1,CustomerReturn,SIMULATED_REEM_V2,DEVELOPMENT,TRUE
RET0000668,2026-06-23T15:22:00,SALE00044732,D0037,1,CustomerReturn,SIMULATED_REEM_V2,DEVELOPMENT,TRUE
RET0000669,2026-06-23T10:49:00,SALE00044740,D0047,1,WrongItem,SIMULATED_REEM_V2,DEVELOPMENT,TRUE
RET0000670,2026-06-25T15:19:00,SALE00044803,D0033,1,WrongItem,SIMULATED_REEM_V2,DEVELOPMENT,TRUE
RET0000671,2026-06-28T11:42:00,SALE00044892,D0007,1,CustomerReturn,SIMULATED_REEM_V2,DEVELOPMENT,TRUE
RET0000672,2026-07-01T10:17:00,SALE00044995,D0007,1,WrongItem,SIMULATED_REEM_V2,DEVELOPMENT,TRUE
RET0000673,2026-07-01T17:17:00,SALE00045022,D0047,1,CustomerReturn,SIMULATED_REEM_V2,DEVELOPMENT,TRUE
RET0000674,2026-07-03T16:10:00,SALE00045088,D0042,1,DamagedPackage,SIMULATED_REEM_V2,DEVELOPMENT,TRUE
RET0000675,2026-07-09T14:14:00,SALE00045284,D0034,1,WrongItem,SIMULATED_REEM_V2,DEVELOPMENT,TRUE
RET0000676,2026-07-09T11:47:00,SALE00045288,D0039,1,WrongItem,SIMULATED_REEM_V2,DEVELOPMENT,TRUE
RET0000677,2026-07-10T19:37:00,SALE00045305,D0010,1,WrongItem,SIMULATED_REEM_V2,DEVELOPMENT,TRUE
RET0000678,2026-07-10T20:51:00,SALE00045322,D0037,1,CustomerReturn,SIMULATED_REEM_V2,DEVELOPMENT,TRUE
RET0000679,2026-07-12T16:28:00,SALE00045381,D0021,1,DamagedPackage,SIMULATED_REEM_V2,DEVELOPMENT,TRUE
RET0000680,2026-07-16T20:47:00,SALE00045531,D0037,1,CustomerReturn,SIMULATED_REEM_V2,DEVELOPMENT,TRUE
RET0000681,2026-07-17T12:16:00,SALE00045561,D0027,1,WrongItem,SIMULATED_REEM_V2,DEVELOPMENT,TRUE
RET0000682,2026-07-20T18:19:00,SALE00045674,D0043,1,DamagedPackage,SIMULATED_REEM_V2,DEVELOPMENT,TRUE
RET0000683,2026-07-21T21:35:00,SALE00045682,D0005,1,DamagedPackage,SIMULATED_REEM_V2,DEVELOPMENT,TRUE
RET0000684,2026-07-24T10:15:00,SALE00045803,D0027,1,WrongItem,SIMULATED_REEM_V2,DEVELOPMENT,TRUE
RET0000685,2026-07-24T10:24:00,SALE00045819,D0046,1,CustomerReturn,SIMULATED_REEM_V2,DEVELOPMENT,TRUE
RET0000686,2026-07-25T13:14:00,SALE00045858,D0050,1,WrongItem,SIMULATED_REEM_V2,DEVELOPMENT,TRUE
RET0000687,2026-07-27T16:35:00,SALE00045899,D0010,1,CustomerReturn,SIMULATED_REEM_V2,DEVELOPMENT,TRUE
RET0000688,2026-07-27T14:34:00,SALE00045914,D0038,1,CustomerReturn,SIMULATED_REEM_V2,DEVELOPMENT,TRUE
RET0000689,2026-08-01T19:33:00,SALE00046076,D0018,1,CustomerReturn,SIMULATED_REEM_V2,DEVELOPMENT,TRUE
RET0000690,2026-08-05T17:03:00,SALE00046215,D0030,1,CustomerReturn,SIMULATED_REEM_V2,DEVELOPMENT,TRUE
RET0000691,2026-08-07T10:52:00,SALE00046271,D0008,1,CustomerReturn,SIMULATED_REEM_V2,DEVELOPMENT,TRUE
RET0000692,2026-08-07T10:46:00,SALE00046300,D0049,1,DamagedPackage,SIMULATED_REEM_V2,DEVELOPMENT,TRUE
RET0000693,2026-08-08T12:15:00,SALE00046309,D0016,1,WrongItem,SIMULATED_REEM_V2,DEVELOPMENT,TRUE
RET0000694,2026-08-10T19:23:00,SALE00046387,D0031,1,DamagedPackage,SIMULATED_REEM_V2,DEVELOPMENT,TRUE
RET0000695,2026-08-14T21:43:00,SALE00046505,D0005,1,DamagedPackage,SIMULATED_REEM_V2,DEVELOPMENT,TRUE
RET0000696,2026-08-22T13:27:00,SALE00046793,D0030,1,CustomerReturn,SIMULATED_REEM_V2,DEVELOPMENT,TRUE
RET0000697,2026-08-23T13:11:00,SALE00046818,D0021,1,CustomerReturn,SIMULATED_REEM_V2,DEVELOPMENT,TRUE
RET0000698,2026-08-28T13:16:00,SALE00046974,D0006,1,WrongItem,SIMULATED_REEM_V2,DEVELOPMENT,TRUE
RET0000699,2026-08-31T09:05:00,SALE00047098,D0048,1,CustomerReturn,SIMULATED_REEM_V2,DEVELOPMENT,TRUE
RET0000700,2026-08-31T11:16:00,SALE00047100,D0050,1,CustomerReturn,SIMULATED_REEM_V2,DEVELOPMENT,TRUE
RET0000701,2026-09-02T19:40:00,SALE00047136,D0003,1,CustomerReturn,SIMULATED_REEM_V2,DEVELOPMENT,TRUE
RET0000702,2026-09-09T18:40:00,SALE00047377,D0042,1,WrongItem,SIMULATED_REEM_V2,DEVELOPMENT,TRUE
RET0000703,2026-09-09T19:47:00,SALE00047380,D0047,1,DamagedPackage,SIMULATED_REEM_V2,DEVELOPMENT,TRUE
