Medicine,ExpiryRisk,StockRisk,OverallRisk,DataSource
Acetylcysteine,LOW,VERY_HIGH_COVERAGE,HIGH,OBSERVED_V13
Albendazole,LOW,NO_OBSERVED_DEMAND,LOW,OBSERVED_V13
Allopurinol,LOW,VERY_HIGH_COVERAGE,HIGH,OBSERVED_V13
Ambroxol,LOW,VERY_HIGH_COVERAGE,HIGH,OBSERVED_V13
Amikacin,LOW,NO_OBSERVED_DEMAND,LOW,OBSERVED_V13
Amitriptyline,LOW,NO_OBSERVED_DEMAND,LOW,OBSERVED_V13
Amlodipine,LOW,NO_OBSERVED_DEMAND,LOW,OBSERVED_V13
Amoxicillin,LOW,NO_OBSERVED_DEMAND,LOW,OBSERVED_V13
Apixaban,LOW,NO_OBSERVED_DEMAND,LOW,OBSERVED_V13
ArtemetherLumefantrine,LOW,NO_OBSERVED_DEMAND,LOW,OBSERVED_V13
ArtificialTears,LOW,NO_OBSERVED_DEMAND,LOW,OBSERVED_V13
Aspirin,LOW,NO_OBSERVED_DEMAND,LOW,OBSERVED_V13
Atenolol,LOW,NO_OBSERVED_DEMAND,LOW,OBSERVED_V13
Atorvastatin,LOW,NO_OBSERVED_DEMAND,LOW,OBSERVED_V13
Augmentin,LOW,NO_OBSERVED_DEMAND,LOW,OBSERVED_V13
Azithromycin,LOW,NO_OBSERVED_DEMAND,LOW,OBSERVED_V13
Beclomethasone,LOW,NO_OBSERVED_DEMAND,LOW,OBSERVED_V13
Bisacodyl,LOW,NO_OBSERVED_DEMAND,LOW,OBSERVED_V13
Bisoprolol,LOW,NO_OBSERVED_DEMAND,LOW,OBSERVED_V13
Brimonidine,LOW,NO_OBSERVED_DEMAND,LOW,OBSERVED_V13
Bromhexine,LOW,NO_OBSERVED_DEMAND,LOW,OBSERVED_V13
Budesonide,LOW,NO_OBSERVED_DEMAND,LOW,OBSERVED_V13
CalciumCarbonate,LOW,NO_OBSERVED_DEMAND,LOW,OBSERVED_V13
Carbamazepine,LOW,NO_OBSERVED_DEMAND,LOW,OBSERVED_V13
Carbimazole,LOW,NO_OBSERVED_DEMAND,LOW,OBSERVED_V13
Cefalexin,LOW,NO_OBSERVED_DEMAND,LOW,OBSERVED_V13
Ceftriaxone,LOW,NO_OBSERVED_DEMAND,LOW,OBSERVED_V13
Cefuroxime,LOW,NO_OBSERVED_DEMAND,LOW,OBSERVED_V13
Cetirizine,LOW,NO_OBSERVED_DEMAND,LOW,OBSERVED_V13
Chlorpheniramine,LOW,NO_OBSERVED_DEMAND,LOW,OBSERVED_V13
Ciprofloxacin,LOW,NO_OBSERVED_DEMAND,LOW,OBSERVED_V13
Clopidogrel,LOW,NO_OBSERVED_DEMAND,LOW,OBSERVED_V13
Clotrimazole,LOW,NO_OBSERVED_DEMAND,LOW,OBSERVED_V13
Codeine,LOW,NO_OBSERVED_DEMAND,LOW,OBSERVED_V13
Colchicine,LOW,NO_OBSERVED_DEMAND,LOW,OBSERVED_V13
Diazepam,LOW,NO_OBSERVED_DEMAND,LOW,OBSERVED_V13
Diclofenac,LOW,NO_OBSERVED_DEMAND,LOW,OBSERVED_V13
Domperidone,LOW,NO_OBSERVED_DEMAND,LOW,OBSERVED_V13
Doxycycline,LOW,NO_OBSERVED_DEMAND,LOW,OBSERVED_V13
Duloxetine,LOW,NO_OBSERVED_DEMAND,LOW,OBSERVED_V13
Enalapril,LOW,NO_OBSERVED_DEMAND,LOW,OBSERVED_V13
Esomeprazole,LOW,NO_OBSERVED_DEMAND,LOW,OBSERVED_V13
FerrousSulphate,LOW,NO_OBSERVED_DEMAND,LOW,OBSERVED_V13
Fluconazole,LOW,NO_OBSERVED_DEMAND,LOW,OBSERVED_V13
Fluoxetine,LOW,NO_OBSERVED_DEMAND,LOW,OBSERVED_V13
FolicAcid,LOW,NO_OBSERVED_DEMAND,LOW,OBSERVED_V13
Furosemide,LOW,NO_OBSERVED_DEMAND,LOW,OBSERVED_V13
Gabapentin,LOW,NO_OBSERVED_DEMAND,LOW,OBSERVED_V13
Gentamicin,LOW,NO_OBSERVED_DEMAND,LOW,OBSERVED_V13
Glibenclamide,LOW,NO_OBSERVED_DEMAND,LOW,OBSERVED_V13
Gliclazide,LOW,NO_OBSERVED_DEMAND,LOW,OBSERVED_V13
Guaifenesin,LOW,NO_OBSERVED_DEMAND,LOW,OBSERVED_V13
Haloperidol,LOW,NO_OBSERVED_DEMAND,LOW,OBSERVED_V13
Hydrochlorothiazide,LOW,NO_OBSERVED_DEMAND,LOW,OBSERVED_V13
Hydrocortisone,LOW,NO_OBSERVED_DEMAND,LOW,OBSERVED_V13
Hydroxychloroquine,LOW,NO_OBSERVED_DEMAND,LOW,OBSERVED_V13
HyoscineButylbromide,LOW,NO_OBSERVED_DEMAND,LOW,OBSERVED_V13
Ibuprofen,LOW,NO_OBSERVED_DEMAND,LOW,OBSERVED_V13
Imipenem,LOW,NO_OBSERVED_DEMAND,LOW,OBSERVED_V13
InsulinActrapid,LOW,NO_OBSERVED_DEMAND,LOW,OBSERVED_V13
InsulinMixtard,LOW,NO_OBSERVED_DEMAND,LOW,OBSERVED_V13
Ketoconazole,LOW,NO_OBSERVED_DEMAND,LOW,OBSERVED_V13
Lactulose,LOW,NO_OBSERVED_DEMAND,LOW,OBSERVED_V13
Latanoprost,LOW,NO_OBSERVED_DEMAND,LOW,OBSERVED_V13
Levetiracetam,LOW,NO_OBSERVED_DEMAND,LOW,OBSERVED_V13
Levothyroxine,LOW,NO_OBSERVED_DEMAND,LOW,OBSERVED_V13
Linezolid,LOW,NO_OBSERVED_DEMAND,LOW,OBSERVED_V13
Lisinopril,LOW,NO_OBSERVED_DEMAND,LOW,OBSERVED_V13
Loperamide,LOW,NO_OBSERVED_DEMAND,LOW,OBSERVED_V13
Loratadine,LOW,NO_OBSERVED_DEMAND,LOW,OBSERVED_V13
Lorazepam,LOW,NO_OBSERVED_DEMAND,LOW,OBSERVED_V13
Losartan,LOW,NO_OBSERVED_DEMAND,LOW,OBSERVED_V13
MagnesiumOxide,LOW,NO_OBSERVED_DEMAND,LOW,OBSERVED_V13
Mebendazole,LOW,NO_OBSERVED_DEMAND,LOW,OBSERVED_V13
Meloxicam,LOW,NO_OBSERVED_DEMAND,LOW,OBSERVED_V13
Meropenem,LOW,NO_OBSERVED_DEMAND,LOW,OBSERVED_V13
Metformin,LOW,NO_OBSERVED_DEMAND,LOW,OBSERVED_V13
Methotrexate,LOW,NO_OBSERVED_DEMAND,LOW,OBSERVED_V13
Metronidazole,LOW,NO_OBSERVED_DEMAND,LOW,OBSERVED_V13
Miconazole,LOW,NO_OBSERVED_DEMAND,LOW,OBSERVED_V13
Mometasone,LOW,NO_OBSERVED_DEMAND,LOW,OBSERVED_V13
Montelukast,LOW,NO_OBSERVED_DEMAND,LOW,OBSERVED_V13
Multivitamin,LOW,NO_OBSERVED_DEMAND,LOW,OBSERVED_V13
Naproxen,LOW,NO_OBSERVED_DEMAND,LOW,OBSERVED_V13
Nystatin,LOW,NO_OBSERVED_DEMAND,LOW,OBSERVED_V13
Olanzapine,LOW,NO_OBSERVED_DEMAND,LOW,OBSERVED_V13
Omeprazole,LOW,NO_OBSERVED_DEMAND,LOW,OBSERVED_V13
Ondansetron,LOW,NO_OBSERVED_DEMAND,LOW,OBSERVED_V13
ORS,LOW,NO_OBSERVED_DEMAND,LOW,OBSERVED_V13
Pantoprazole,LOW,NO_OBSERVED_DEMAND,LOW,OBSERVED_V13
Paracetamol,LOW,NO_OBSERVED_DEMAND,LOW,OBSERVED_V13
Phenylephrine,LOW,NO_OBSERVED_DEMAND,LOW,OBSERVED_V13
Phenytoin,LOW,NO_OBSERVED_DEMAND,LOW,OBSERVED_V13
PovidoneIodine,LOW,NO_OBSERVED_DEMAND,LOW,OBSERVED_V13
Prednisolone,LOW,NO_OBSERVED_DEMAND,LOW,OBSERVED_V13
Pregabalin,LOW,NO_OBSERVED_DEMAND,LOW,OBSERVED_V13
Pseudoephedrine,LOW,NO_OBSERVED_DEMAND,LOW,OBSERVED_V13
Quinine,LOW,NO_OBSERVED_DEMAND,LOW,OBSERVED_V13
Ranitidine,LOW,NO_OBSERVED_DEMAND,LOW,OBSERVED_V13
Risperidone,LOW,NO_OBSERVED_DEMAND,LOW,OBSERVED_V13
Rivaroxaban,LOW,NO_OBSERVED_DEMAND,LOW,OBSERVED_V13
Rosuvastatin,LOW,NO_OBSERVED_DEMAND,LOW,OBSERVED_V13
Salbutamol,LOW,NO_OBSERVED_DEMAND,LOW,OBSERVED_V13
Sertraline,LOW,NO_OBSERVED_DEMAND,LOW,OBSERVED_V13
Simvastatin,LOW,NO_OBSERVED_DEMAND,LOW,OBSERVED_V13
SodiumValproate,LOW,NO_OBSERVED_DEMAND,LOW,OBSERVED_V13
Spironolactone,LOW,NO_OBSERVED_DEMAND,LOW,OBSERVED_V13
Sulfasalazine,LOW,NO_OBSERVED_DEMAND,LOW,OBSERVED_V13
Terbinafine,LOW,NO_OBSERVED_DEMAND,LOW,OBSERVED_V13
Tetracycline,LOW,NO_OBSERVED_DEMAND,LOW,OBSERVED_V13
Timolol,LOW,NO_OBSERVED_DEMAND,LOW,OBSERVED_V13
Tramadol,LOW,NO_OBSERVED_DEMAND,LOW,OBSERVED_V13
Valsartan,LOW,NO_OBSERVED_DEMAND,LOW,OBSERVED_V13
Vancomycin,LOW,NO_OBSERVED_DEMAND,LOW,OBSERVED_V13
Venlafaxine,LOW,NO_OBSERVED_DEMAND,LOW,OBSERVED_V13
VitaminBComplex,LOW,NO_OBSERVED_DEMAND,LOW,OBSERVED_V13
VitaminC,LOW,NO_OBSERVED_DEMAND,LOW,OBSERVED_V13
VitaminD3,LOW,NO_OBSERVED_DEMAND,LOW,OBSERVED_V13
Warfarin,LOW,NO_OBSERVED_DEMAND,LOW,OBSERVED_V13
ZincSulphate,LOW,NO_OBSERVED_DEMAND,LOW,OBSERVED_V13
