BatchID,DrugID,Quantity,ExpiryDate,DaysToExpiry,ExpiryRisk,DataSource,DataStatus,OperationalUse
B000001,D0001,444.0,2024-09-03,-737,EXPIRED,SIMULATED_REEM_V2,DEVELOPMENT,PROHIBITED
B000002,D0002,157.0,2024-01-07,-977,EXPIRED,SIMULATED_REEM_V2,DEVELOPMENT,PROHIBITED
B000003,D0003,132.0,2024-11-17,-662,EXPIRED,SIMULATED_REEM_V2,DEVELOPMENT,PROHIBITED
B000004,D0004,472.0,2024-01-03,-981,EXPIRED,SIMULATED_REEM_V2,DEVELOPMENT,PROHIBITED
B000005,D0005,434.0,2025-06-05,-462,EXPIRED,SIMULATED_REEM_V2,DEVELOPMENT,PROHIBITED
B000006,D0006,111.0,2025-05-03,-495,EXPIRED,SIMULATED_REEM_V2,DEVELOPMENT,PROHIBITED
B000007,D0007,177.0,2023-09-23,-1083,EXPIRED,SIMULATED_REEM_V2,DEVELOPMENT,PROHIBITED
B000008,D0008,312.0,2023-11-29,-1016,EXPIRED,SIMULATED_REEM_V2,DEVELOPMENT,PROHIBITED
B000009,D0009,398.0,2024-12-05,-644,EXPIRED,SIMULATED_REEM_V2,DEVELOPMENT,PROHIBITED
B000010,D0010,302.0,2025-02-17,-570,EXPIRED,SIMULATED_REEM_V2,DEVELOPMENT,PROHIBITED
B000011,D0011,293.0,2024-06-26,-806,EXPIRED,SIMULATED_REEM_V2,DEVELOPMENT,PROHIBITED
B000012,D0012,308.0,2024-01-06,-978,EXPIRED,SIMULATED_REEM_V2,DEVELOPMENT,PROHIBITED
B000013,D0013,394.0,2024-07-01,-801,EXPIRED,SIMULATED_REEM_V2,DEVELOPMENT,PROHIBITED
B000014,D0014,219.0,2024-09-08,-732,EXPIRED,SIMULATED_REEM_V2,DEVELOPMENT,PROHIBITED
B000015,D0015,492.0,2024-04-22,-871,EXPIRED,SIMULATED_REEM_V2,DEVELOPMENT,PROHIBITED
B000016,D0016,263.0,2024-07-25,-777,EXPIRED,SIMULATED_REEM_V2,DEVELOPMENT,PROHIBITED
B000017,D0017,298.0,2025-01-08,-610,EXPIRED,SIMULATED_REEM_V2,DEVELOPMENT,PROHIBITED
B000018,D0018,337.0,2025-04-09,-519,EXPIRED,SIMULATED_REEM_V2,DEVELOPMENT,PROHIBITED
B000019,D0019,320.0,2024-11-20,-659,EXPIRED,SIMULATED_REEM_V2,DEVELOPMENT,PROHIBITED
B000020,D0020,125.0,2024-12-27,-622,EXPIRED,SIMULATED_REEM_V2,DEVELOPMENT,PROHIBITED
B000021,D0021,433.0,2025-01-23,-595,EXPIRED,SIMULATED_REEM_V2,DEVELOPMENT,PROHIBITED
B000022,D0022,62.0,2024-03-15,-909,EXPIRED,SIMULATED_REEM_V2,DEVELOPMENT,PROHIBITED
B000023,D0023,391.0,2025-02-16,-571,EXPIRED,SIMULATED_REEM_V2,DEVELOPMENT,PROHIBITED
B000024,D0024,455.0,2024-05-25,-838,EXPIRED,SIMULATED_REEM_V2,DEVELOPMENT,PROHIBITED
B000025,D0025,234.0,2024-02-01,-952,EXPIRED,SIMULATED_REEM_V2,DEVELOPMENT,PROHIBITED
B000026,D0026,386.0,2024-03-31,-893,EXPIRED,SIMULATED_REEM_V2,DEVELOPMENT,PROHIBITED
B000027,D0027,378.0,2024-04-03,-890,EXPIRED,SIMULATED_REEM_V2,DEVELOPMENT,PROHIBITED
B000028,D0028,436.0,2024-03-30,-894,EXPIRED,SIMULATED_REEM_V2,DEVELOPMENT,PROHIBITED
B000029,D0029,403.0,2024-11-06,-673,EXPIRED,SIMULATED_REEM_V2,DEVELOPMENT,PROHIBITED
B000030,D0030,393.0,2023-10-23,-1053,EXPIRED,SIMULATED_REEM_V2,DEVELOPMENT,PROHIBITED
B000031,D0031,52.0,2024-07-26,-776,EXPIRED,SIMULATED_REEM_V2,DEVELOPMENT,PROHIBITED
B000032,D0032,387.0,2024-12-18,-631,EXPIRED,SIMULATED_REEM_V2,DEVELOPMENT,PROHIBITED
B000033,D0033,85.0,2025-06-11,-456,EXPIRED,SIMULATED_REEM_V2,DEVELOPMENT,PROHIBITED
B000034,D0034,474.0,2023-07-23,-1145,EXPIRED,SIMULATED_REEM_V2,DEVELOPMENT,PROHIBITED
B000035,D0035,429.0,2024-07-14,-788,EXPIRED,SIMULATED_REEM_V2,DEVELOPMENT,PROHIBITED
B000036,D0036,387.0,2023-09-21,-1085,EXPIRED,SIMULATED_REEM_V2,DEVELOPMENT,PROHIBITED
B000037,D0037,155.0,2024-05-18,-845,EXPIRED,SIMULATED_REEM_V2,DEVELOPMENT,PROHIBITED
B000038,D0038,462.0,2024-08-11,-760,EXPIRED,SIMULATED_REEM_V2,DEVELOPMENT,PROHIBITED
B000039,D0039,386.0,2025-01-14,-604,EXPIRED,SIMULATED_REEM_V2,DEVELOPMENT,PROHIBITED
B000040,D0040,326.0,2024-11-19,-660,EXPIRED,SIMULATED_REEM_V2,DEVELOPMENT,PROHIBITED
B000041,D0041,426.0,2025-04-01,-527,EXPIRED,SIMULATED_REEM_V2,DEVELOPMENT,PROHIBITED
B000042,D0042,355.0,2023-10-11,-1065,EXPIRED,SIMULATED_REEM_V2,DEVELOPMENT,PROHIBITED
B000043,D0043,430.0,2024-06-10,-822,EXPIRED,SIMULATED_REEM_V2,DEVELOPMENT,PROHIBITED
B000044,D0044,175.0,2024-01-03,-981,EXPIRED,SIMULATED_REEM_V2,DEVELOPMENT,PROHIBITED
B000045,D0045,135.0,2024-02-18,-935,EXPIRED,SIMULATED_REEM_V2,DEVELOPMENT,PROHIBITED
B000046,D0046,296.0,2024-01-21,-963,EXPIRED,SIMULATED_REEM_V2,DEVELOPMENT,PROHIBITED
B000047,D0047,240.0,2024-01-24,-960,EXPIRED,SIMULATED_REEM_V2,DEVELOPMENT,PROHIBITED
B000048,D0048,282.0,2024-07-31,-771,EXPIRED,SIMULATED_REEM_V2,DEVELOPMENT,PROHIBITED
B000049,D0049,170.0,2025-06-06,-461,EXPIRED,SIMULATED_REEM_V2,DEVELOPMENT,PROHIBITED
B000050,D0050,458.0,2024-08-19,-752,EXPIRED,SIMULATED_REEM_V2,DEVELOPMENT,PROHIBITED
B000051,D0016,389.0,2023-07-19,-1149,EXPIRED,SIMULATED_REEM_V2,DEVELOPMENT,PROHIBITED
B000052,D0018,426.0,2025-01-21,-597,EXPIRED,SIMULATED_REEM_V2,DEVELOPMENT,PROHIBITED
B000053,D0048,414.0,2025-01-26,-592,EXPIRED,SIMULATED_REEM_V2,DEVELOPMENT,PROHIBITED
B000054,D0027,449.0,2024-07-20,-782,EXPIRED,SIMULATED_REEM_V2,DEVELOPMENT,PROHIBITED
B000055,D0042,455.0,2025-01-28,-590,EXPIRED,SIMULATED_REEM_V2,DEVELOPMENT,PROHIBITED
B000056,D0043,455.0,2023-08-02,-1135,EXPIRED,SIMULATED_REEM_V2,DEVELOPMENT,PROHIBITED
B000057,D0006,108.0,2024-02-06,-947,EXPIRED,SIMULATED_REEM_V2,DEVELOPMENT,PROHIBITED
B000058,D0001,400.0,2024-08-02,-769,EXPIRED,SIMULATED_REEM_V2,DEVELOPMENT,PROHIBITED
B000059,D0003,120.0,2023-08-12,-1125,EXPIRED,SIMULATED_REEM_V2,DEVELOPMENT,PROHIBITED
B000060,D0021,426.0,2025-02-15,-572,EXPIRED,SIMULATED_REEM_V2,DEVELOPMENT,PROHIBITED
B000061,D0007,162.0,2026-02-17,-205,EXPIRED,SIMULATED_REEM_V2,DEVELOPMENT,PROHIBITED
B000062,D0009,319.0,2024-02-23,-930,EXPIRED,SIMULATED_REEM_V2,DEVELOPMENT,PROHIBITED
B000063,D0011,279.0,2025-02-23,-564,EXPIRED,SIMULATED_REEM_V2,DEVELOPMENT,PROHIBITED
B000064,D0035,296.0,2025-02-25,-562,EXPIRED,SIMULATED_REEM_V2,DEVELOPMENT,PROHIBITED
B000065,D0046,218.0,2024-08-21,-750,EXPIRED,SIMULATED_REEM_V2,DEVELOPMENT,PROHIBITED
B000066,D0005,290.0,2025-03-02,-557,EXPIRED,SIMULATED_REEM_V2,DEVELOPMENT,PROHIBITED
B000067,D0022,50.0,2023-09-05,-1101,EXPIRED,SIMULATED_REEM_V2,DEVELOPMENT,PROHIBITED
B000068,D0029,257.0,2024-03-08,-916,EXPIRED,SIMULATED_REEM_V2,DEVELOPMENT,PROHIBITED
B000069,D0048,355.0,2025-03-12,-547,EXPIRED,SIMULATED_REEM_V2,DEVELOPMENT,PROHIBITED
B000070,D0018,387.0,2025-03-13,-546,EXPIRED,SIMULATED_REEM_V2,DEVELOPMENT,PROHIBITED
B000071,D0016,389.0,2023-09-14,-1092,EXPIRED,SIMULATED_REEM_V2,DEVELOPMENT,PROHIBITED
B000072,D0006,108.0,2024-03-20,-904,EXPIRED,SIMULATED_REEM_V2,DEVELOPMENT,PROHIBITED
B000073,D0042,455.0,2025-03-21,-538,EXPIRED,SIMULATED_REEM_V2,DEVELOPMENT,PROHIBITED
B000074,D0021,426.0,2025-03-22,-537,EXPIRED,SIMULATED_REEM_V2,DEVELOPMENT,PROHIBITED
B000075,D0049,88.0,2025-03-22,-537,EXPIRED,SIMULATED_REEM_V2,DEVELOPMENT,PROHIBITED
B000076,D0031,41.0,2025-03-23,-536,EXPIRED,SIMULATED_REEM_V2,DEVELOPMENT,PROHIBITED
B000077,D0001,400.0,2024-09-15,-725,EXPIRED,SIMULATED_REEM_V2,DEVELOPMENT,PROHIBITED
B000078,D0003,137.0,2023-09-24,-1082,EXPIRED,SIMULATED_REEM_V2,DEVELOPMENT,PROHIBITED
B000079,D0009,319.0,2024-03-27,-897,EXPIRED,SIMULATED_REEM_V2,DEVELOPMENT,PROHIBITED
B000080,D0027,449.0,2024-09-23,-717,EXPIRED,SIMULATED_REEM_V2,DEVELOPMENT,PROHIBITED
B000081,D0043,455.0,2023-10-05,-1071,EXPIRED,SIMULATED_REEM_V2,DEVELOPMENT,PROHIBITED
B000082,D0007,162.0,2026-04-08,-155,EXPIRED,SIMULATED_REEM_V2,DEVELOPMENT,PROHIBITED
B000083,D0032,178.0,2026-04-09,-154,EXPIRED,SIMULATED_REEM_V2,DEVELOPMENT,PROHIBITED
B000084,D0011,279.0,2025-04-13,-515,EXPIRED,SIMULATED_REEM_V2,DEVELOPMENT,PROHIBITED
B000085,D0005,286.0,2025-04-15,-513,EXPIRED,SIMULATED_REEM_V2,DEVELOPMENT,PROHIBITED
B000086,D0035,296.0,2025-04-18,-510,EXPIRED,SIMULATED_REEM_V2,DEVELOPMENT,PROHIBITED
B000087,D0048,356.0,2025-04-20,-508,EXPIRED,SIMULATED_REEM_V2,DEVELOPMENT,PROHIBITED
B000088,D0046,202.0,2024-10-14,-696,EXPIRED,SIMULATED_REEM_V2,DEVELOPMENT,PROHIBITED
B000089,D0033,50.0,2024-04-27,-866,EXPIRED,SIMULATED_REEM_V2,DEVELOPMENT,PROHIBITED
B000090,D0050,187.0,2024-10-25,-685,EXPIRED,SIMULATED_REEM_V2,DEVELOPMENT,PROHIBITED
B000091,D0029,257.0,2024-05-03,-860,EXPIRED,SIMULATED_REEM_V2,DEVELOPMENT,PROHIBITED
B000092,D0018,426.0,2025-05-04,-494,EXPIRED,SIMULATED_REEM_V2,DEVELOPMENT,PROHIBITED
B000093,D0006,108.0,2024-05-06,-857,EXPIRED,SIMULATED_REEM_V2,DEVELOPMENT,PROHIBITED
B000094,D0016,389.0,2023-11-03,-1042,EXPIRED,SIMULATED_REEM_V2,DEVELOPMENT,PROHIBITED
B000095,D0003,137.0,2023-11-03,-1042,EXPIRED,SIMULATED_REEM_V2,DEVELOPMENT,PROHIBITED
B000096,D0049,88.0,2025-05-09,-489,EXPIRED,SIMULATED_REEM_V2,DEVELOPMENT,PROHIBITED
B000097,D0021,426.0,2025-05-11,-487,EXPIRED,SIMULATED_REEM_V2,DEVELOPMENT,PROHIBITED
B000098,D0009,319.0,2024-05-13,-850,EXPIRED,SIMULATED_REEM_V2,DEVELOPMENT,PROHIBITED
B000099,D0037,52.0,2023-11-11,-1034,EXPIRED,SIMULATED_REEM_V2,DEVELOPMENT,PROHIBITED
B000100,D0042,455.0,2025-05-15,-483,EXPIRED,SIMULATED_REEM_V2,DEVELOPMENT,PROHIBITED
B000101,D0001,400.0,2024-11-08,-671,EXPIRED,SIMULATED_REEM_V2,DEVELOPMENT,PROHIBITED
B000102,D0022,50.0,2023-11-15,-1030,EXPIRED,SIMULATED_REEM_V2,DEVELOPMENT,PROHIBITED
B000103,D0038,155.0,2023-11-15,-1030,EXPIRED,SIMULATED_REEM_V2,DEVELOPMENT,PROHIBITED
B000104,D0043,455.0,2023-11-17,-1028,EXPIRED,SIMULATED_REEM_V2,DEVELOPMENT,PROHIBITED
B000105,D0011,279.0,2025-05-22,-476,EXPIRED,SIMULATED_REEM_V2,DEVELOPMENT,PROHIBITED
B000106,D0027,449.0,2024-11-16,-663,EXPIRED,SIMULATED_REEM_V2,DEVELOPMENT,PROHIBITED
B000107,D0046,218.0,2024-11-17,-662,EXPIRED,SIMULATED_REEM_V2,DEVELOPMENT,PROHIBITED
B000108,D0007,162.0,2026-05-27,-106,EXPIRED,SIMULATED_REEM_V2,DEVELOPMENT,PROHIBITED
B000109,D0005,318.0,2025-05-29,-469,EXPIRED,SIMULATED_REEM_V2,DEVELOPMENT,PROHIBITED
B000110,D0035,296.0,2025-06-04,-463,EXPIRED,SIMULATED_REEM_V2,DEVELOPMENT,PROHIBITED
B000111,D0048,414.0,2025-06-08,-459,EXPIRED,SIMULATED_REEM_V2,DEVELOPMENT,PROHIBITED
B000112,D0050,187.0,2024-12-04,-645,EXPIRED,SIMULATED_REEM_V2,DEVELOPMENT,PROHIBITED
B000113,D0032,178.0,2026-06-14,-88,EXPIRED,SIMULATED_REEM_V2,DEVELOPMENT,PROHIBITED
B000114,D0018,426.0,2025-06-14,-453,EXPIRED,SIMULATED_REEM_V2,DEVELOPMENT,PROHIBITED
B000115,D0006,93.0,2024-06-17,-815,EXPIRED,SIMULATED_REEM_V2,DEVELOPMENT,PROHIBITED
B000116,D0003,137.0,2023-12-15,-1000,EXPIRED,SIMULATED_REEM_V2,DEVELOPMENT,PROHIBITED
B000117,D0029,257.0,2024-06-20,-812,EXPIRED,SIMULATED_REEM_V2,DEVELOPMENT,PROHIBITED
B000118,D0042,455.0,2025-06-23,-444,EXPIRED,SIMULATED_REEM_V2,DEVELOPMENT,PROHIBITED
B000119,D0016,389.0,2023-12-24,-991,EXPIRED,SIMULATED_REEM_V2,DEVELOPMENT,PROHIBITED
B000120,D0021,426.0,2025-06-27,-440,EXPIRED,SIMULATED_REEM_V2,DEVELOPMENT,PROHIBITED
B000121,D0027,449.0,2024-12-24,-625,EXPIRED,SIMULATED_REEM_V2,DEVELOPMENT,PROHIBITED
B000122,D0033,50.0,2024-07-02,-800,EXPIRED,SIMULATED_REEM_V2,DEVELOPMENT,PROHIBITED
B000123,D0001,400.0,2024-12-31,-618,EXPIRED,SIMULATED_REEM_V2,DEVELOPMENT,PROHIBITED
B000124,D0049,88.0,2025-07-10,-427,EXPIRED,SIMULATED_REEM_V2,DEVELOPMENT,PROHIBITED
B000125,D0038,155.0,2024-01-08,-976,EXPIRED,SIMULATED_REEM_V2,DEVELOPMENT,PROHIBITED
B000126,D0031,50.0,2025-07-11,-426,EXPIRED,SIMULATED_REEM_V2,DEVELOPMENT,PROHIBITED
B000127,D0024,107.0,2024-07-18,-784,EXPIRED,SIMULATED_REEM_V2,DEVELOPMENT,PROHIBITED
B000128,D0009,319.0,2024-07-19,-783,EXPIRED,SIMULATED_REEM_V2,DEVELOPMENT,PROHIBITED
B000129,D0043,455.0,2024-01-17,-967,EXPIRED,SIMULATED_REEM_V2,DEVELOPMENT,PROHIBITED
B000130,D0005,318.0,2025-07-21,-416,EXPIRED,SIMULATED_REEM_V2,DEVELOPMENT,PROHIBITED
B000131,D0007,162.0,2026-07-22,-50,EXPIRED,SIMULATED_REEM_V2,DEVELOPMENT,PROHIBITED
B000132,D0037,52.0,2024-01-20,-964,EXPIRED,SIMULATED_REEM_V2,DEVELOPMENT,PROHIBITED
B000133,D0046,218.0,2025-01-16,-602,EXPIRED,SIMULATED_REEM_V2,DEVELOPMENT,PROHIBITED
B000134,D0048,414.0,2025-07-26,-411,EXPIRED,SIMULATED_REEM_V2,DEVELOPMENT,PROHIBITED
B000135,D0011,279.0,2025-07-28,-409,EXPIRED,SIMULATED_REEM_V2,DEVELOPMENT,PROHIBITED
B000136,D0032,178.0,2026-08-01,-40,EXPIRED,SIMULATED_REEM_V2,DEVELOPMENT,PROHIBITED
B000137,D0035,296.0,2025-08-06,-400,EXPIRED,SIMULATED_REEM_V2,DEVELOPMENT,PROHIBITED
B000138,D0050,187.0,2025-01-29,-589,EXPIRED,SIMULATED_REEM_V2,DEVELOPMENT,PROHIBITED
B000139,D0047,52.0,2026-08-12,-29,EXPIRED,SIMULATED_REEM_V2,DEVELOPMENT,PROHIBITED
B000140,D0022,50.0,2024-02-11,-942,EXPIRED,SIMULATED_REEM_V2,DEVELOPMENT,PROHIBITED
B000141,D0029,257.0,2024-08-18,-753,EXPIRED,SIMULATED_REEM_V2,DEVELOPMENT,PROHIBITED
B000142,D0006,108.0,2024-08-19,-752,EXPIRED,SIMULATED_REEM_V2,DEVELOPMENT,PROHIBITED
B000143,D0042,455.0,2025-08-20,-386,EXPIRED,SIMULATED_REEM_V2,DEVELOPMENT,PROHIBITED
B000144,D0018,426.0,2025-08-22,-384,EXPIRED,SIMULATED_REEM_V2,DEVELOPMENT,PROHIBITED
B000145,D0016,389.0,2024-02-19,-934,EXPIRED,SIMULATED_REEM_V2,DEVELOPMENT,PROHIBITED
B000146,D0003,137.0,2024-02-21,-932,EXPIRED,SIMULATED_REEM_V2,DEVELOPMENT,PROHIBITED
B000147,D0049,88.0,2025-09-08,-367,EXPIRED,SIMULATED_REEM_V2,DEVELOPMENT,PROHIBITED
B000148,D0009,319.0,2024-09-10,-730,EXPIRED,SIMULATED_REEM_V2,DEVELOPMENT,PROHIBITED
B000149,D0021,426.0,2025-09-11,-364,EXPIRED,SIMULATED_REEM_V2,DEVELOPMENT,PROHIBITED
B000150,D0001,400.0,2025-03-05,-554,EXPIRED,SIMULATED_REEM_V2,DEVELOPMENT,PROHIBITED
B000151,D0034,95.0,2024-09-12,-728,EXPIRED,SIMULATED_REEM_V2,DEVELOPMENT,PROHIBITED
B000152,D0038,155.0,2024-03-17,-907,EXPIRED,SIMULATED_REEM_V2,DEVELOPMENT,PROHIBITED
B000153,D0024,107.0,2024-09-21,-719,EXPIRED,SIMULATED_REEM_V2,DEVELOPMENT,PROHIBITED
B000154,D0027,449.0,2025-03-16,-543,EXPIRED,SIMULATED_REEM_V2,DEVELOPMENT,PROHIBITED
B000155,D0043,455.0,2024-03-28,-896,EXPIRED,SIMULATED_REEM_V2,DEVELOPMENT,PROHIBITED
B000156,D0005,318.0,2025-10-01,-344,EXPIRED,SIMULATED_REEM_V2,DEVELOPMENT,PROHIBITED
B000157,D0037,52.0,2024-04-01,-892,EXPIRED,SIMULATED_REEM_V2,DEVELOPMENT,PROHIBITED
B000158,D0007,162.0,2026-10-06,26,CRITICAL,SIMULATED_REEM_V2,DEVELOPMENT,PROHIBITED
B000159,D0048,414.0,2025-10-08,-337,EXPIRED,SIMULATED_REEM_V2,DEVELOPMENT,PROHIBITED
B000160,D0011,279.0,2025-10-10,-335,EXPIRED,SIMULATED_REEM_V2,DEVELOPMENT,PROHIBITED
B000161,D0032,178.0,2026-10-13,33,HIGH,SIMULATED_REEM_V2,DEVELOPMENT,PROHIBITED
B000162,D0046,218.0,2025-04-09,-519,EXPIRED,SIMULATED_REEM_V2,DEVELOPMENT,PROHIBITED
B000163,D0035,296.0,2025-10-16,-329,EXPIRED,SIMULATED_REEM_V2,DEVELOPMENT,PROHIBITED
B000164,D0050,187.0,2025-04-19,-509,EXPIRED,SIMULATED_REEM_V2,DEVELOPMENT,PROHIBITED
B000165,D0006,108.0,2024-10-26,-684,EXPIRED,SIMULATED_REEM_V2,DEVELOPMENT,PROHIBITED
B000166,D0003,137.0,2024-04-27,-866,EXPIRED,SIMULATED_REEM_V2,DEVELOPMENT,PROHIBITED
B000167,D0018,426.0,2025-11-02,-312,EXPIRED,SIMULATED_REEM_V2,DEVELOPMENT,PROHIBITED
B000168,D0042,455.0,2025-11-03,-311,EXPIRED,SIMULATED_REEM_V2,DEVELOPMENT,PROHIBITED
B000169,D0029,257.0,2024-11-04,-675,EXPIRED,SIMULATED_REEM_V2,DEVELOPMENT,PROHIBITED
B000170,D0047,52.0,2026-11-06,57,HIGH,SIMULATED_REEM_V2,DEVELOPMENT,PROHIBITED
B000171,D0022,50.0,2024-05-05,-858,EXPIRED,SIMULATED_REEM_V2,DEVELOPMENT,PROHIBITED
B000172,D0033,50.0,2024-11-10,-669,EXPIRED,SIMULATED_REEM_V2,DEVELOPMENT,PROHIBITED
B000173,D0021,426.0,2025-11-17,-297,EXPIRED,SIMULATED_REEM_V2,DEVELOPMENT,PROHIBITED
B000174,D0014,50.0,2025-11-18,-296,EXPIRED,SIMULATED_REEM_V2,DEVELOPMENT,PROHIBITED
B000175,D0009,319.0,2024-11-19,-660,EXPIRED,SIMULATED_REEM_V2,DEVELOPMENT,PROHIBITED
B000176,D0027,449.0,2025-05-13,-485,EXPIRED,SIMULATED_REEM_V2,DEVELOPMENT,PROHIBITED
B000177,D0016,389.0,2024-05-20,-843,EXPIRED,SIMULATED_REEM_V2,DEVELOPMENT,PROHIBITED
B000178,D0034,95.0,2024-11-21,-658,EXPIRED,SIMULATED_REEM_V2,DEVELOPMENT,PROHIBITED
B000179,D0049,88.0,2025-11-24,-290,EXPIRED,SIMULATED_REEM_V2,DEVELOPMENT,PROHIBITED
B000180,D0024,107.0,2024-12-01,-648,EXPIRED,SIMULATED_REEM_V2,DEVELOPMENT,PROHIBITED
B000181,D0001,400.0,2025-05-26,-472,EXPIRED,SIMULATED_REEM_V2,DEVELOPMENT,PROHIBITED
B000182,D0038,155.0,2024-06-01,-831,EXPIRED,SIMULATED_REEM_V2,DEVELOPMENT,PROHIBITED
B000183,D0010,51.0,2024-12-06,-643,EXPIRED,SIMULATED_REEM_V2,DEVELOPMENT,PROHIBITED
B000184,D0031,50.0,2025-12-09,-275,EXPIRED,SIMULATED_REEM_V2,DEVELOPMENT,PROHIBITED
B000185,D0005,318.0,2025-12-12,-272,EXPIRED,SIMULATED_REEM_V2,DEVELOPMENT,PROHIBITED
B000186,D0037,52.0,2024-06-13,-819,EXPIRED,SIMULATED_REEM_V2,DEVELOPMENT,PROHIBITED
B000187,D0007,162.0,2026-12-16,97,MEDIUM,SIMULATED_REEM_V2,DEVELOPMENT,PROHIBITED
B000188,D0043,376.0,2024-06-18,-814,EXPIRED,SIMULATED_REEM_V2,DEVELOPMENT,PROHIBITED
B000189,D0011,279.0,2025-12-20,-264,EXPIRED,SIMULATED_REEM_V2,DEVELOPMENT,PROHIBITED
B000190,D0046,218.0,2025-06-23,-444,EXPIRED,SIMULATED_REEM_V2,DEVELOPMENT,PROHIBITED
B000191,D0032,178.0,2027-01-01,113,MEDIUM,SIMULATED_REEM_V2,DEVELOPMENT,PROHIBITED
B000192,D0035,237.0,2026-01-02,-251,EXPIRED,SIMULATED_REEM_V2,DEVELOPMENT,PROHIBITED
B000193,D0048,414.0,2026-01-03,-250,EXPIRED,SIMULATED_REEM_V2,DEVELOPMENT,PROHIBITED
B000194,D0050,187.0,2025-06-29,-438,EXPIRED,SIMULATED_REEM_V2,DEVELOPMENT,PROHIBITED
B000195,D0006,108.0,2025-01-06,-612,EXPIRED,SIMULATED_REEM_V2,DEVELOPMENT,PROHIBITED
B000196,D0003,137.0,2024-07-07,-795,EXPIRED,SIMULATED_REEM_V2,DEVELOPMENT,PROHIBITED
B000197,D0047,41.0,2027-01-09,121,MEDIUM,SIMULATED_REEM_V2,DEVELOPMENT,PROHIBITED
B000198,D0018,426.0,2026-01-10,-243,EXPIRED,SIMULATED_REEM_V2,DEVELOPMENT,PROHIBITED
B000199,D0017,50.0,2027-01-11,123,MEDIUM,SIMULATED_REEM_V2,DEVELOPMENT,PROHIBITED
B000200,D0029,257.0,2025-01-11,-607,EXPIRED,SIMULATED_REEM_V2,DEVELOPMENT,PROHIBITED
B000201,D0042,455.0,2026-01-14,-239,EXPIRED,SIMULATED_REEM_V2,DEVELOPMENT,PROHIBITED
B000202,D0016,356.0,2024-07-14,-788,EXPIRED,SIMULATED_REEM_V2,DEVELOPMENT,PROHIBITED
B000203,D0021,426.0,2026-01-22,-231,EXPIRED,SIMULATED_REEM_V2,DEVELOPMENT,PROHIBITED
B000204,D0049,77.0,2026-01-22,-231,EXPIRED,SIMULATED_REEM_V2,DEVELOPMENT,PROHIBITED
B000205,D0009,319.0,2025-01-25,-593,EXPIRED,SIMULATED_REEM_V2,DEVELOPMENT,PROHIBITED
B000206,D0038,155.0,2024-07-26,-776,EXPIRED,SIMULATED_REEM_V2,DEVELOPMENT,PROHIBITED
B000207,D0027,449.0,2025-07-24,-413,EXPIRED,SIMULATED_REEM_V2,DEVELOPMENT,PROHIBITED
B000208,D0024,107.0,2025-01-31,-587,EXPIRED,SIMULATED_REEM_V2,DEVELOPMENT,PROHIBITED
B000209,D0034,95.0,2025-01-31,-587,EXPIRED,SIMULATED_REEM_V2,DEVELOPMENT,PROHIBITED
B000210,D0001,400.0,2025-07-27,-410,EXPIRED,SIMULATED_REEM_V2,DEVELOPMENT,PROHIBITED
B000211,D0037,52.0,2024-08-02,-769,EXPIRED,SIMULATED_REEM_V2,DEVELOPMENT,PROHIBITED
B000212,D0043,455.0,2024-08-05,-766,EXPIRED,SIMULATED_REEM_V2,DEVELOPMENT,PROHIBITED
B000213,D0035,296.0,2026-02-06,-216,EXPIRED,SIMULATED_REEM_V2,DEVELOPMENT,PROHIBITED
B000214,D0007,162.0,2027-02-10,153,MEDIUM,SIMULATED_REEM_V2,DEVELOPMENT,PROHIBITED
B000215,D0010,51.0,2025-02-10,-577,EXPIRED,SIMULATED_REEM_V2,DEVELOPMENT,PROHIBITED
B000216,D0033,50.0,2025-02-10,-577,EXPIRED,SIMULATED_REEM_V2,DEVELOPMENT,PROHIBITED
B000217,D0014,44.0,2026-02-11,-211,EXPIRED,SIMULATED_REEM_V2,DEVELOPMENT,PROHIBITED
B000218,D0005,318.0,2026-02-12,-210,EXPIRED,SIMULATED_REEM_V2,DEVELOPMENT,PROHIBITED
B000219,D0022,50.0,2024-08-13,-758,EXPIRED,SIMULATED_REEM_V2,DEVELOPMENT,PROHIBITED
B000220,D0048,414.0,2026-02-19,-203,EXPIRED,SIMULATED_REEM_V2,DEVELOPMENT,PROHIBITED
B000221,D0030,56.0,2026-02-21,-201,EXPIRED,SIMULATED_REEM_V2,DEVELOPMENT,PROHIBITED
B000222,D0011,236.0,2026-02-22,-200,EXPIRED,SIMULATED_REEM_V2,DEVELOPMENT,PROHIBITED
B000223,D0003,137.0,2024-08-21,-750,EXPIRED,SIMULATED_REEM_V2,DEVELOPMENT,PROHIBITED
B000224,D0039,53.0,2027-02-22,165,MEDIUM,SIMULATED_REEM_V2,DEVELOPMENT,PROHIBITED
B000225,D0046,218.0,2025-08-17,-389,EXPIRED,SIMULATED_REEM_V2,DEVELOPMENT,PROHIBITED
B000226,D0041,53.0,2024-08-23,-748,EXPIRED,SIMULATED_REEM_V2,DEVELOPMENT,PROHIBITED
B000227,D0032,178.0,2027-02-27,170,MEDIUM,SIMULATED_REEM_V2,DEVELOPMENT,PROHIBITED
B000228,D0006,108.0,2025-02-27,-560,EXPIRED,SIMULATED_REEM_V2,DEVELOPMENT,PROHIBITED
B000229,D0016,389.0,2024-08-28,-743,EXPIRED,SIMULATED_REEM_V2,DEVELOPMENT,PROHIBITED
B000230,D0047,52.0,2027-03-02,173,MEDIUM,SIMULATED_REEM_V2,DEVELOPMENT,PROHIBITED
B000231,D0029,257.0,2025-03-03,-556,EXPIRED,SIMULATED_REEM_V2,DEVELOPMENT,PROHIBITED
B000232,D0042,455.0,2026-03-03,-191,EXPIRED,SIMULATED_REEM_V2,DEVELOPMENT,PROHIBITED
B000233,D0050,187.0,2025-08-26,-380,EXPIRED,SIMULATED_REEM_V2,DEVELOPMENT,PROHIBITED
B000234,D0009,319.0,2025-03-06,-553,EXPIRED,SIMULATED_REEM_V2,DEVELOPMENT,PROHIBITED
B000235,D0018,426.0,2026-03-07,-187,EXPIRED,SIMULATED_REEM_V2,DEVELOPMENT,PROHIBITED
B000236,D0008,50.0,2025-08-29,-377,EXPIRED,SIMULATED_REEM_V2,DEVELOPMENT,PROHIBITED
B000237,D0017,50.0,2027-03-08,179,MEDIUM,SIMULATED_REEM_V2,DEVELOPMENT,PROHIBITED
B000238,D0049,81.0,2026-03-10,-184,EXPIRED,SIMULATED_REEM_V2,DEVELOPMENT,PROHIBITED
B000239,D0021,426.0,2026-03-12,-182,EXPIRED,SIMULATED_REEM_V2,DEVELOPMENT,PROHIBITED
B000240,D0024,107.0,2025-03-19,-540,EXPIRED,SIMULATED_REEM_V2,DEVELOPMENT,PROHIBITED
B000241,D0038,155.0,2024-09-15,-725,EXPIRED,SIMULATED_REEM_V2,DEVELOPMENT,PROHIBITED
B000242,D0034,95.0,2025-03-21,-538,EXPIRED,SIMULATED_REEM_V2,DEVELOPMENT,PROHIBITED
B000243,D0043,455.0,2024-09-18,-722,EXPIRED,SIMULATED_REEM_V2,DEVELOPMENT,PROHIBITED
B000244,D0027,449.0,2025-09-14,-361,EXPIRED,SIMULATED_REEM_V2,DEVELOPMENT,PROHIBITED
B000245,D0007,162.0,2027-03-23,194,LOW,SIMULATED_REEM_V2,DEVELOPMENT,PROHIBITED
B000246,D0001,400.0,2025-09-17,-358,EXPIRED,SIMULATED_REEM_V2,DEVELOPMENT,PROHIBITED
B000247,D0014,50.0,2026-03-29,-165,EXPIRED,SIMULATED_REEM_V2,DEVELOPMENT,PROHIBITED
B000248,D0035,296.0,2026-03-30,-164,EXPIRED,SIMULATED_REEM_V2,DEVELOPMENT,PROHIBITED
B000249,D0005,318.0,2026-04-02,-161,EXPIRED,SIMULATED_REEM_V2,DEVELOPMENT,PROHIBITED
B000250,D0010,51.0,2025-04-02,-526,EXPIRED,SIMULATED_REEM_V2,DEVELOPMENT,PROHIBITED
B000251,D0037,43.0,2024-10-04,-706,EXPIRED,SIMULATED_REEM_V2,DEVELOPMENT,PROHIBITED
B000252,D0003,137.0,2024-10-05,-705,EXPIRED,SIMULATED_REEM_V2,DEVELOPMENT,PROHIBITED
B000253,D0046,218.0,2025-09-30,-345,EXPIRED,SIMULATED_REEM_V2,DEVELOPMENT,PROHIBITED
B000254,D0048,414.0,2026-04-08,-155,EXPIRED,SIMULATED_REEM_V2,DEVELOPMENT,PROHIBITED
B000255,D0030,48.0,2026-04-10,-153,EXPIRED,SIMULATED_REEM_V2,DEVELOPMENT,PROHIBITED
B000256,D0029,257.0,2025-04-10,-518,EXPIRED,SIMULATED_REEM_V2,DEVELOPMENT,PROHIBITED
B000257,D0011,279.0,2026-04-11,-152,EXPIRED,SIMULATED_REEM_V2,DEVELOPMENT,PROHIBITED
B000258,D0031,50.0,2026-04-13,-150,EXPIRED,SIMULATED_REEM_V2,DEVELOPMENT,PROHIBITED
B000259,D0042,455.0,2026-04-13,-150,EXPIRED,SIMULATED_REEM_V2,DEVELOPMENT,PROHIBITED
B000260,D0032,178.0,2027-04-13,215,LOW,SIMULATED_REEM_V2,DEVELOPMENT,PROHIBITED
B000261,D0009,319.0,2025-04-16,-512,EXPIRED,SIMULATED_REEM_V2,DEVELOPMENT,PROHIBITED
B000262,D0006,97.0,2025-04-18,-510,EXPIRED,SIMULATED_REEM_V2,DEVELOPMENT,PROHIBITED
B000263,D0016,389.0,2024-10-15,-695,EXPIRED,SIMULATED_REEM_V2,DEVELOPMENT,PROHIBITED
B000264,D0050,187.0,2025-10-11,-334,EXPIRED,SIMULATED_REEM_V2,DEVELOPMENT,PROHIBITED
B000265,D0039,53.0,2027-04-21,223,LOW,SIMULATED_REEM_V2,DEVELOPMENT,PROHIBITED
B000266,D0047,52.0,2027-04-22,224,LOW,SIMULATED_REEM_V2,DEVELOPMENT,PROHIBITED
B000267,D0049,88.0,2026-04-23,-140,EXPIRED,SIMULATED_REEM_V2,DEVELOPMENT,PROHIBITED
B000268,D0041,53.0,2024-10-24,-686,EXPIRED,SIMULATED_REEM_V2,DEVELOPMENT,PROHIBITED
B000269,D0022,50.0,2024-10-24,-686,EXPIRED,SIMULATED_REEM_V2,DEVELOPMENT,PROHIBITED
B000270,D0033,45.0,2025-04-28,-500,EXPIRED,SIMULATED_REEM_V2,DEVELOPMENT,PROHIBITED
B000271,D0017,50.0,2027-04-28,230,LOW,SIMULATED_REEM_V2,DEVELOPMENT,PROHIBITED
B000272,D0027,449.0,2025-10-23,-322,EXPIRED,SIMULATED_REEM_V2,DEVELOPMENT,PROHIBITED
B000273,D0021,426.0,2026-05-02,-131,EXPIRED,SIMULATED_REEM_V2,DEVELOPMENT,PROHIBITED
B000274,D0018,426.0,2026-05-03,-130,EXPIRED,SIMULATED_REEM_V2,DEVELOPMENT,PROHIBITED
B000275,D0038,155.0,2024-11-02,-677,EXPIRED,SIMULATED_REEM_V2,DEVELOPMENT,PROHIBITED
B000276,D0008,50.0,2025-10-30,-315,EXPIRED,SIMULATED_REEM_V2,DEVELOPMENT,PROHIBITED
B000277,D0043,455.0,2024-11-04,-675,EXPIRED,SIMULATED_REEM_V2,DEVELOPMENT,PROHIBITED
B000278,D0001,400.0,2025-11-02,-312,EXPIRED,SIMULATED_REEM_V2,DEVELOPMENT,PROHIBITED
B000279,D0034,78.0,2025-05-16,-482,EXPIRED,SIMULATED_REEM_V2,DEVELOPMENT,PROHIBITED
B000280,D0007,134.0,2027-05-16,248,LOW,SIMULATED_REEM_V2,DEVELOPMENT,PROHIBITED
B000281,D0037,52.0,2024-11-13,-666,EXPIRED,SIMULATED_REEM_V2,DEVELOPMENT,PROHIBITED
B000282,D0010,51.0,2025-05-17,-481,EXPIRED,SIMULATED_REEM_V2,DEVELOPMENT,PROHIBITED
B000283,D0024,107.0,2025-05-18,-480,EXPIRED,SIMULATED_REEM_V2,DEVELOPMENT,PROHIBITED
B000284,D0030,56.0,2026-05-18,-115,EXPIRED,SIMULATED_REEM_V2,DEVELOPMENT,PROHIBITED
B000285,D0041,53.0,2024-11-17,-662,EXPIRED,SIMULATED_REEM_V2,DEVELOPMENT,PROHIBITED
B000286,D0035,296.0,2026-05-25,-108,EXPIRED,SIMULATED_REEM_V2,DEVELOPMENT,PROHIBITED
B000287,D0005,318.0,2026-05-26,-107,EXPIRED,SIMULATED_REEM_V2,DEVELOPMENT,PROHIBITED
B000288,D0003,137.0,2024-11-22,-657,EXPIRED,SIMULATED_REEM_V2,DEVELOPMENT,PROHIBITED
B000289,D0029,257.0,2025-05-28,-470,EXPIRED,SIMULATED_REEM_V2,DEVELOPMENT,PROHIBITED
B000290,D0011,279.0,2026-05-29,-104,EXPIRED,SIMULATED_REEM_V2,DEVELOPMENT,PROHIBITED
B000291,D0048,414.0,2026-05-29,-104,EXPIRED,SIMULATED_REEM_V2,DEVELOPMENT,PROHIBITED
B000292,D0042,375.0,2026-05-31,-102,EXPIRED,SIMULATED_REEM_V2,DEVELOPMENT,PROHIBITED
B000293,D0006,88.0,2025-06-03,-464,EXPIRED,SIMULATED_REEM_V2,DEVELOPMENT,PROHIBITED
B000294,D0014,50.0,2026-06-04,-98,EXPIRED,SIMULATED_REEM_V2,DEVELOPMENT,PROHIBITED
B000295,D0047,52.0,2027-06-04,267,LOW,SIMULATED_REEM_V2,DEVELOPMENT,PROHIBITED
B000296,D0009,319.0,2025-06-05,-462,EXPIRED,SIMULATED_REEM_V2,DEVELOPMENT,PROHIBITED
B000297,D0049,88.0,2026-06-08,-94,EXPIRED,SIMULATED_REEM_V2,DEVELOPMENT,PROHIBITED
B000298,D0046,201.0,2025-12-01,-283,EXPIRED,SIMULATED_REEM_V2,DEVELOPMENT,PROHIBITED
B000299,D0001,400.0,2025-12-03,-281,EXPIRED,SIMULATED_REEM_V2,DEVELOPMENT,PROHIBITED
B000300,D0016,389.0,2024-12-10,-639,EXPIRED,SIMULATED_REEM_V2,DEVELOPMENT,PROHIBITED
B000301,D0018,426.0,2026-06-15,-87,EXPIRED,SIMULATED_REEM_V2,DEVELOPMENT,PROHIBITED
B000302,D0027,449.0,2025-12-07,-277,EXPIRED,SIMULATED_REEM_V2,DEVELOPMENT,PROHIBITED
B000303,D0032,178.0,2027-06-16,279,LOW,SIMULATED_REEM_V2,DEVELOPMENT,PROHIBITED
B000304,D0034,95.0,2025-06-16,-451,EXPIRED,SIMULATED_REEM_V2,DEVELOPMENT,PROHIBITED
B000305,D0017,50.0,2027-06-17,280,LOW,SIMULATED_REEM_V2,DEVELOPMENT,PROHIBITED
B000306,D0039,53.0,2027-06-18,281,LOW,SIMULATED_REEM_V2,DEVELOPMENT,PROHIBITED
B000307,D0038,155.0,2024-12-26,-623,EXPIRED,SIMULATED_REEM_V2,DEVELOPMENT,PROHIBITED
B000308,D0021,426.0,2026-06-30,-72,EXPIRED,SIMULATED_REEM_V2,DEVELOPMENT,PROHIBITED
B000309,D0007,162.0,2027-07-02,295,LOW,SIMULATED_REEM_V2,DEVELOPMENT,PROHIBITED
B000310,D0050,187.0,2025-12-25,-259,EXPIRED,SIMULATED_REEM_V2,DEVELOPMENT,PROHIBITED
B000311,D0043,408.0,2025-01-02,-616,EXPIRED,SIMULATED_REEM_V2,DEVELOPMENT,PROHIBITED
B000312,D0024,107.0,2025-07-07,-430,EXPIRED,SIMULATED_REEM_V2,DEVELOPMENT,PROHIBITED
B000313,D0008,50.0,2026-01-01,-252,EXPIRED,SIMULATED_REEM_V2,DEVELOPMENT,PROHIBITED
B000314,D0041,53.0,2025-01-07,-611,EXPIRED,SIMULATED_REEM_V2,DEVELOPMENT,PROHIBITED
B000315,D0037,52.0,2025-01-07,-611,EXPIRED,SIMULATED_REEM_V2,DEVELOPMENT,PROHIBITED
B000316,D0030,56.0,2026-07-13,-59,EXPIRED,SIMULATED_REEM_V2,DEVELOPMENT,PROHIBITED
B000317,D0035,296.0,2026-07-14,-58,EXPIRED,SIMULATED_REEM_V2,DEVELOPMENT,PROHIBITED
B000318,D0003,137.0,2025-01-12,-606,EXPIRED,SIMULATED_REEM_V2,DEVELOPMENT,PROHIBITED
B000319,D0022,50.0,2025-01-14,-604,EXPIRED,SIMULATED_REEM_V2,DEVELOPMENT,PROHIBITED
B000320,D0033,50.0,2025-07-19,-418,EXPIRED,SIMULATED_REEM_V2,DEVELOPMENT,PROHIBITED
B000321,D0042,455.0,2026-07-19,-53,EXPIRED,SIMULATED_REEM_V2,DEVELOPMENT,PROHIBITED
B000322,D0005,318.0,2026-07-21,-51,EXPIRED,SIMULATED_REEM_V2,DEVELOPMENT,PROHIBITED
B000323,D0048,356.0,2026-07-21,-51,EXPIRED,SIMULATED_REEM_V2,DEVELOPMENT,PROHIBITED
B000324,D0006,108.0,2025-07-22,-415,EXPIRED,SIMULATED_REEM_V2,DEVELOPMENT,PROHIBITED
B000325,D0046,218.0,2026-01-13,-240,EXPIRED,SIMULATED_REEM_V2,DEVELOPMENT,PROHIBITED
B000326,D0011,279.0,2026-07-26,-46,EXPIRED,SIMULATED_REEM_V2,DEVELOPMENT,PROHIBITED
B000327,D0009,319.0,2025-07-27,-410,EXPIRED,SIMULATED_REEM_V2,DEVELOPMENT,PROHIBITED
B000328,D0029,257.0,2025-07-28,-409,EXPIRED,SIMULATED_REEM_V2,DEVELOPMENT,PROHIBITED
B000329,D0045,50.0,2027-07-29,322,LOW,SIMULATED_REEM_V2,DEVELOPMENT,PROHIBITED
B000330,D0010,51.0,2025-07-30,-407,EXPIRED,SIMULATED_REEM_V2,DEVELOPMENT,PROHIBITED
B000331,D0017,50.0,2027-08-03,327,LOW,SIMULATED_REEM_V2,DEVELOPMENT,PROHIBITED
B000332,D0016,389.0,2025-02-05,-582,EXPIRED,SIMULATED_REEM_V2,DEVELOPMENT,PROHIBITED
B000333,D0039,53.0,2027-08-11,335,LOW,SIMULATED_REEM_V2,DEVELOPMENT,PROHIBITED
B000334,D0001,400.0,2026-02-03,-219,EXPIRED,SIMULATED_REEM_V2,DEVELOPMENT,PROHIBITED
B000335,D0032,178.0,2027-08-13,337,LOW,SIMULATED_REEM_V2,DEVELOPMENT,PROHIBITED
B000336,D0021,395.0,2026-08-13,-28,EXPIRED,SIMULATED_REEM_V2,DEVELOPMENT,PROHIBITED
B000337,D0047,52.0,2027-08-13,337,LOW,SIMULATED_REEM_V2,DEVELOPMENT,PROHIBITED
B000338,D0049,88.0,2026-08-13,-28,EXPIRED,SIMULATED_REEM_V2,DEVELOPMENT,PROHIBITED
B000339,D0018,426.0,2026-08-16,-25,EXPIRED,SIMULATED_REEM_V2,DEVELOPMENT,PROHIBITED
B000340,D0050,187.0,2026-02-09,-213,EXPIRED,SIMULATED_REEM_V2,DEVELOPMENT,PROHIBITED
B000341,D0031,50.0,2026-08-18,-23,EXPIRED,SIMULATED_REEM_V2,DEVELOPMENT,PROHIBITED
B000342,D0034,95.0,2025-08-20,-386,EXPIRED,SIMULATED_REEM_V2,DEVELOPMENT,PROHIBITED
B000343,D0027,449.0,2026-02-15,-207,EXPIRED,SIMULATED_REEM_V2,DEVELOPMENT,PROHIBITED
B000344,D0043,455.0,2025-02-25,-562,EXPIRED,SIMULATED_REEM_V2,DEVELOPMENT,PROHIBITED
B000345,D0014,50.0,2026-08-31,-10,EXPIRED,SIMULATED_REEM_V2,DEVELOPMENT,PROHIBITED
B000346,D0007,162.0,2027-09-04,359,LOW,SIMULATED_REEM_V2,DEVELOPMENT,PROHIBITED
B000347,D0041,53.0,2025-03-04,-555,EXPIRED,SIMULATED_REEM_V2,DEVELOPMENT,PROHIBITED
B000348,D0024,107.0,2025-09-06,-369,EXPIRED,SIMULATED_REEM_V2,DEVELOPMENT,PROHIBITED
B000349,D0038,155.0,2025-03-08,-551,EXPIRED,SIMULATED_REEM_V2,DEVELOPMENT,PROHIBITED
B000350,D0044,50.0,2025-03-15,-544,EXPIRED,SIMULATED_REEM_V2,DEVELOPMENT,PROHIBITED
B000351,D0003,137.0,2025-03-15,-544,EXPIRED,SIMULATED_REEM_V2,DEVELOPMENT,PROHIBITED
B000352,D0042,455.0,2026-09-19,9,CRITICAL,SIMULATED_REEM_V2,DEVELOPMENT,PROHIBITED
B000353,D0008,50.0,2026-03-14,-180,EXPIRED,SIMULATED_REEM_V2,DEVELOPMENT,PROHIBITED
B000354,D0048,414.0,2026-09-21,11,CRITICAL,SIMULATED_REEM_V2,DEVELOPMENT,PROHIBITED
B000355,D0030,56.0,2026-09-21,11,CRITICAL,SIMULATED_REEM_V2,DEVELOPMENT,PROHIBITED
B000356,D0005,318.0,2026-09-25,15,CRITICAL,SIMULATED_REEM_V2,DEVELOPMENT,PROHIBITED
B000357,D0006,108.0,2025-09-25,-350,EXPIRED,SIMULATED_REEM_V2,DEVELOPMENT,PROHIBITED
B000358,D0035,296.0,2026-09-26,16,CRITICAL,SIMULATED_REEM_V2,DEVELOPMENT,PROHIBITED
B000359,D0029,257.0,2025-09-30,-345,EXPIRED,SIMULATED_REEM_V2,DEVELOPMENT,PROHIBITED
B000360,D0046,218.0,2026-03-26,-168,EXPIRED,SIMULATED_REEM_V2,DEVELOPMENT,PROHIBITED
B000361,D0009,319.0,2025-10-06,-339,EXPIRED,SIMULATED_REEM_V2,DEVELOPMENT,PROHIBITED
B000362,D0010,51.0,2025-10-10,-335,EXPIRED,SIMULATED_REEM_V2,DEVELOPMENT,PROHIBITED
B000363,D0011,279.0,2026-10-12,32,HIGH,SIMULATED_REEM_V2,DEVELOPMENT,PROHIBITED
B000364,D0037,52.0,2025-04-13,-515,EXPIRED,SIMULATED_REEM_V2,DEVELOPMENT,PROHIBITED
B000365,D0001,400.0,2026-04-10,-153,EXPIRED,SIMULATED_REEM_V2,DEVELOPMENT,PROHIBITED
B000366,D0049,88.0,2026-10-23,43,HIGH,SIMULATED_REEM_V2,DEVELOPMENT,PROHIBITED
B000367,D0021,426.0,2026-10-24,44,HIGH,SIMULATED_REEM_V2,DEVELOPMENT,PROHIBITED
B000368,D0016,389.0,2025-04-26,-502,EXPIRED,SIMULATED_REEM_V2,DEVELOPMENT,PROHIBITED
B000369,D0050,187.0,2026-04-21,-142,EXPIRED,SIMULATED_REEM_V2,DEVELOPMENT,PROHIBITED
B000370,D0018,426.0,2026-11-01,52,HIGH,SIMULATED_REEM_V2,DEVELOPMENT,PROHIBITED
B000371,D0033,50.0,2025-11-01,-313,EXPIRED,SIMULATED_REEM_V2,DEVELOPMENT,PROHIBITED
B000372,D0039,53.0,2027-11-02,418,LOW,SIMULATED_REEM_V2,DEVELOPMENT,PROHIBITED
B000373,D0027,449.0,2026-04-26,-137,EXPIRED,SIMULATED_REEM_V2,DEVELOPMENT,PROHIBITED
B000374,D0017,50.0,2027-11-03,419,LOW,SIMULATED_REEM_V2,DEVELOPMENT,PROHIBITED
B000375,D0043,455.0,2025-05-06,-492,EXPIRED,SIMULATED_REEM_V2,DEVELOPMENT,PROHIBITED
B000376,D0032,178.0,2027-11-10,426,LOW,SIMULATED_REEM_V2,DEVELOPMENT,PROHIBITED
B000377,D0047,52.0,2027-11-12,428,LOW,SIMULATED_REEM_V2,DEVELOPMENT,PROHIBITED
B000378,D0034,95.0,2025-11-14,-300,EXPIRED,SIMULATED_REEM_V2,DEVELOPMENT,PROHIBITED
B000379,D0038,155.0,2025-05-15,-483,EXPIRED,SIMULATED_REEM_V2,DEVELOPMENT,PROHIBITED
B000380,D0041,53.0,2025-05-16,-482,EXPIRED,SIMULATED_REEM_V2,DEVELOPMENT,PROHIBITED
B000381,D0022,50.0,2025-05-18,-480,EXPIRED,SIMULATED_REEM_V2,DEVELOPMENT,PROHIBITED
B000382,D0042,424.0,2026-11-21,72,HIGH,SIMULATED_REEM_V2,DEVELOPMENT,PROHIBITED
B000383,D0024,107.0,2025-11-23,-291,EXPIRED,SIMULATED_REEM_V2,DEVELOPMENT,PROHIBITED
B000384,D0003,137.0,2025-05-26,-472,EXPIRED,SIMULATED_REEM_V2,DEVELOPMENT,PROHIBITED
B000385,D0014,50.0,2026-12-02,83,HIGH,SIMULATED_REEM_V2,DEVELOPMENT,PROHIBITED
B000386,D0007,162.0,2027-12-03,449,LOW,SIMULATED_REEM_V2,DEVELOPMENT,PROHIBITED
B000387,D0048,414.0,2026-12-03,84,HIGH,SIMULATED_REEM_V2,DEVELOPMENT,PROHIBITED
B000388,D0029,257.0,2025-12-11,-273,EXPIRED,SIMULATED_REEM_V2,DEVELOPMENT,PROHIBITED
B000389,D0006,108.0,2025-12-12,-272,EXPIRED,SIMULATED_REEM_V2,DEVELOPMENT,PROHIBITED
B000390,D0008,50.0,2026-06-06,-96,EXPIRED,SIMULATED_REEM_V2,DEVELOPMENT,PROHIBITED
B000391,D0030,56.0,2026-12-14,95,MEDIUM,SIMULATED_REEM_V2,DEVELOPMENT,PROHIBITED
B000392,D0005,318.0,2026-12-15,96,MEDIUM,SIMULATED_REEM_V2,DEVELOPMENT,PROHIBITED
B000393,D0035,296.0,2026-12-17,98,MEDIUM,SIMULATED_REEM_V2,DEVELOPMENT,PROHIBITED
B000394,D0001,400.0,2026-06-10,-92,EXPIRED,SIMULATED_REEM_V2,DEVELOPMENT,PROHIBITED
B000395,D0010,51.0,2025-12-17,-267,EXPIRED,SIMULATED_REEM_V2,DEVELOPMENT,PROHIBITED
B000396,D0009,264.0,2025-12-23,-261,EXPIRED,SIMULATED_REEM_V2,DEVELOPMENT,PROHIBITED
B000397,D0011,253.0,2026-12-26,107,MEDIUM,SIMULATED_REEM_V2,DEVELOPMENT,PROHIBITED
B000398,D0037,48.0,2025-06-25,-442,EXPIRED,SIMULATED_REEM_V2,DEVELOPMENT,PROHIBITED
B000399,D0046,218.0,2026-06-22,-80,EXPIRED,SIMULATED_REEM_V2,DEVELOPMENT,PROHIBITED
B000400,D0049,88.0,2027-01-03,115,MEDIUM,SIMULATED_REEM_V2,DEVELOPMENT,PROHIBITED
B000401,D0021,426.0,2027-01-04,116,MEDIUM,SIMULATED_REEM_V2,DEVELOPMENT,PROHIBITED
B000402,D0027,449.0,2026-06-29,-73,EXPIRED,SIMULATED_REEM_V2,DEVELOPMENT,PROHIBITED
B000403,D0016,389.0,2025-07-07,-430,EXPIRED,SIMULATED_REEM_V2,DEVELOPMENT,PROHIBITED
B000404,D0018,426.0,2027-01-08,120,MEDIUM,SIMULATED_REEM_V2,DEVELOPMENT,PROHIBITED
B000405,D0043,455.0,2025-07-07,-430,EXPIRED,SIMULATED_REEM_V2,DEVELOPMENT,PROHIBITED
B000406,D0017,44.0,2028-01-12,489,LOW,SIMULATED_REEM_V2,DEVELOPMENT,PROHIBITED
B000407,D0039,53.0,2028-01-13,490,LOW,SIMULATED_REEM_V2,DEVELOPMENT,PROHIBITED
B000408,D0050,187.0,2026-07-07,-65,EXPIRED,SIMULATED_REEM_V2,DEVELOPMENT,PROHIBITED
B000409,D0041,53.0,2025-07-15,-422,EXPIRED,SIMULATED_REEM_V2,DEVELOPMENT,PROHIBITED
B000410,D0024,107.0,2026-01-17,-236,EXPIRED,SIMULATED_REEM_V2,DEVELOPMENT,PROHIBITED
B000411,D0038,155.0,2025-07-18,-419,EXPIRED,SIMULATED_REEM_V2,DEVELOPMENT,PROHIBITED
B000412,D0032,178.0,2028-01-21,498,LOW,SIMULATED_REEM_V2,DEVELOPMENT,PROHIBITED
B000413,D0031,50.0,2027-01-22,134,MEDIUM,SIMULATED_REEM_V2,DEVELOPMENT,PROHIBITED
B000414,D0042,455.0,2027-01-23,135,MEDIUM,SIMULATED_REEM_V2,DEVELOPMENT,PROHIBITED
B000415,D0007,162.0,2028-01-23,500,LOW,SIMULATED_REEM_V2,DEVELOPMENT,PROHIBITED
B000416,D0009,270.0,2026-01-26,-227,EXPIRED,SIMULATED_REEM_V2,DEVELOPMENT,PROHIBITED
B000417,D0034,95.0,2026-01-27,-226,EXPIRED,SIMULATED_REEM_V2,DEVELOPMENT,PROHIBITED
B000418,D0047,52.0,2028-01-28,505,LOW,SIMULATED_REEM_V2,DEVELOPMENT,PROHIBITED
B000419,D0006,108.0,2026-01-30,-223,EXPIRED,SIMULATED_REEM_V2,DEVELOPMENT,PROHIBITED
B000420,D0048,414.0,2027-01-31,143,MEDIUM,SIMULATED_REEM_V2,DEVELOPMENT,PROHIBITED
B000421,D0033,44.0,2026-02-03,-219,EXPIRED,SIMULATED_REEM_V2,DEVELOPMENT,PROHIBITED
B000422,D0030,56.0,2027-02-04,147,MEDIUM,SIMULATED_REEM_V2,DEVELOPMENT,PROHIBITED
B000423,D0003,137.0,2025-08-05,-401,EXPIRED,SIMULATED_REEM_V2,DEVELOPMENT,PROHIBITED
B000424,D0001,400.0,2026-08-04,-37,EXPIRED,SIMULATED_REEM_V2,DEVELOPMENT,PROHIBITED
B000425,D0029,257.0,2026-02-11,-211,EXPIRED,SIMULATED_REEM_V2,DEVELOPMENT,PROHIBITED
B000426,D0035,296.0,2027-02-11,154,MEDIUM,SIMULATED_REEM_V2,DEVELOPMENT,PROHIBITED
B000427,D0005,318.0,2027-02-13,156,MEDIUM,SIMULATED_REEM_V2,DEVELOPMENT,PROHIBITED
B000428,D0011,279.0,2027-02-14,157,MEDIUM,SIMULATED_REEM_V2,DEVELOPMENT,PROHIBITED
B000429,D0021,426.0,2027-02-17,160,MEDIUM,SIMULATED_REEM_V2,DEVELOPMENT,PROHIBITED
B000430,D0037,52.0,2025-08-16,-390,EXPIRED,SIMULATED_REEM_V2,DEVELOPMENT,PROHIBITED
B000431,D0008,50.0,2026-08-14,-27,EXPIRED,SIMULATED_REEM_V2,DEVELOPMENT,PROHIBITED
B000432,D0027,449.0,2026-08-15,-26,EXPIRED,SIMULATED_REEM_V2,DEVELOPMENT,PROHIBITED
B000433,D0046,218.0,2026-08-16,-25,EXPIRED,SIMULATED_REEM_V2,DEVELOPMENT,PROHIBITED
B000434,D0010,51.0,2026-02-22,-200,EXPIRED,SIMULATED_REEM_V2,DEVELOPMENT,PROHIBITED
B000435,D0049,71.0,2027-02-23,166,MEDIUM,SIMULATED_REEM_V2,DEVELOPMENT,PROHIBITED
B000436,D0016,347.0,2025-08-22,-384,EXPIRED,SIMULATED_REEM_V2,DEVELOPMENT,PROHIBITED
B000437,D0014,50.0,2027-02-24,167,MEDIUM,SIMULATED_REEM_V2,DEVELOPMENT,PROHIBITED
B000438,D0026,50.0,2027-02-25,168,MEDIUM,SIMULATED_REEM_V2,DEVELOPMENT,PROHIBITED
B000439,D0022,50.0,2025-08-27,-379,EXPIRED,SIMULATED_REEM_V2,DEVELOPMENT,PROHIBITED
B000440,D0017,50.0,2028-03-02,539,LOW,SIMULATED_REEM_V2,DEVELOPMENT,PROHIBITED
B000441,D0039,53.0,2028-03-02,539,LOW,SIMULATED_REEM_V2,DEVELOPMENT,PROHIBITED
B000442,D0041,53.0,2025-09-04,-371,EXPIRED,SIMULATED_REEM_V2,DEVELOPMENT,PROHIBITED
B000443,D0018,426.0,2027-03-09,180,MEDIUM,SIMULATED_REEM_V2,DEVELOPMENT,PROHIBITED
B000444,D0043,455.0,2025-09-05,-370,EXPIRED,SIMULATED_REEM_V2,DEVELOPMENT,PROHIBITED
B000445,D0042,455.0,2027-03-09,180,MEDIUM,SIMULATED_REEM_V2,DEVELOPMENT,PROHIBITED
B000446,D0024,90.0,2026-03-11,-183,EXPIRED,SIMULATED_REEM_V2,DEVELOPMENT,PROHIBITED
B000447,D0038,155.0,2025-09-09,-366,EXPIRED,SIMULATED_REEM_V2,DEVELOPMENT,PROHIBITED
B000448,D0009,319.0,2026-03-14,-180,EXPIRED,SIMULATED_REEM_V2,DEVELOPMENT,PROHIBITED
B000449,D0047,52.0,2028-03-17,554,LOW,SIMULATED_REEM_V2,DEVELOPMENT,PROHIBITED
B000450,D0007,162.0,2028-03-18,555,LOW,SIMULATED_REEM_V2,DEVELOPMENT,PROHIBITED
B000451,D0034,95.0,2026-03-20,-174,EXPIRED,SIMULATED_REEM_V2,DEVELOPMENT,PROHIBITED
B000452,D0003,119.0,2025-09-16,-359,EXPIRED,SIMULATED_REEM_V2,DEVELOPMENT,PROHIBITED
B000453,D0048,414.0,2027-03-22,193,LOW,SIMULATED_REEM_V2,DEVELOPMENT,PROHIBITED
B000454,D0001,400.0,2026-09-13,3,CRITICAL,SIMULATED_REEM_V2,DEVELOPMENT,PROHIBITED
B000455,D0049,88.0,2027-03-22,193,LOW,SIMULATED_REEM_V2,DEVELOPMENT,PROHIBITED
B000456,D0050,187.0,2026-09-15,5,CRITICAL,SIMULATED_REEM_V2,DEVELOPMENT,PROHIBITED
B000457,D0032,178.0,2028-03-23,560,LOW,SIMULATED_REEM_V2,DEVELOPMENT,PROHIBITED
B000458,D0029,257.0,2026-03-29,-165,EXPIRED,SIMULATED_REEM_V2,DEVELOPMENT,PROHIBITED
B000459,D0006,108.0,2026-03-30,-164,EXPIRED,SIMULATED_REEM_V2,DEVELOPMENT,PROHIBITED
B000460,D0005,318.0,2027-03-31,202,LOW,SIMULATED_REEM_V2,DEVELOPMENT,PROHIBITED
B000461,D0030,56.0,2027-04-01,203,LOW,SIMULATED_REEM_V2,DEVELOPMENT,PROHIBITED
B000462,D0035,296.0,2027-04-02,204,LOW,SIMULATED_REEM_V2,DEVELOPMENT,PROHIBITED
B000463,D0046,218.0,2026-09-29,19,CRITICAL,SIMULATED_REEM_V2,DEVELOPMENT,PROHIBITED
B000464,D0010,51.0,2026-04-07,-156,EXPIRED,SIMULATED_REEM_V2,DEVELOPMENT,PROHIBITED
B000465,D0011,279.0,2027-04-09,211,LOW,SIMULATED_REEM_V2,DEVELOPMENT,PROHIBITED
B000466,D0016,389.0,2025-10-06,-339,EXPIRED,SIMULATED_REEM_V2,DEVELOPMENT,PROHIBITED
B000467,D0021,426.0,2027-04-10,212,LOW,SIMULATED_REEM_V2,DEVELOPMENT,PROHIBITED
B000468,D0044,50.0,2025-10-07,-338,EXPIRED,SIMULATED_REEM_V2,DEVELOPMENT,PROHIBITED
B000469,D0024,107.0,2026-04-10,-153,EXPIRED,SIMULATED_REEM_V2,DEVELOPMENT,PROHIBITED
B000470,D0027,449.0,2026-10-08,28,CRITICAL,SIMULATED_REEM_V2,DEVELOPMENT,PROHIBITED
B000471,D0037,52.0,2025-10-13,-332,EXPIRED,SIMULATED_REEM_V2,DEVELOPMENT,PROHIBITED
B000472,D0040,50.0,2027-04-17,219,LOW,SIMULATED_REEM_V2,DEVELOPMENT,PROHIBITED
B000473,D0014,50.0,2027-04-17,219,LOW,SIMULATED_REEM_V2,DEVELOPMENT,PROHIBITED
B000474,D0017,50.0,2028-04-17,585,LOW,SIMULATED_REEM_V2,DEVELOPMENT,PROHIBITED
B000475,D0043,455.0,2025-10-15,-330,EXPIRED,SIMULATED_REEM_V2,DEVELOPMENT,PROHIBITED
B000476,D0009,319.0,2026-04-23,-140,EXPIRED,SIMULATED_REEM_V2,DEVELOPMENT,PROHIBITED
B000477,D0039,53.0,2028-04-23,591,LOW,SIMULATED_REEM_V2,DEVELOPMENT,PROHIBITED
B000478,D0008,50.0,2026-10-17,37,HIGH,SIMULATED_REEM_V2,DEVELOPMENT,PROHIBITED
B000479,D0042,455.0,2027-04-25,227,LOW,SIMULATED_REEM_V2,DEVELOPMENT,PROHIBITED
B000480,D0033,50.0,2026-04-26,-137,EXPIRED,SIMULATED_REEM_V2,DEVELOPMENT,PROHIBITED
B000481,D0018,426.0,2027-04-28,230,LOW,SIMULATED_REEM_V2,DEVELOPMENT,PROHIBITED
B000482,D0031,50.0,2027-04-29,231,LOW,SIMULATED_REEM_V2,DEVELOPMENT,PROHIBITED
B000483,D0041,53.0,2025-10-27,-318,EXPIRED,SIMULATED_REEM_V2,DEVELOPMENT,PROHIBITED
B000484,D0050,187.0,2026-10-22,42,HIGH,SIMULATED_REEM_V2,DEVELOPMENT,PROHIBITED
B000485,D0007,162.0,2028-04-29,597,LOW,SIMULATED_REEM_V2,DEVELOPMENT,PROHIBITED
B000486,D0019,50.0,2026-05-02,-131,EXPIRED,SIMULATED_REEM_V2,DEVELOPMENT,PROHIBITED
B000487,D0045,50.0,2028-05-03,601,LOW,SIMULATED_REEM_V2,DEVELOPMENT,PROHIBITED
B000488,D0038,155.0,2025-11-01,-313,EXPIRED,SIMULATED_REEM_V2,DEVELOPMENT,PROHIBITED
B000489,D0026,50.0,2027-05-06,238,LOW,SIMULATED_REEM_V2,DEVELOPMENT,PROHIBITED
B000490,D0003,137.0,2025-11-04,-310,EXPIRED,SIMULATED_REEM_V2,DEVELOPMENT,PROHIBITED
B000491,D0034,95.0,2026-05-09,-124,EXPIRED,SIMULATED_REEM_V2,DEVELOPMENT,PROHIBITED
B000492,D0029,257.0,2026-05-12,-121,EXPIRED,SIMULATED_REEM_V2,DEVELOPMENT,PROHIBITED
B000493,D0006,108.0,2026-05-12,-121,EXPIRED,SIMULATED_REEM_V2,DEVELOPMENT,PROHIBITED
B000494,D0048,347.0,2027-05-13,245,LOW,SIMULATED_REEM_V2,DEVELOPMENT,PROHIBITED
B000495,D0047,52.0,2028-05-13,611,LOW,SIMULATED_REEM_V2,DEVELOPMENT,PROHIBITED
B000496,D0032,178.0,2028-05-14,612,LOW,SIMULATED_REEM_V2,DEVELOPMENT,PROHIBITED
B000497,D0049,88.0,2027-05-16,248,LOW,SIMULATED_REEM_V2,DEVELOPMENT,PROHIBITED
B000498,D0001,400.0,2026-11-08,59,HIGH,SIMULATED_REEM_V2,DEVELOPMENT,PROHIBITED
B000499,D0022,50.0,2025-11-14,-300,EXPIRED,SIMULATED_REEM_V2,DEVELOPMENT,PROHIBITED
B000500,D0021,361.0,2027-05-22,254,LOW,SIMULATED_REEM_V2,DEVELOPMENT,PROHIBITED
B000501,D0011,250.0,2027-05-22,254,LOW,SIMULATED_REEM_V2,DEVELOPMENT,PROHIBITED
B000502,D0035,296.0,2027-05-24,256,LOW,SIMULATED_REEM_V2,DEVELOPMENT,PROHIBITED
B000503,D0016,389.0,2025-11-21,-293,EXPIRED,SIMULATED_REEM_V2,DEVELOPMENT,PROHIBITED
B000504,D0024,107.0,2026-05-25,-108,EXPIRED,SIMULATED_REEM_V2,DEVELOPMENT,PROHIBITED
B000505,D0005,318.0,2027-05-26,258,LOW,SIMULATED_REEM_V2,DEVELOPMENT,PROHIBITED
B000506,D0010,51.0,2026-05-28,-105,EXPIRED,SIMULATED_REEM_V2,DEVELOPMENT,PROHIBITED
B000507,D0046,218.0,2026-11-23,74,HIGH,SIMULATED_REEM_V2,DEVELOPMENT,PROHIBITED
B000508,D0027,449.0,2026-11-23,74,HIGH,SIMULATED_REEM_V2,DEVELOPMENT,PROHIBITED
B000509,D0030,56.0,2027-06-03,266,LOW,SIMULATED_REEM_V2,DEVELOPMENT,PROHIBITED
B000510,D0042,455.0,2027-06-03,266,LOW,SIMULATED_REEM_V2,DEVELOPMENT,PROHIBITED
B000511,D0017,50.0,2028-06-02,631,LOW,SIMULATED_REEM_V2,DEVELOPMENT,PROHIBITED
B000512,D0009,319.0,2026-06-05,-97,EXPIRED,SIMULATED_REEM_V2,DEVELOPMENT,PROHIBITED
B000513,D0003,137.0,2025-12-05,-279,EXPIRED,SIMULATED_REEM_V2,DEVELOPMENT,PROHIBITED
B000514,D0041,49.0,2025-12-08,-276,EXPIRED,SIMULATED_REEM_V2,DEVELOPMENT,PROHIBITED
B000515,D0039,53.0,2028-06-10,639,LOW,SIMULATED_REEM_V2,DEVELOPMENT,PROHIBITED
B000516,D0043,455.0,2025-12-09,-275,EXPIRED,SIMULATED_REEM_V2,DEVELOPMENT,PROHIBITED
B000517,D0018,426.0,2027-06-14,277,LOW,SIMULATED_REEM_V2,DEVELOPMENT,PROHIBITED
B000518,D0014,50.0,2027-06-16,279,LOW,SIMULATED_REEM_V2,DEVELOPMENT,PROHIBITED
B000519,D0037,52.0,2025-12-14,-270,EXPIRED,SIMULATED_REEM_V2,DEVELOPMENT,PROHIBITED
B000520,D0001,400.0,2026-12-13,94,MEDIUM,SIMULATED_REEM_V2,DEVELOPMENT,PROHIBITED
B000521,D0050,187.0,2026-12-13,94,MEDIUM,SIMULATED_REEM_V2,DEVELOPMENT,PROHIBITED
B000522,D0038,155.0,2025-12-20,-264,EXPIRED,SIMULATED_REEM_V2,DEVELOPMENT,PROHIBITED
B000523,D0049,88.0,2027-06-25,288,LOW,SIMULATED_REEM_V2,DEVELOPMENT,PROHIBITED
B000524,D0007,162.0,2028-06-25,654,LOW,SIMULATED_REEM_V2,DEVELOPMENT,PROHIBITED
B000525,D0048,414.0,2027-06-27,290,LOW,SIMULATED_REEM_V2,DEVELOPMENT,PROHIBITED
B000526,D0006,108.0,2026-06-27,-75,EXPIRED,SIMULATED_REEM_V2,DEVELOPMENT,PROHIBITED
B000527,D0029,257.0,2026-06-28,-74,EXPIRED,SIMULATED_REEM_V2,DEVELOPMENT,PROHIBITED
B000528,D0034,95.0,2026-06-29,-73,EXPIRED,SIMULATED_REEM_V2,DEVELOPMENT,PROHIBITED
B000529,D0047,52.0,2028-06-30,659,LOW,SIMULATED_REEM_V2,DEVELOPMENT,PROHIBITED
B000530,D0008,50.0,2026-12-25,106,MEDIUM,SIMULATED_REEM_V2,DEVELOPMENT,PROHIBITED
B000531,D0021,426.0,2027-07-08,301,LOW,SIMULATED_REEM_V2,DEVELOPMENT,PROHIBITED
B000532,D0032,155.0,2028-07-08,667,LOW,SIMULATED_REEM_V2,DEVELOPMENT,PROHIBITED
B000533,D0005,318.0,2027-07-12,305,LOW,SIMULATED_REEM_V2,DEVELOPMENT,PROHIBITED
B000534,D0033,50.0,2026-07-13,-59,EXPIRED,SIMULATED_REEM_V2,DEVELOPMENT,PROHIBITED
B000535,D0011,279.0,2027-07-13,306,LOW,SIMULATED_REEM_V2,DEVELOPMENT,PROHIBITED
B000536,D0027,379.0,2027-01-08,120,MEDIUM,SIMULATED_REEM_V2,DEVELOPMENT,PROHIBITED
B000537,D0016,317.0,2026-01-14,-239,EXPIRED,SIMULATED_REEM_V2,DEVELOPMENT,PROHIBITED
B000538,D0035,296.0,2027-07-19,312,LOW,SIMULATED_REEM_V2,DEVELOPMENT,PROHIBITED
B000539,D0024,107.0,2026-07-19,-53,EXPIRED,SIMULATED_REEM_V2,DEVELOPMENT,PROHIBITED
B000540,D0022,50.0,2026-01-16,-237,EXPIRED,SIMULATED_REEM_V2,DEVELOPMENT,PROHIBITED
B000541,D0010,51.0,2026-07-21,-51,EXPIRED,SIMULATED_REEM_V2,DEVELOPMENT,PROHIBITED
B000542,D0012,50.0,2027-07-24,317,LOW,SIMULATED_REEM_V2,DEVELOPMENT,PROHIBITED
B000543,D0046,218.0,2027-01-16,128,MEDIUM,SIMULATED_REEM_V2,DEVELOPMENT,PROHIBITED
B000544,D0009,319.0,2026-07-28,-44,EXPIRED,SIMULATED_REEM_V2,DEVELOPMENT,PROHIBITED
B000545,D0003,137.0,2026-01-29,-224,EXPIRED,SIMULATED_REEM_V2,DEVELOPMENT,PROHIBITED
B000546,D0030,56.0,2027-08-03,327,LOW,SIMULATED_REEM_V2,DEVELOPMENT,PROHIBITED
B000547,D0041,53.0,2026-01-30,-223,EXPIRED,SIMULATED_REEM_V2,DEVELOPMENT,PROHIBITED
B000548,D0042,455.0,2027-08-11,335,LOW,SIMULATED_REEM_V2,DEVELOPMENT,PROHIBITED
B000549,D0043,455.0,2026-02-08,-214,EXPIRED,SIMULATED_REEM_V2,DEVELOPMENT,PROHIBITED
B000550,D0017,50.0,2028-08-15,705,LOW,SIMULATED_REEM_V2,DEVELOPMENT,PROHIBITED
B000551,D0037,52.0,2026-02-12,-210,EXPIRED,SIMULATED_REEM_V2,DEVELOPMENT,PROHIBITED
B000552,D0038,155.0,2026-02-13,-209,EXPIRED,SIMULATED_REEM_V2,DEVELOPMENT,PROHIBITED
B000553,D0049,88.0,2027-08-19,343,LOW,SIMULATED_REEM_V2,DEVELOPMENT,PROHIBITED
B000554,D0001,400.0,2027-02-13,156,MEDIUM,SIMULATED_REEM_V2,DEVELOPMENT,PROHIBITED
B000555,D0048,414.0,2027-08-22,346,LOW,SIMULATED_REEM_V2,DEVELOPMENT,PROHIBITED
B000556,D0021,426.0,2027-08-26,350,LOW,SIMULATED_REEM_V2,DEVELOPMENT,PROHIBITED
B000557,D0039,53.0,2028-08-25,715,LOW,SIMULATED_REEM_V2,DEVELOPMENT,PROHIBITED
B000558,D0007,162.0,2028-08-25,715,LOW,SIMULATED_REEM_V2,DEVELOPMENT,PROHIBITED
B000559,D0040,50.0,2027-08-28,352,LOW,SIMULATED_REEM_V2,DEVELOPMENT,PROHIBITED
B000560,D0018,426.0,2027-08-30,354,LOW,SIMULATED_REEM_V2,DEVELOPMENT,PROHIBITED
B000561,D0047,52.0,2028-08-31,721,LOW,SIMULATED_REEM_V2,DEVELOPMENT,PROHIBITED
B000562,D0020,50.0,2027-02-27,170,MEDIUM,SIMULATED_REEM_V2,DEVELOPMENT,PROHIBITED
B000563,D0006,108.0,2026-09-05,-5,EXPIRED,SIMULATED_REEM_V2,DEVELOPMENT,PROHIBITED
B000564,D0016,389.0,2026-03-04,-190,EXPIRED,SIMULATED_REEM_V2,DEVELOPMENT,PROHIBITED
B000565,D0050,187.0,2027-03-01,172,MEDIUM,SIMULATED_REEM_V2,DEVELOPMENT,PROHIBITED
B000566,D0032,178.0,2028-09-07,728,LOW,SIMULATED_REEM_V2,DEVELOPMENT,PROHIBITED
B000567,D0027,449.0,2027-03-04,175,MEDIUM,SIMULATED_REEM_V2,DEVELOPMENT,PROHIBITED
B000568,D0026,50.0,2027-09-11,366,LOW,SIMULATED_REEM_V2,DEVELOPMENT,PROHIBITED
B000569,D0034,78.0,2026-09-11,1,CRITICAL,SIMULATED_REEM_V2,DEVELOPMENT,PROHIBITED
B000570,D0029,257.0,2026-09-12,2,CRITICAL,SIMULATED_REEM_V2,DEVELOPMENT,PROHIBITED
B000571,D0014,43.0,2027-09-15,370,LOW,SIMULATED_REEM_V2,DEVELOPMENT,PROHIBITED
B000572,D0024,107.0,2026-09-23,13,CRITICAL,SIMULATED_REEM_V2,DEVELOPMENT,PROHIBITED
B000573,D0005,318.0,2027-09-25,380,LOW,SIMULATED_REEM_V2,DEVELOPMENT,PROHIBITED
B000574,D0031,50.0,2027-09-27,382,LOW,SIMULATED_REEM_V2,DEVELOPMENT,PROHIBITED
B000575,D0046,218.0,2027-03-27,198,LOW,SIMULATED_REEM_V2,DEVELOPMENT,PROHIBITED
B000576,D0042,455.0,2027-10-03,388,LOW,SIMULATED_REEM_V2,DEVELOPMENT,PROHIBITED
B000577,D0008,50.0,2027-03-29,200,LOW,SIMULATED_REEM_V2,DEVELOPMENT,PROHIBITED
B000578,D0011,279.0,2027-10-09,394,LOW,SIMULATED_REEM_V2,DEVELOPMENT,PROHIBITED
B000579,D0035,296.0,2027-10-09,394,LOW,SIMULATED_REEM_V2,DEVELOPMENT,PROHIBITED
B000580,D0010,51.0,2026-10-12,32,HIGH,SIMULATED_REEM_V2,DEVELOPMENT,PROHIBITED
B000581,D0019,50.0,2026-10-13,33,HIGH,SIMULATED_REEM_V2,DEVELOPMENT,PROHIBITED
B000582,D0003,137.0,2026-04-12,-151,EXPIRED,SIMULATED_REEM_V2,DEVELOPMENT,PROHIBITED
B000583,D0041,53.0,2026-04-13,-150,EXPIRED,SIMULATED_REEM_V2,DEVELOPMENT,PROHIBITED
B000584,D0030,56.0,2027-10-17,402,LOW,SIMULATED_REEM_V2,DEVELOPMENT,PROHIBITED
B000585,D0009,319.0,2026-10-18,38,HIGH,SIMULATED_REEM_V2,DEVELOPMENT,PROHIBITED
B000586,D0043,455.0,2026-04-20,-143,EXPIRED,SIMULATED_REEM_V2,DEVELOPMENT,PROHIBITED
B000587,D0017,50.0,2028-10-24,775,LOW,SIMULATED_REEM_V2,DEVELOPMENT,PROHIBITED
B000588,D0038,155.0,2026-04-28,-135,EXPIRED,SIMULATED_REEM_V2,DEVELOPMENT,PROHIBITED
B000589,D0044,50.0,2026-04-29,-134,EXPIRED,SIMULATED_REEM_V2,DEVELOPMENT,PROHIBITED
B000590,D0049,88.0,2027-10-31,416,LOW,SIMULATED_REEM_V2,DEVELOPMENT,PROHIBITED
B000591,D0021,381.0,2027-11-02,418,LOW,SIMULATED_REEM_V2,DEVELOPMENT,PROHIBITED
B000592,D0001,400.0,2027-04-27,229,LOW,SIMULATED_REEM_V2,DEVELOPMENT,PROHIBITED
B000593,D0033,50.0,2026-11-04,55,HIGH,SIMULATED_REEM_V2,DEVELOPMENT,PROHIBITED
B000594,D0048,414.0,2027-11-10,426,LOW,SIMULATED_REEM_V2,DEVELOPMENT,PROHIBITED
B000595,D0018,426.0,2027-11-11,427,LOW,SIMULATED_REEM_V2,DEVELOPMENT,PROHIBITED
B000596,D0027,449.0,2027-05-05,237,LOW,SIMULATED_REEM_V2,DEVELOPMENT,PROHIBITED
B000597,D0037,52.0,2026-05-13,-120,EXPIRED,SIMULATED_REEM_V2,DEVELOPMENT,PROHIBITED
B000598,D0006,108.0,2026-11-16,67,HIGH,SIMULATED_REEM_V2,DEVELOPMENT,PROHIBITED
B000599,D0029,257.0,2026-11-18,69,HIGH,SIMULATED_REEM_V2,DEVELOPMENT,PROHIBITED
B000600,D0007,162.0,2028-11-18,800,LOW,SIMULATED_REEM_V2,DEVELOPMENT,PROHIBITED
B000601,D0039,53.0,2028-11-18,800,LOW,SIMULATED_REEM_V2,DEVELOPMENT,PROHIBITED
B000602,D0016,389.0,2026-05-19,-114,EXPIRED,SIMULATED_REEM_V2,DEVELOPMENT,PROHIBITED
B000603,D0034,95.0,2026-11-25,76,HIGH,SIMULATED_REEM_V2,DEVELOPMENT,PROHIBITED
B000604,D0050,187.0,2027-05-21,253,LOW,SIMULATED_REEM_V2,DEVELOPMENT,PROHIBITED
B000605,D0014,50.0,2027-11-29,445,LOW,SIMULATED_REEM_V2,DEVELOPMENT,PROHIBITED
B000606,D0047,52.0,2028-11-30,812,LOW,SIMULATED_REEM_V2,DEVELOPMENT,PROHIBITED
B000607,D0024,107.0,2026-12-05,86,HIGH,SIMULATED_REEM_V2,DEVELOPMENT,PROHIBITED
B000608,D0009,319.0,2026-12-06,87,HIGH,SIMULATED_REEM_V2,DEVELOPMENT,PROHIBITED
B000609,D0042,455.0,2027-12-06,452,LOW,SIMULATED_REEM_V2,DEVELOPMENT,PROHIBITED
B000610,D0032,178.0,2028-12-08,820,LOW,SIMULATED_REEM_V2,DEVELOPMENT,PROHIBITED
B000611,D0022,43.0,2026-06-09,-93,EXPIRED,SIMULATED_REEM_V2,DEVELOPMENT,PROHIBITED
B000612,D0041,53.0,2026-06-13,-89,EXPIRED,SIMULATED_REEM_V2,DEVELOPMENT,PROHIBITED
B000613,D0005,318.0,2027-12-16,462,LOW,SIMULATED_REEM_V2,DEVELOPMENT,PROHIBITED
B000614,D0011,279.0,2027-12-18,464,LOW,SIMULATED_REEM_V2,DEVELOPMENT,PROHIBITED
B000615,D0010,51.0,2026-12-22,103,MEDIUM,SIMULATED_REEM_V2,DEVELOPMENT,PROHIBITED
B000616,D0043,455.0,2026-06-20,-82,EXPIRED,SIMULATED_REEM_V2,DEVELOPMENT,PROHIBITED
B000617,D0035,296.0,2027-12-23,469,LOW,SIMULATED_REEM_V2,DEVELOPMENT,PROHIBITED
B000618,D0003,137.0,2026-06-22,-80,EXPIRED,SIMULATED_REEM_V2,DEVELOPMENT,PROHIBITED
B000619,D0046,218.0,2027-06-18,281,LOW,SIMULATED_REEM_V2,DEVELOPMENT,PROHIBITED
B000620,D0021,426.0,2027-12-26,472,LOW,SIMULATED_REEM_V2,DEVELOPMENT,PROHIBITED
B000621,D0001,400.0,2027-06-22,285,LOW,SIMULATED_REEM_V2,DEVELOPMENT,PROHIBITED
B000622,D0030,56.0,2027-12-31,477,LOW,SIMULATED_REEM_V2,DEVELOPMENT,PROHIBITED
B000623,D0017,50.0,2028-12-30,842,LOW,SIMULATED_REEM_V2,DEVELOPMENT,PROHIBITED
B000624,D0045,50.0,2029-01-01,844,LOW,SIMULATED_REEM_V2,DEVELOPMENT,PROHIBITED
B000625,D0008,50.0,2027-06-27,290,LOW,SIMULATED_REEM_V2,DEVELOPMENT,PROHIBITED
B000626,D0038,155.0,2026-07-09,-63,EXPIRED,SIMULATED_REEM_V2,DEVELOPMENT,PROHIBITED
B000627,D0049,88.0,2028-01-11,488,LOW,SIMULATED_REEM_V2,DEVELOPMENT,PROHIBITED
B000628,D0029,257.0,2027-01-14,126,MEDIUM,SIMULATED_REEM_V2,DEVELOPMENT,PROHIBITED
B000629,D0037,52.0,2026-07-15,-57,EXPIRED,SIMULATED_REEM_V2,DEVELOPMENT,PROHIBITED
B000630,D0027,449.0,2027-07-12,305,LOW,SIMULATED_REEM_V2,DEVELOPMENT,PROHIBITED
B000631,D0048,389.0,2028-01-20,497,LOW,SIMULATED_REEM_V2,DEVELOPMENT,PROHIBITED
B000632,D0026,50.0,2028-01-20,497,LOW,SIMULATED_REEM_V2,DEVELOPMENT,PROHIBITED
B000633,D0018,426.0,2028-01-20,497,LOW,SIMULATED_REEM_V2,DEVELOPMENT,PROHIBITED
B000634,D0006,108.0,2027-01-21,133,MEDIUM,SIMULATED_REEM_V2,DEVELOPMENT,PROHIBITED
B000635,D0050,187.0,2027-07-15,308,LOW,SIMULATED_REEM_V2,DEVELOPMENT,PROHIBITED
B000636,D0016,389.0,2026-07-21,-51,EXPIRED,SIMULATED_REEM_V2,DEVELOPMENT,PROHIBITED
B000637,D0007,162.0,2029-01-21,864,LOW,SIMULATED_REEM_V2,DEVELOPMENT,PROHIBITED
B000638,D0041,53.0,2026-07-28,-44,EXPIRED,SIMULATED_REEM_V2,DEVELOPMENT,PROHIBITED
B000639,D0039,53.0,2029-01-29,872,LOW,SIMULATED_REEM_V2,DEVELOPMENT,PROHIBITED
B000640,D0034,95.0,2027-01-30,142,MEDIUM,SIMULATED_REEM_V2,DEVELOPMENT,PROHIBITED
B000641,D0042,455.0,2028-02-03,511,LOW,SIMULATED_REEM_V2,DEVELOPMENT,PROHIBITED
B000642,D0009,294.0,2027-02-03,146,MEDIUM,SIMULATED_REEM_V2,DEVELOPMENT,PROHIBITED
B000643,D0047,44.0,2029-02-04,878,LOW,SIMULATED_REEM_V2,DEVELOPMENT,PROHIBITED
B000644,D0005,280.0,2028-02-07,515,LOW,SIMULATED_REEM_V2,DEVELOPMENT,PROHIBITED
B000645,D0032,158.0,2029-02-07,881,LOW,SIMULATED_REEM_V2,DEVELOPMENT,PROHIBITED
B000646,D0024,89.0,2027-02-10,153,MEDIUM,SIMULATED_REEM_V2,DEVELOPMENT,PROHIBITED
B000647,D0040,50.0,2028-02-10,518,LOW,SIMULATED_REEM_V2,DEVELOPMENT,PROHIBITED
B000648,D0014,50.0,2028-02-10,518,LOW,SIMULATED_REEM_V2,DEVELOPMENT,PROHIBITED
B000649,D0022,50.0,2026-08-09,-32,EXPIRED,SIMULATED_REEM_V2,DEVELOPMENT,PROHIBITED
B000650,D0046,218.0,2027-08-06,330,LOW,SIMULATED_REEM_V2,DEVELOPMENT,PROHIBITED
B000651,D0031,50.0,2028-02-13,521,LOW,SIMULATED_REEM_V2,DEVELOPMENT,PROHIBITED
B000652,D0033,50.0,2027-02-13,156,MEDIUM,SIMULATED_REEM_V2,DEVELOPMENT,PROHIBITED
B000653,D0003,137.0,2026-08-15,-26,EXPIRED,SIMULATED_REEM_V2,DEVELOPMENT,PROHIBITED
B000654,D0002,50.0,2028-02-16,524,LOW,SIMULATED_REEM_V2,DEVELOPMENT,PROHIBITED
B000655,D0043,455.0,2026-08-16,-25,EXPIRED,SIMULATED_REEM_V2,DEVELOPMENT,PROHIBITED
B000656,D0001,400.0,2027-08-15,339,LOW,SIMULATED_REEM_V2,DEVELOPMENT,PROHIBITED
B000657,D0021,426.0,2028-02-22,530,LOW,SIMULATED_REEM_V2,DEVELOPMENT,PROHIBITED
B000658,D0010,51.0,2027-02-22,165,MEDIUM,SIMULATED_REEM_V2,DEVELOPMENT,PROHIBITED
B000659,D0011,279.0,2028-02-24,532,LOW,SIMULATED_REEM_V2,DEVELOPMENT,PROHIBITED
B000660,D0049,88.0,2028-02-24,532,LOW,SIMULATED_REEM_V2,DEVELOPMENT,PROHIBITED
B000661,D0030,56.0,2028-02-25,533,LOW,SIMULATED_REEM_V2,DEVELOPMENT,PROHIBITED
B000662,D0035,253.0,2028-02-27,535,LOW,SIMULATED_REEM_V2,DEVELOPMENT,PROHIBITED
B000663,D0029,257.0,2027-03-01,172,MEDIUM,SIMULATED_REEM_V2,DEVELOPMENT,PROHIBITED
B000664,D0038,155.0,2026-08-28,-13,EXPIRED,SIMULATED_REEM_V2,DEVELOPMENT,PROHIBITED
B000665,D0017,50.0,2029-03-03,905,LOW,SIMULATED_REEM_V2,DEVELOPMENT,PROHIBITED
B000666,D0027,449.0,2027-08-27,351,LOW,SIMULATED_REEM_V2,DEVELOPMENT,PROHIBITED
B000667,D0048,414.0,2028-03-06,543,LOW,SIMULATED_REEM_V2,DEVELOPMENT,PROHIBITED
B000668,D0024,107.0,2027-03-10,181,LOW,SIMULATED_REEM_V2,DEVELOPMENT,PROHIBITED
B000669,D0006,108.0,2027-03-14,185,LOW,SIMULATED_REEM_V2,DEVELOPMENT,PROHIBITED
B000670,D0018,426.0,2028-03-14,551,LOW,SIMULATED_REEM_V2,DEVELOPMENT,PROHIBITED
B000671,D0016,389.0,2026-09-11,1,CRITICAL,SIMULATED_REEM_V2,DEVELOPMENT,PROHIBITED
B000672,D0037,45.0,2026-09-12,2,CRITICAL,SIMULATED_REEM_V2,DEVELOPMENT,PROHIBITED
B000673,D0047,52.0,2029-03-17,919,LOW,SIMULATED_REEM_V2,DEVELOPMENT,PROHIBITED
B000674,D0025,50.0,2026-09-15,5,CRITICAL,SIMULATED_REEM_V2,DEVELOPMENT,PROHIBITED
B000675,D0008,50.0,2027-09-10,365,LOW,SIMULATED_REEM_V2,DEVELOPMENT,PROHIBITED
B000676,D0039,53.0,2029-03-18,920,LOW,SIMULATED_REEM_V2,DEVELOPMENT,PROHIBITED
B000677,D0007,162.0,2029-03-19,921,LOW,SIMULATED_REEM_V2,DEVELOPMENT,PROHIBITED
B000678,D0041,47.0,2026-09-16,6,CRITICAL,SIMULATED_REEM_V2,DEVELOPMENT,PROHIBITED
B000679,D0050,161.0,2027-09-13,368,LOW,SIMULATED_REEM_V2,DEVELOPMENT,PROHIBITED
B000680,D0009,319.0,2027-03-26,197,LOW,SIMULATED_REEM_V2,DEVELOPMENT,PROHIBITED
B000681,D0012,50.0,2028-03-26,563,LOW,SIMULATED_REEM_V2,DEVELOPMENT,PROHIBITED
B000682,D0005,318.0,2028-03-26,563,LOW,SIMULATED_REEM_V2,DEVELOPMENT,PROHIBITED
B000683,D0034,95.0,2027-03-28,199,LOW,SIMULATED_REEM_V2,DEVELOPMENT,PROHIBITED
B000684,D0042,455.0,2028-03-27,564,LOW,SIMULATED_REEM_V2,DEVELOPMENT,PROHIBITED
B000685,D0043,455.0,2026-09-24,14,CRITICAL,SIMULATED_REEM_V2,DEVELOPMENT,PROHIBITED
B000686,D0021,426.0,2028-03-28,565,LOW,SIMULATED_REEM_V2,DEVELOPMENT,PROHIBITED
B000687,D0003,137.0,2026-09-27,17,CRITICAL,SIMULATED_REEM_V2,DEVELOPMENT,PROHIBITED
B000688,D0001,400.0,2027-09-24,379,LOW,SIMULATED_REEM_V2,DEVELOPMENT,PROHIBITED
B000689,D0019,50.0,2027-04-03,205,LOW,SIMULATED_REEM_V2,DEVELOPMENT,PROHIBITED
B000690,D0035,296.0,2028-04-02,570,LOW,SIMULATED_REEM_V2,DEVELOPMENT,PROHIBITED
B000691,D0011,279.0,2028-04-03,571,LOW,SIMULATED_REEM_V2,DEVELOPMENT,PROHIBITED
B000692,D0032,178.0,2029-04-04,937,LOW,SIMULATED_REEM_V2,DEVELOPMENT,PROHIBITED
B000693,D0049,88.0,2028-04-06,574,LOW,SIMULATED_REEM_V2,DEVELOPMENT,PROHIBITED
B000694,D0029,257.0,2027-04-08,210,LOW,SIMULATED_REEM_V2,DEVELOPMENT,PROHIBITED
B000695,D0046,218.0,2027-10-02,387,LOW,SIMULATED_REEM_V2,DEVELOPMENT,PROHIBITED
B000696,D0017,50.0,2029-04-10,943,LOW,SIMULATED_REEM_V2,DEVELOPMENT,PROHIBITED
B000697,D0014,47.0,2028-04-13,581,LOW,SIMULATED_REEM_V2,DEVELOPMENT,PROHIBITED
B000698,D0026,50.0,2028-04-15,583,LOW,SIMULATED_REEM_V2,DEVELOPMENT,PROHIBITED
B000699,D0048,414.0,2028-04-17,585,LOW,SIMULATED_REEM_V2,DEVELOPMENT,PROHIBITED
B000700,D0027,449.0,2027-10-13,398,LOW,SIMULATED_REEM_V2,DEVELOPMENT,PROHIBITED
B000701,D0038,133.0,2026-10-20,40,HIGH,SIMULATED_REEM_V2,DEVELOPMENT,PROHIBITED
B000702,D0030,56.0,2028-04-24,592,LOW,SIMULATED_REEM_V2,DEVELOPMENT,PROHIBITED
B000703,D0024,107.0,2027-04-26,228,LOW,SIMULATED_REEM_V2,DEVELOPMENT,PROHIBITED
B000704,D0006,108.0,2027-04-26,228,LOW,SIMULATED_REEM_V2,DEVELOPMENT,PROHIBITED
B000705,D0010,51.0,2027-04-27,229,LOW,SIMULATED_REEM_V2,DEVELOPMENT,PROHIBITED
B000706,D0028,50.0,2027-10-20,405,LOW,SIMULATED_REEM_V2,DEVELOPMENT,PROHIBITED
B000707,D0033,50.0,2027-04-28,230,LOW,SIMULATED_REEM_V2,DEVELOPMENT,PROHIBITED
B000708,D0042,455.0,2028-04-27,595,LOW,SIMULATED_REEM_V2,DEVELOPMENT,PROHIBITED
B000709,D0041,53.0,2026-10-26,46,HIGH,SIMULATED_REEM_V2,DEVELOPMENT,PROHIBITED
B000710,D0016,389.0,2026-10-27,47,HIGH,SIMULATED_REEM_V2,DEVELOPMENT,PROHIBITED
B000711,D0007,162.0,2029-05-01,964,LOW,SIMULATED_REEM_V2,DEVELOPMENT,PROHIBITED
B000712,D0018,426.0,2028-05-03,601,LOW,SIMULATED_REEM_V2,DEVELOPMENT,PROHIBITED
B000713,D0037,52.0,2026-10-31,51,HIGH,SIMULATED_REEM_V2,DEVELOPMENT,PROHIBITED
B000714,D0039,53.0,2029-05-03,966,LOW,SIMULATED_REEM_V2,DEVELOPMENT,PROHIBITED
B000715,D0009,319.0,2027-05-05,237,LOW,SIMULATED_REEM_V2,DEVELOPMENT,PROHIBITED
B000716,D0050,187.0,2027-10-27,412,LOW,SIMULATED_REEM_V2,DEVELOPMENT,PROHIBITED
B000717,D0047,52.0,2029-05-05,968,LOW,SIMULATED_REEM_V2,DEVELOPMENT,PROHIBITED
B000718,D0003,137.0,2026-11-04,55,HIGH,SIMULATED_REEM_V2,DEVELOPMENT,PROHIBITED
B000719,D0044,50.0,2026-11-06,57,HIGH,SIMULATED_REEM_V2,DEVELOPMENT,PROHIBITED
B000720,D0001,364.0,2027-11-02,418,LOW,SIMULATED_REEM_V2,DEVELOPMENT,PROHIBITED
B000721,D0043,455.0,2026-11-07,58,HIGH,SIMULATED_REEM_V2,DEVELOPMENT,PROHIBITED
B000722,D0022,50.0,2026-11-08,59,HIGH,SIMULATED_REEM_V2,DEVELOPMENT,PROHIBITED
B000723,D0034,95.0,2027-05-14,246,LOW,SIMULATED_REEM_V2,DEVELOPMENT,PROHIBITED
B000724,D0008,50.0,2027-11-09,425,LOW,SIMULATED_REEM_V2,DEVELOPMENT,PROHIBITED
B000725,D0011,279.0,2028-05-17,615,LOW,SIMULATED_REEM_V2,DEVELOPMENT,PROHIBITED
B000726,D0021,426.0,2028-05-19,617,LOW,SIMULATED_REEM_V2,DEVELOPMENT,PROHIBITED
B000727,D0032,178.0,2029-05-20,983,LOW,SIMULATED_REEM_V2,DEVELOPMENT,PROHIBITED
B000728,D0049,88.0,2028-05-20,618,LOW,SIMULATED_REEM_V2,DEVELOPMENT,PROHIBITED
B000729,D0029,257.0,2027-05-23,255,LOW,SIMULATED_REEM_V2,DEVELOPMENT,PROHIBITED
B000730,D0038,155.0,2026-11-19,70,HIGH,SIMULATED_REEM_V2,DEVELOPMENT,PROHIBITED
B000731,D0046,218.0,2027-11-16,432,LOW,SIMULATED_REEM_V2,DEVELOPMENT,PROHIBITED
B000732,D0005,318.0,2028-06-02,631,LOW,SIMULATED_REEM_V2,DEVELOPMENT,PROHIBITED
B000733,D0035,296.0,2028-06-04,633,LOW,SIMULATED_REEM_V2,DEVELOPMENT,PROHIBITED
B000734,D0048,414.0,2028-06-04,633,LOW,SIMULATED_REEM_V2,DEVELOPMENT,PROHIBITED
B000735,D0040,50.0,2028-06-06,635,LOW,SIMULATED_REEM_V2,DEVELOPMENT,PROHIBITED
B000736,D0027,372.0,2027-11-29,445,LOW,SIMULATED_REEM_V2,DEVELOPMENT,PROHIBITED
B000737,D0017,50.0,2029-06-07,1001,LOW,SIMULATED_REEM_V2,DEVELOPMENT,PROHIBITED
B000738,D0014,50.0,2028-06-08,637,LOW,SIMULATED_REEM_V2,DEVELOPMENT,PROHIBITED
B000739,D0024,107.0,2027-06-09,272,LOW,SIMULATED_REEM_V2,DEVELOPMENT,PROHIBITED
B000740,D0031,50.0,2028-06-11,640,LOW,SIMULATED_REEM_V2,DEVELOPMENT,PROHIBITED
B000741,D0010,51.0,2027-06-12,275,LOW,SIMULATED_REEM_V2,DEVELOPMENT,PROHIBITED
B000742,D0041,53.0,2026-12-09,90,HIGH,SIMULATED_REEM_V2,DEVELOPMENT,PROHIBITED
B000743,D0001,400.0,2027-12-04,450,LOW,SIMULATED_REEM_V2,DEVELOPMENT,PROHIBITED
B000744,D0042,455.0,2028-06-11,640,LOW,SIMULATED_REEM_V2,DEVELOPMENT,PROHIBITED
B000745,D0016,389.0,2026-12-13,94,MEDIUM,SIMULATED_REEM_V2,DEVELOPMENT,PROHIBITED
B000746,D0030,48.0,2028-06-17,646,LOW,SIMULATED_REEM_V2,DEVELOPMENT,PROHIBITED
B000747,D0007,162.0,2029-06-17,1011,LOW,SIMULATED_REEM_V2,DEVELOPMENT,PROHIBITED
B000748,D0009,319.0,2027-06-22,285,LOW,SIMULATED_REEM_V2,DEVELOPMENT,PROHIBITED
B000749,D0006,108.0,2027-06-24,287,LOW,SIMULATED_REEM_V2,DEVELOPMENT,PROHIBITED
B000750,D0003,137.0,2026-12-22,103,MEDIUM,SIMULATED_REEM_V2,DEVELOPMENT,PROHIBITED
B000751,D0050,187.0,2027-12-19,465,LOW,SIMULATED_REEM_V2,DEVELOPMENT,PROHIBITED
B000752,D0018,426.0,2028-06-28,657,LOW,SIMULATED_REEM_V2,DEVELOPMENT,PROHIBITED
B000753,D0045,50.0,2029-07-04,1028,LOW,SIMULATED_REEM_V2,DEVELOPMENT,PROHIBITED
B000754,D0039,53.0,2029-07-06,1030,LOW,SIMULATED_REEM_V2,DEVELOPMENT,PROHIBITED
B000755,D0043,421.0,2027-01-03,115,MEDIUM,SIMULATED_REEM_V2,DEVELOPMENT,PROHIBITED
B000756,D0029,257.0,2027-07-07,300,LOW,SIMULATED_REEM_V2,DEVELOPMENT,PROHIBITED
B000757,D0034,95.0,2027-07-08,301,LOW,SIMULATED_REEM_V2,DEVELOPMENT,PROHIBITED
B000758,D0021,426.0,2028-07-09,668,LOW,SIMULATED_REEM_V2,DEVELOPMENT,PROHIBITED
B000759,D0047,52.0,2029-07-09,1033,LOW,SIMULATED_REEM_V2,DEVELOPMENT,PROHIBITED
B000760,D0037,52.0,2027-01-06,118,MEDIUM,SIMULATED_REEM_V2,DEVELOPMENT,PROHIBITED
B000761,D0027,449.0,2028-01-04,481,LOW,SIMULATED_REEM_V2,DEVELOPMENT,PROHIBITED
B000762,D0049,88.0,2028-07-15,674,LOW,SIMULATED_REEM_V2,DEVELOPMENT,PROHIBITED
B000763,D0022,50.0,2027-01-13,125,MEDIUM,SIMULATED_REEM_V2,DEVELOPMENT,PROHIBITED
B000764,D0026,50.0,2028-07-16,675,LOW,SIMULATED_REEM_V2,DEVELOPMENT,PROHIBITED
B000765,D0046,218.0,2028-01-11,488,LOW,SIMULATED_REEM_V2,DEVELOPMENT,PROHIBITED
B000766,D0008,50.0,2028-01-11,488,LOW,SIMULATED_REEM_V2,DEVELOPMENT,PROHIBITED
B000767,D0011,279.0,2028-07-20,679,LOW,SIMULATED_REEM_V2,DEVELOPMENT,PROHIBITED
B000768,D0033,50.0,2027-07-22,315,LOW,SIMULATED_REEM_V2,DEVELOPMENT,PROHIBITED
B000769,D0038,155.0,2027-01-18,130,MEDIUM,SIMULATED_REEM_V2,DEVELOPMENT,PROHIBITED
B000770,D0032,178.0,2029-07-24,1048,LOW,SIMULATED_REEM_V2,DEVELOPMENT,PROHIBITED
B000771,D0005,318.0,2028-07-25,684,LOW,SIMULATED_REEM_V2,DEVELOPMENT,PROHIBITED
B000772,D0035,296.0,2028-07-27,686,LOW,SIMULATED_REEM_V2,DEVELOPMENT,PROHIBITED
B000773,D0024,107.0,2027-07-30,323,LOW,SIMULATED_REEM_V2,DEVELOPMENT,PROHIBITED
B000774,D0041,53.0,2027-01-29,141,MEDIUM,SIMULATED_REEM_V2,DEVELOPMENT,PROHIBITED
B000775,D0010,51.0,2027-08-05,329,LOW,SIMULATED_REEM_V2,DEVELOPMENT,PROHIBITED
B000776,D0001,322.0,2028-01-29,506,LOW,SIMULATED_REEM_V2,DEVELOPMENT,PROHIBITED
B000777,D0016,335.0,2027-02-07,150,MEDIUM,SIMULATED_REEM_V2,DEVELOPMENT,PROHIBITED
B000778,D0017,46.0,2029-08-11,1066,LOW,SIMULATED_REEM_V2,DEVELOPMENT,PROHIBITED
B000779,D0013,50.0,2027-08-12,336,LOW,SIMULATED_REEM_V2,DEVELOPMENT,PROHIBITED
B000780,D0048,414.0,2028-08-12,702,LOW,SIMULATED_REEM_V2,DEVELOPMENT,PROHIBITED
B000781,D0042,455.0,2028-08-13,703,LOW,SIMULATED_REEM_V2,DEVELOPMENT,PROHIBITED
B000782,D0007,162.0,2029-08-16,1071,LOW,SIMULATED_REEM_V2,DEVELOPMENT,PROHIBITED
B000783,D0030,56.0,2028-08-17,707,LOW,SIMULATED_REEM_V2,DEVELOPMENT,PROHIBITED
B000784,D0009,319.0,2027-08-23,347,LOW,SIMULATED_REEM_V2,DEVELOPMENT,PROHIBITED
B000785,D0006,88.0,2027-08-24,348,LOW,SIMULATED_REEM_V2,DEVELOPMENT,PROHIBITED
B000786,D0014,50.0,2028-08-28,718,LOW,SIMULATED_REEM_V2,DEVELOPMENT,PROHIBITED
B000787,D0003,137.0,2027-02-25,168,MEDIUM,SIMULATED_REEM_V2,DEVELOPMENT,PROHIBITED
B000788,D0043,388.0,2027-03-02,173,MEDIUM,SIMULATED_REEM_V2,DEVELOPMENT,PROHIBITED
B000789,D0039,49.0,2029-09-03,1089,LOW,SIMULATED_REEM_V2,DEVELOPMENT,PROHIBITED
B000790,D0021,426.0,2028-09-04,725,LOW,SIMULATED_REEM_V2,DEVELOPMENT,PROHIBITED
B000791,D0050,187.0,2028-02-29,537,LOW,SIMULATED_REEM_V2,DEVELOPMENT,PROHIBITED
B000792,D0029,257.0,2027-09-08,363,LOW,SIMULATED_REEM_V2,DEVELOPMENT,PROHIBITED
